scenario_id,N,phase2_fraction,r2_a_marker,r2_y_marker,theta_true,method,mean_weight_min,mean_weight_p99,mean_weight_max,mean_weight_cv,p95_weight_cv,mean_weight_ess,min_weight_ess
1,500,0.25,0.01,0,0,AIPW,2.471876970256533,7.4336401678593855,8.29274380154494,0.27057344312260834,0.4256587315609568,115.57400262024774,57.318996784899184
1,500,0.25,0.01,0,0,IPW,2.471876970256533,7.4336401678593855,8.29274380154494,0.27057344312260834,0.4256587315609568,115.57400262024774,57.318996784899184
2,500,0.5,0.01,0,0,AIPW,1.4916925035374071,2.9958881124300283,3.3069652075774427,0.1624183089555698,0.245278864366495,243.0140427211528,199.17585672838837
2,500,0.5,0.01,0,0,IPW,1.4916925035374071,2.9958881124300283,3.3069652075774427,0.1624183089555698,0.245278864366495,243.0140427211528,199.17585672838837
3,500,0.65,0.01,0,0,AIPW,1.2509314241887528,2.0860843473293564,2.270376801647794,0.11689426963495347,0.17810017806835277,320.36439480350236,276.6150865478008
3,500,0.65,0.01,0,0,IPW,1.2509314241887528,2.0860843473293564,2.270376801647794,0.11689426963495347,0.17810017806835277,320.36439480350236,276.6150865478008
4,800,0.25,0.01,0,0,AIPW,2.556452820724533,6.934573818711828,7.761534820088976,0.23670268377430417,0.3457325124509092,188.67684775220496,138.03344033913305
4,800,0.25,0.01,0,0,IPW,2.556452820724533,6.934573818711828,7.761534820088976,0.23670268377430417,0.3457325124509092,188.67684775220496,138.03344033913305
5,800,0.5,0.01,0,0,AIPW,1.513972642261736,2.915310305107752,3.2216343760581863,0.14975608312586103,0.2092464301139222,390.311709076847,327.2387739293399
5,800,0.5,0.01,0,0,IPW,1.513972642261736,2.915310305107752,3.2216343760581863,0.14975608312586103,0.2092464301139222,390.311709076847,327.2387739293399
6,800,0.65,0.01,0,0,AIPW,1.2675145842201097,2.026335594791955,2.2088624248957824,0.10539611203423416,0.14960568805979774,514.3912560293137,466.7764546105263
6,800,0.65,0.01,0,0,IPW,1.2675145842201097,2.026335594791955,2.2088624248957824,0.10539611203423416,0.14960568805979774,514.3912560293137,466.7764546105263
7,1500,0.25,0.01,0,0,AIPW,2.6331318279004137,6.615116805704951,7.459478622879195,0.21198466119831172,0.2943095978312493,358.2085875638132,287.41158207614063
7,1500,0.25,0.01,0,0,IPW,2.6331318279004137,6.615116805704951,7.459478622879195,0.21198466119831172,0.2943095978312493,358.2085875638132,287.41158207614063
8,1500,0.5,0.01,0,0,AIPW,1.5391181308095774,2.825031186189015,3.142543106887336,0.13570032858753195,0.18298672768466795,735.0425608532087,664.5796785445815
8,1500,0.5,0.01,0,0,IPW,1.5391181308095774,2.825031186189015,3.142543106887336,0.13570032858753195,0.18298672768466795,735.0425608532087,664.5796785445815
9,1500,0.65,0.01,0,0,AIPW,1.279912977405127,1.9838233674753016,2.168243223398161,0.09661248661517496,0.1310334700293644,966.1081136258684,898.6536142715746
9,1500,0.65,0.01,0,0,IPW,1.279912977405127,1.9838233674753016,2.168243223398161,0.09661248661517496,0.1310334700293644,966.1081136258684,898.6536142715746
10,500,0.25,0.01,0.02,0,AIPW,2.466876482129093,7.3453712153731745,8.206684389418923,0.268536959441973,0.4144791820127397,116.59176804320916,69.59126459393761
10,500,0.25,0.01,0.02,0,IPW,2.466876482129093,7.3453712153731745,8.206684389418923,0.268536959441973,0.4144791820127397,116.59176804320916,69.59126459393761
11,500,0.5,0.01,0.02,0,AIPW,1.486279207061093,3.028589270891811,3.3507024783086865,0.1658928039695805,0.242353680226862,242.3131381057449,200.0123596874184
11,500,0.5,0.01,0.02,0,IPW,1.486279207061093,3.028589270891811,3.3507024783086865,0.1658928039695805,0.242353680226862,242.3131381057449,200.0123596874184
12,500,0.65,0.01,0.02,0,AIPW,1.2523904712009115,2.0840545093015845,2.2709411085605486,0.11658445060528964,0.17244069820003893,320.48786358255944,283.4057601855094
12,500,0.65,0.01,0.02,0,IPW,1.2523904712009115,2.0840545093015845,2.2709411085605486,0.11658445060528964,0.17244069820003893,320.48786358255944,283.4057601855094
13,800,0.25,0.01,0.02,0,AIPW,2.54516221680539,6.927814485452829,7.776345031653784,0.2374184835041785,0.35159297951172735,189.21575675271072,147.03558722920968
13,800,0.25,0.01,0.02,0,IPW,2.54516221680539,6.927814485452829,7.776345031653784,0.2374184835041785,0.35159297951172735,189.21575675271072,147.03558722920968
14,800,0.5,0.01,0.02,0,AIPW,1.517878995647476,2.903542561890281,3.2098900141408144,0.14826234345525896,0.21234969118972347,390.7114326805793,339.94968958297477
14,800,0.5,0.01,0.02,0,IPW,1.517878995647476,2.903542561890281,3.2098900141408144,0.14826234345525896,0.21234969118972347,390.7114326805793,339.94968958297477
15,800,0.65,0.01,0.02,0,AIPW,1.2644136717104946,2.0318863394515687,2.2210659393575365,0.1063658019052431,0.15430776705126864,514.0304810166783,464.6379269833087
15,800,0.65,0.01,0.02,0,IPW,1.2644136717104946,2.0318863394515687,2.2210659393575365,0.1063658019052431,0.15430776705126864,514.0304810166783,464.6379269833087
16,1500,0.25,0.01,0.02,0,AIPW,2.629779991006958,6.588674036323141,7.436985464086414,0.21087184473963633,0.29410125952912547,358.6080864919321,297.0092110361501
16,1500,0.25,0.01,0.02,0,IPW,2.629779991006958,6.588674036323141,7.436985464086414,0.21087184473963633,0.29410125952912547,358.6080864919321,297.0092110361501
17,1500,0.5,0.01,0.02,0,AIPW,1.533338288033835,2.8255375322713143,3.1470432569985776,0.13636345769500563,0.18252628848025815,736.0727321581079,666.9638747329218
17,1500,0.5,0.01,0.02,0,IPW,1.533338288033835,2.8255375322713143,3.1470432569985776,0.13636345769500563,0.18252628848025815,736.0727321581079,666.9638747329218
18,1500,0.65,0.01,0.02,0,AIPW,1.2815705391897905,1.9810668764688304,2.165752848864842,0.0959301607784362,0.13102770875475972,965.7305152238504,896.3671789853669
18,1500,0.65,0.01,0.02,0,IPW,1.2815705391897905,1.9810668764688304,2.165752848864842,0.0959301607784362,0.13102770875475972,965.7305152238504,896.3671789853669
19,500,0.25,0.01,0.05,0,AIPW,2.4727699288690017,7.35720800123876,8.186848809996222,0.26753224259532926,0.4175486151740111,116.223722122878,59.08887024412939
19,500,0.25,0.01,0.05,0,IPW,2.4727699288690017,7.35720800123876,8.186848809996222,0.26753224259532926,0.4175486151740111,116.223722122878,59.08887024412939
20,500,0.5,0.01,0.05,0,AIPW,1.4865759511891574,3.0066894821043704,3.3196727166763376,0.16441137994538788,0.24235139448229903,242.8076221218496,196.38581900741448
20,500,0.5,0.01,0.05,0,IPW,1.4865759511891574,3.0066894821043704,3.3196727166763376,0.16441137994538788,0.24235139448229903,242.8076221218496,196.38581900741448
21,500,0.65,0.01,0.05,0,AIPW,1.2501215856233492,2.0917133469523064,2.2863397612082945,0.11801776251662402,0.1731390275497437,320.44343707008056,277.03208846510296
21,500,0.65,0.01,0.05,0,IPW,1.2501215856233492,2.0917133469523064,2.2863397612082945,0.11801776251662402,0.1731390275497437,320.44343707008056,277.03208846510296
22,800,0.25,0.01,0.05,0,AIPW,2.558108429613855,6.917162468062742,7.719958939974811,0.2360767869492535,0.3470762582636264,189.1243389097782,145.93554698119027
22,800,0.25,0.01,0.05,0,IPW,2.558108429613855,6.917162468062742,7.719958939974811,0.2360767869492535,0.3470762582636264,189.1243389097782,145.93554698119027
23,800,0.5,0.01,0.05,0,AIPW,1.513285543694205,2.8986231744985984,3.211033898952399,0.14816237761119908,0.21100855323493903,391.2055450090662,334.7432003062503
23,800,0.5,0.01,0.05,0,IPW,1.513285543694205,2.8986231744985984,3.211033898952399,0.14816237761119908,0.21100855323493903,391.2055450090662,334.7432003062503
24,800,0.65,0.01,0.05,0,AIPW,1.2653679184155395,2.036063564732748,2.225106496540999,0.10678244240863764,0.1535417415360893,513.6248134470358,464.9294858567613
24,800,0.65,0.01,0.05,0,IPW,1.2653679184155395,2.036063564732748,2.225106496540999,0.10678244240863764,0.1535417415360893,513.6248134470358,464.9294858567613
25,1500,0.25,0.01,0.05,0,AIPW,2.621338253758173,6.577467585332839,7.446693177242153,0.2112738108358664,0.29176936845105667,358.58173289299975,306.22986349320377
25,1500,0.25,0.01,0.05,0,IPW,2.621338253758173,6.577467585332839,7.446693177242153,0.2112738108358664,0.29176936845105667,358.58173289299975,306.22986349320377
26,1500,0.5,0.01,0.05,0,AIPW,1.5350290816644294,2.8188991067753824,3.127983434089206,0.1354466228051062,0.1811970343239605,736.1995106965609,665.9663051869803
26,1500,0.5,0.01,0.05,0,IPW,1.5350290816644294,2.8188991067753824,3.127983434089206,0.1354466228051062,0.1811970343239605,736.1995106965609,665.9663051869803
27,1500,0.65,0.01,0.05,0,AIPW,1.279486494670507,1.98470737128041,2.168230437433367,0.09660439682956808,0.12921117974804872,965.565151787682,896.5842863346218
27,1500,0.65,0.01,0.05,0,IPW,1.279486494670507,1.98470737128041,2.168230437433367,0.09660439682956808,0.12921117974804872,965.565151787682,896.5842863346218
28,500,0.25,0.01,0.1,0,AIPW,2.4576792434204635,7.391200177700415,8.227154819098274,0.27007063849918184,0.4210798287146038,116.21874665128414,80.42464154408964
28,500,0.25,0.01,0.1,0,IPW,2.4576792434204635,7.391200177700415,8.227154819098274,0.27007063849918184,0.4210798287146038,116.21874665128414,80.42464154408964
29,500,0.5,0.01,0.1,0,AIPW,1.486673043412593,3.022599526127584,3.3321902786935484,0.1654940508463934,0.2476528264543073,242.7808820596016,200.95725594501823
29,500,0.5,0.01,0.1,0,IPW,1.486673043412593,3.022599526127584,3.3321902786935484,0.1654940508463934,0.2476528264543073,242.7808820596016,200.95725594501823
30,500,0.65,0.01,0.1,0,AIPW,1.250061654557022,2.095362867657289,2.288468519838854,0.11819332766717804,0.17658657146060577,320.00474855203504,282.79920414707925
30,500,0.65,0.01,0.1,0,IPW,1.250061654557022,2.095362867657289,2.288468519838854,0.11819332766717804,0.17658657146060577,320.00474855203504,282.79920414707925
31,800,0.25,0.01,0.1,0,AIPW,2.558063877952425,6.91036628015712,7.714156990231938,0.23586597590873443,0.3481247765280521,188.9794985828359,142.17999999941648
31,800,0.25,0.01,0.1,0,IPW,2.558063877952425,6.91036628015712,7.714156990231938,0.23586597590873443,0.3481247765280521,188.9794985828359,142.17999999941648
32,800,0.5,0.01,0.1,0,AIPW,1.512881662463219,2.9062796167056617,3.225264504020531,0.14876843925339597,0.2144878506783662,390.7340140835327,329.3417667750314
32,800,0.5,0.01,0.1,0,IPW,1.512881662463219,2.9062796167056617,3.225264504020531,0.14876843925339597,0.2144878506783662,390.7340140835327,329.3417667750314
33,800,0.65,0.01,0.1,0,AIPW,1.2668042171892395,2.0262557003395556,2.214373646525437,0.10488265016168996,0.14946753385486974,514.0666631343436,461.4534505362523
33,800,0.65,0.01,0.1,0,IPW,1.2668042171892395,2.0262557003395556,2.214373646525437,0.10488265016168996,0.14946753385486974,514.0666631343436,461.4534505362523
34,1500,0.25,0.01,0.1,0,AIPW,2.6269926362958635,6.570930254652861,7.421561688070542,0.2101860938902519,0.2914187008699624,358.76992378742017,299.33812147034206
34,1500,0.25,0.01,0.1,0,IPW,2.6269926362958635,6.570930254652861,7.421561688070542,0.2101860938902519,0.2914187008699624,358.76992378742017,299.33812147034206
35,1500,0.5,0.01,0.1,0,AIPW,1.5324307741681944,2.821032096050609,3.1387935617086513,0.13610488497874706,0.18146763063410257,736.3053994834931,657.5531590776524
35,1500,0.5,0.01,0.1,0,IPW,1.5324307741681944,2.821032096050609,3.1387935617086513,0.13610488497874706,0.18146763063410257,736.3053994834931,657.5531590776524
36,1500,0.65,0.01,0.1,0,AIPW,1.2799054520595752,1.984819302706883,2.1629380710778774,0.09676811451422594,0.1297875269750719,966.0441556541526,904.4073545723948
36,1500,0.65,0.01,0.1,0,IPW,1.2799054520595752,1.984819302706883,2.1629380710778774,0.09676811451422594,0.1297875269750719,966.0441556541526,904.4073545723948
37,500,0.25,0.05,0,0,AIPW,2.4495701715706,7.286486708968035,8.152998890424195,0.26647802476576815,0.4092562859953726,116.64978421571551,76.86411357641634
37,500,0.25,0.05,0,0,IPW,2.4495701715706,7.286486708968035,8.152998890424195,0.26647802476576815,0.4092562859953726,116.64978421571551,76.86411357641634
38,500,0.5,0.05,0,0,AIPW,1.4910393884999074,3.000076465687624,3.3176092702435676,0.16286656296544788,0.24257978615073075,242.8637289820212,202.73510641753705
38,500,0.5,0.05,0,0,IPW,1.4910393884999074,3.000076465687624,3.3176092702435676,0.16286656296544788,0.24257978615073075,242.8637289820212,202.73510641753705
39,500,0.65,0.05,0,0,AIPW,1.2485478765524716,2.0860935685306017,2.2818315307685744,0.11709536111776032,0.1779055781232951,320.6245355070625,279.74194806042675
39,500,0.65,0.05,0,0,IPW,1.2485478765524716,2.0860935685306017,2.2818315307685744,0.11709536111776032,0.1779055781232951,320.6245355070625,279.74194806042675
40,800,0.25,0.05,0,0,AIPW,2.544797722473632,6.904164635576854,7.732558427132387,0.2351099446564496,0.3485044536729111,189.11517382116384,147.40345971976367
40,800,0.25,0.05,0,0,IPW,2.544797722473632,6.904164635576854,7.732558427132387,0.2351099446564496,0.3485044536729111,189.11517382116384,147.40345971976367
41,800,0.5,0.05,0,0,AIPW,1.5139616226262882,2.9044792302899376,3.2183739204983826,0.1486479073969856,0.21301200029882317,390.6445964388478,339.3972053585081
41,800,0.5,0.05,0,0,IPW,1.5139616226262882,2.9044792302899376,3.2183739204983826,0.1486479073969856,0.21301200029882317,390.6445964388478,339.3972053585081
42,800,0.65,0.05,0,0,AIPW,1.2687717833865313,2.026119628409606,2.207580449338513,0.10486995428878328,0.15094104342031228,514.0265473903415,471.3980718121833
42,800,0.65,0.05,0,0,IPW,1.2687717833865313,2.026119628409606,2.207580449338513,0.10486995428878328,0.15094104342031228,514.0265473903415,471.3980718121833
43,1500,0.25,0.05,0,0,AIPW,2.6271114090518513,6.5610928833418996,7.422074021715188,0.21037739258495075,0.2920380871464789,359.5353652524509,293.9601499805835
43,1500,0.25,0.05,0,0,IPW,2.6271114090518513,6.5610928833418996,7.422074021715188,0.21037739258495075,0.2920380871464789,359.5353652524509,293.9601499805835
44,1500,0.5,0.05,0,0,AIPW,1.5378376089077337,2.818523372304584,3.1330271813764634,0.13512258035568117,0.1804982071178127,735.2501269397541,664.7275565640002
44,1500,0.5,0.05,0,0,IPW,1.5378376089077337,2.818523372304584,3.1330271813764634,0.13512258035568117,0.1804982071178127,735.2501269397541,664.7275565640002
45,1500,0.65,0.05,0,0,AIPW,1.2832063984541553,1.9806507142351464,2.1626902930034215,0.09560422522189332,0.13110361337792945,965.510433435333,903.272580723792
45,1500,0.65,0.05,0,0,IPW,1.2832063984541553,1.9806507142351464,2.1626902930034215,0.09560422522189332,0.13110361337792945,965.510433435333,903.272580723792
46,500,0.25,0.05,0.02,0,AIPW,2.4680767280058853,7.422517447078304,8.288579680079437,0.27076606372276857,0.4295314900748074,116.060312944905,49.350950188817635
46,500,0.25,0.05,0.02,0,IPW,2.4680767280058853,7.422517447078304,8.288579680079437,0.27076606372276857,0.4295314900748074,116.060312944905,49.350950188817635
47,500,0.5,0.05,0.02,0,AIPW,1.485539492147206,3.0048700024822455,3.321335975511863,0.16467824818315574,0.2446547779612117,243.2536765401583,200.8897058489084
47,500,0.5,0.05,0.02,0,IPW,1.485539492147206,3.0048700024822455,3.321335975511863,0.16467824818315574,0.2446547779612117,243.2536765401583,200.8897058489084
48,500,0.65,0.05,0.02,0,AIPW,1.254084422023404,2.0827770832473864,2.2782111021568165,0.11585374994840636,0.17621864242503552,320.53722196613063,282.4502797322933
48,500,0.65,0.05,0.02,0,IPW,1.254084422023404,2.0827770832473864,2.2782111021568165,0.11585374994840636,0.17621864242503552,320.53722196613063,282.4502797322933
49,800,0.25,0.05,0.02,0,AIPW,2.5508641625398316,6.933631481895377,7.779576304025672,0.2377767623940379,0.3527990377665574,189.00841119654245,144.3588228734452
49,800,0.25,0.05,0.02,0,IPW,2.5508641625398316,6.933631481895377,7.779576304025672,0.2377767623940379,0.3527990377665574,189.00841119654245,144.3588228734452
50,800,0.5,0.05,0.02,0,AIPW,1.5154624349528731,2.8941625573026033,3.201915345628197,0.1476207714003644,0.20883941478063503,390.86113094907387,337.9939614013599
50,800,0.5,0.05,0.02,0,IPW,1.5154624349528731,2.8941625573026033,3.201915345628197,0.1476207714003644,0.20883941478063503,390.86113094907387,337.9939614013599
51,800,0.65,0.05,0.02,0,AIPW,1.2671214357081324,2.0359635661696776,2.223348105852216,0.10643206358920322,0.15185442338393285,513.449081426801,462.8872041205562
51,800,0.65,0.05,0.02,0,IPW,1.2671214357081324,2.0359635661696776,2.223348105852216,0.10643206358920322,0.15185442338393285,513.449081426801,462.8872041205562
52,1500,0.25,0.05,0.02,0,AIPW,2.629971637634842,6.578577418526735,7.423643516031643,0.21071070025278615,0.2902458999743446,358.8916940792539,298.0470185607335
52,1500,0.25,0.05,0.02,0,IPW,2.629971637634842,6.578577418526735,7.423643516031643,0.21071070025278615,0.2902458999743446,358.8916940792539,298.0470185607335
53,1500,0.5,0.05,0.02,0,AIPW,1.5350429940398276,2.8222546502594703,3.1352854900804634,0.13615915501430753,0.1808559392626552,736.0156398513868,657.840053621636
53,1500,0.5,0.05,0.02,0,IPW,1.5350429940398276,2.8222546502594703,3.1352854900804634,0.13615915501430753,0.1808559392626552,736.0156398513868,657.840053621636
54,1500,0.65,0.05,0.02,0,AIPW,1.2812099191868769,1.984240233418078,2.1644382416427828,0.0964317047985581,0.1293246506211566,965.9094125842568,908.6806990748688
54,1500,0.65,0.05,0.02,0,IPW,1.2812099191868769,1.984240233418078,2.1644382416427828,0.0964317047985581,0.1293246506211566,965.9094125842568,908.6806990748688
55,500,0.25,0.05,0.05,0,AIPW,2.450409946919084,7.398340884955789,8.246956076846768,0.27115693278828545,0.4205056232911436,116.21282809595093,68.60311889098848
55,500,0.25,0.05,0.05,0,IPW,2.450409946919084,7.398340884955789,8.246956076846768,0.27115693278828545,0.4205056232911436,116.21282809595093,68.60311889098848
56,500,0.5,0.05,0.05,0,AIPW,1.486149685312439,3.000459542976621,3.3145511645334564,0.1639018117909924,0.24617752317269784,243.57906307267675,188.57952778605963
56,500,0.5,0.05,0.05,0,IPW,1.486149685312439,3.000459542976621,3.3145511645334564,0.1639018117909924,0.24617752317269784,243.57906307267675,188.57952778605963
57,500,0.65,0.05,0.05,0,AIPW,1.251033105134146,2.08000619296766,2.268097799735827,0.11621215328001663,0.1726694582482969,320.4885661071993,281.775350974462
57,500,0.65,0.05,0.05,0,IPW,1.251033105134146,2.08000619296766,2.268097799735827,0.11621215328001663,0.1726694582482969,320.4885661071993,281.775350974462
58,800,0.25,0.05,0.05,0,AIPW,2.5484196038560647,6.913982681981588,7.744696091946961,0.23549576593946597,0.3451772905430699,188.93633329988785,137.56269580580823
58,800,0.25,0.05,0.05,0,IPW,2.5484196038560647,6.913982681981588,7.744696091946961,0.23549576593946597,0.3451772905430699,188.93633329988785,137.56269580580823
59,800,0.5,0.05,0.05,0,AIPW,1.5158870464919163,2.900081572459144,3.2111039508559367,0.14776808714575312,0.21358723512927733,390.8572245802196,343.4699782555705
59,800,0.5,0.05,0.05,0,IPW,1.5158870464919163,2.900081572459144,3.2111039508559367,0.14776808714575312,0.21358723512927733,390.8572245802196,343.4699782555705
60,800,0.65,0.05,0.05,0,AIPW,1.266703024490173,2.0341214587956835,2.224232920112756,0.10666539431669164,0.15489291231164112,513.9542427705271,455.2033348961305
60,800,0.65,0.05,0.05,0,IPW,1.266703024490173,2.0341214587956835,2.224232920112756,0.10666539431669164,0.15489291231164112,513.9542427705271,455.2033348961305
61,1500,0.25,0.05,0.05,0,AIPW,2.625389523120223,6.594740590201599,7.458363950581893,0.2112974353266543,0.2912000976157739,358.70838368455026,289.0596680795045
61,1500,0.25,0.05,0.05,0,IPW,2.625389523120223,6.594740590201599,7.458363950581893,0.2112974353266543,0.2912000976157739,358.70838368455026,289.0596680795045
62,1500,0.5,0.05,0.05,0,AIPW,1.5320531099071348,2.8176129402054646,3.137779133271667,0.13577159273968362,0.1805951432764497,736.2863912054014,674.6062510353929
62,1500,0.5,0.05,0.05,0,IPW,1.5320531099071348,2.8176129402054646,3.137779133271667,0.13577159273968362,0.1805951432764497,736.2863912054014,674.6062510353929
63,1500,0.65,0.05,0.05,0,AIPW,1.2796448011695574,1.9867745071543697,2.173324820445426,0.0969641385380044,0.13065567630237343,965.730568001161,901.9905609858506
63,1500,0.65,0.05,0.05,0,IPW,1.2796448011695574,1.9867745071543697,2.173324820445426,0.0969641385380044,0.13065567630237343,965.730568001161,901.9905609858506
64,500,0.25,0.05,0.1,0,AIPW,2.466952641578073,7.352845776141352,8.232136520315349,0.2685032322056277,0.41503694738258307,116.18064536549204,68.15263807787107
64,500,0.25,0.05,0.1,0,IPW,2.466952641578073,7.352845776141352,8.232136520315349,0.2685032322056277,0.41503694738258307,116.18064536549204,68.15263807787107
65,500,0.5,0.05,0.1,0,AIPW,1.4891789057536378,2.9954741537331606,3.3075888299638265,0.1626586504684379,0.24512279384325375,243.50450892078928,199.79533160701524
65,500,0.5,0.05,0.1,0,IPW,1.4891789057536378,2.9954741537331606,3.3075888299638265,0.1626586504684379,0.24512279384325375,243.50450892078928,199.79533160701524
66,500,0.65,0.05,0.1,0,AIPW,1.252032320026908,2.094110732213431,2.289209150813896,0.1179577967771262,0.1768479922307259,320.19408101003813,284.18343889409726
66,500,0.65,0.05,0.1,0,IPW,1.252032320026908,2.094110732213431,2.289209150813896,0.1179577967771262,0.1768479922307259,320.19408101003813,284.18343889409726
67,800,0.25,0.05,0.1,0,AIPW,2.5432380422487832,6.950772531840754,7.767820899959148,0.23802330653974949,0.35065834808585183,188.8546208059809,139.11424032506238
67,800,0.25,0.05,0.1,0,IPW,2.5432380422487832,6.950772531840754,7.767820899959148,0.23802330653974949,0.35065834808585183,188.8546208059809,139.11424032506238
68,800,0.5,0.05,0.1,0,AIPW,1.5152986712174246,2.902830869792343,3.218475216361001,0.14859247724196056,0.21618523436754017,390.9180330141529,329.1149881034083
68,800,0.5,0.05,0.1,0,IPW,1.5152986712174246,2.902830869792343,3.218475216361001,0.14859247724196056,0.21618523436754017,390.9180330141529,329.1149881034083
69,800,0.65,0.05,0.1,0,AIPW,1.26677140075114,2.032300658947275,2.2132825481975806,0.10601333350389842,0.15198752039623706,513.7266193944471,457.023864182683
69,800,0.65,0.05,0.1,0,IPW,1.26677140075114,2.032300658947275,2.2132825481975806,0.10601333350389842,0.15198752039623706,513.7266193944471,457.023864182683
70,1500,0.25,0.05,0.1,0,AIPW,2.6303080218784256,6.5985469424952905,7.448421704552917,0.21099254086390773,0.2895121630033749,358.44386488508076,289.2275812264906
70,1500,0.25,0.05,0.1,0,IPW,2.6303080218784256,6.5985469424952905,7.448421704552917,0.21099254086390773,0.2895121630033749,358.44386488508076,289.2275812264906
71,1500,0.5,0.05,0.1,0,AIPW,1.535573011471515,2.824533367178962,3.142928746356974,0.13605626724150863,0.182808182098033,735.690432317104,665.4828949157959
71,1500,0.5,0.05,0.1,0,IPW,1.535573011471515,2.824533367178962,3.142928746356974,0.13605626724150863,0.182808182098033,735.690432317104,665.4828949157959
72,1500,0.65,0.05,0.1,0,AIPW,1.2801408268238952,1.984930342180192,2.1702673904191823,0.09676107637226618,0.1306977230782108,965.5159384268328,902.9285908569476
72,1500,0.65,0.05,0.1,0,IPW,1.2801408268238952,1.984930342180192,2.1702673904191823,0.09676107637226618,0.1306977230782108,965.5159384268328,902.9285908569476
73,500,0.25,0.1,0,0,AIPW,2.4669855094370323,7.358972260820816,8.178339511630055,0.26713855745824094,0.4157216785138017,116.45934552224686,75.59305738401413
73,500,0.25,0.1,0,0,IPW,2.4669855094370323,7.358972260820816,8.178339511630055,0.26713855745824094,0.4157216785138017,116.45934552224686,75.59305738401413
74,500,0.5,0.1,0,0,AIPW,1.4901517377653208,2.993184523409468,3.309146633195435,0.16236620596584309,0.24304523060279423,243.25104058262644,206.43480580297037
74,500,0.5,0.1,0,0,IPW,1.4901517377653208,2.993184523409468,3.309146633195435,0.16236620596584309,0.24304523060279423,243.25104058262644,206.43480580297037
75,500,0.65,0.1,0,0,AIPW,1.2528554768617066,2.0913749503642287,2.2869006630249653,0.11701583522999252,0.1711021177810523,319.92484986090875,276.8567104256364
75,500,0.65,0.1,0,0,IPW,1.2528554768617066,2.0913749503642287,2.2869006630249653,0.11701583522999252,0.1711021177810523,319.92484986090875,276.8567104256364
76,800,0.25,0.1,0,0,AIPW,2.551338471902283,6.902703362605979,7.748671777853217,0.2361982452736666,0.348198296900754,189.05268767411945,136.64528893049987
76,800,0.25,0.1,0,0,IPW,2.551338471902283,6.902703362605979,7.748671777853217,0.2361982452736666,0.348198296900754,189.05268767411945,136.64528893049987
77,800,0.5,0.1,0,0,AIPW,1.5155633441156484,2.9041724930512096,3.212441394740726,0.14868912726582514,0.20937115615275176,390.86799652903846,347.1170214697138
77,800,0.5,0.1,0,0,IPW,1.5155633441156484,2.9041724930512096,3.212441394740726,0.14868912726582514,0.20937115615275176,390.86799652903846,347.1170214697138
78,800,0.65,0.1,0,0,AIPW,1.2662632774523668,2.032688263395238,2.2169596408363272,0.10609052596810194,0.15200510547366397,513.9030144496475,456.5970885234048
78,800,0.65,0.1,0,0,IPW,1.2662632774523668,2.032688263395238,2.2169596408363272,0.10609052596810194,0.15200510547366397,513.9030144496475,456.5970885234048
79,1500,0.25,0.1,0,0,AIPW,2.6455296073633385,6.555758262497459,7.393283034126824,0.20855294271865135,0.28898195141388017,358.4021369593738,295.88408011401225
79,1500,0.25,0.1,0,0,IPW,2.6455296073633385,6.555758262497459,7.393283034126824,0.20855294271865135,0.28898195141388017,358.4021369593738,295.88408011401225
80,1500,0.5,0.1,0,0,AIPW,1.5366790605516691,2.8191683835539227,3.133640498234287,0.13554850282367764,0.1803314806602636,736.4343808338507,668.6995226932785
80,1500,0.5,0.1,0,0,IPW,1.5366790605516691,2.8191683835539227,3.133640498234287,0.13554850282367764,0.1803314806602636,736.4343808338507,668.6995226932785
81,1500,0.65,0.1,0,0,AIPW,1.2813461250826936,1.9814271244660784,2.1655177658284925,0.09604822672104378,0.12901547752048478,965.7070367249376,904.6532232681532
81,1500,0.65,0.1,0,0,IPW,1.2813461250826936,1.9814271244660784,2.1655177658284925,0.09604822672104378,0.12901547752048478,965.7070367249376,904.6532232681532
82,500,0.25,0.1,0.02,0,AIPW,2.4625719542105564,7.304129131095897,8.149414087366438,0.2673485556255858,0.4125103423023353,116.60397026548551,77.66543295705583
82,500,0.25,0.1,0.02,0,IPW,2.4625719542105564,7.304129131095897,8.149414087366438,0.2673485556255858,0.4125103423023353,116.60397026548551,77.66543295705583
83,500,0.5,0.1,0.02,0,AIPW,1.4901292063364222,3.0022377840649623,3.3127785883045813,0.1637897881308086,0.2395497841619549,242.9007050915519,207.29469918849617
83,500,0.5,0.1,0.02,0,IPW,1.4901292063364222,3.0022377840649623,3.3127785883045813,0.1637897881308086,0.2395497841619549,242.9007050915519,207.29469918849617
84,500,0.65,0.1,0.02,0,AIPW,1.2494636205788423,2.092509074677151,2.285064880428391,0.11755309487120584,0.17490140686027297,320.3273813824403,281.18171070902054
84,500,0.65,0.1,0.02,0,IPW,1.2494636205788423,2.092509074677151,2.285064880428391,0.11755309487120584,0.17490140686027297,320.3273813824403,281.18171070902054
85,800,0.25,0.1,0.02,0,AIPW,2.5457666106574104,6.958753074297879,7.786260077888834,0.23843703985391695,0.35564383911749187,188.6879498901752,145.99836168313314
85,800,0.25,0.1,0.02,0,IPW,2.5457666106574104,6.958753074297879,7.786260077888834,0.23843703985391695,0.35564383911749187,188.6879498901752,145.99836168313314
86,800,0.5,0.1,0.02,0,AIPW,1.5138393622670787,2.8949982631578046,3.202802361022542,0.14772520972927458,0.2097855245331741,391.2591110879899,339.04185299848155
86,800,0.5,0.1,0.02,0,IPW,1.5138393622670787,2.8949982631578046,3.202802361022542,0.14772520972927458,0.2097855245331741,391.2591110879899,339.04185299848155
87,800,0.65,0.1,0.02,0,AIPW,1.2664784491750862,2.0269015041273093,2.2154748082027207,0.10531995190500684,0.15201824574884318,514.2818040546437,461.59573481583953
87,800,0.65,0.1,0.02,0,IPW,1.2664784491750862,2.0269015041273093,2.2154748082027207,0.10531995190500684,0.15201824574884318,514.2818040546437,461.59573481583953
88,1500,0.25,0.1,0.02,0,AIPW,2.6298053408566147,6.565506466050235,7.404234023887903,0.21035307038996115,0.2924597047696556,359.4748257602324,300.9716701977434
88,1500,0.25,0.1,0.02,0,IPW,2.6298053408566147,6.565506466050235,7.404234023887903,0.21035307038996115,0.2924597047696556,359.4748257602324,300.9716701977434
89,1500,0.5,0.1,0.02,0,AIPW,1.5347487079799411,2.8182799862191037,3.1342056508401197,0.13557134111078015,0.1828831674174667,737.0634891549108,672.606875273036
89,1500,0.5,0.1,0.02,0,IPW,1.5347487079799411,2.8182799862191037,3.1342056508401197,0.13557134111078015,0.1828831674174667,737.0634891549108,672.606875273036
90,1500,0.65,0.1,0.02,0,AIPW,1.2826472798525514,1.9818130146012336,2.1653494105899513,0.09603516007525692,0.1284561605451831,965.287586764453,885.6856579631763
90,1500,0.65,0.1,0.02,0,IPW,1.2826472798525514,1.9818130146012336,2.1653494105899513,0.09603516007525692,0.1284561605451831,965.287586764453,885.6856579631763
91,500,0.25,0.1,0.05,0,AIPW,2.4612057014857416,7.412032384108727,8.261805879783203,0.26991059532828654,0.4121449598216226,116.04812074950507,76.56278412960157
91,500,0.25,0.1,0.05,0,IPW,2.4612057014857416,7.412032384108727,8.261805879783203,0.26991059532828654,0.4121449598216226,116.04812074950507,76.56278412960157
92,500,0.5,0.1,0.05,0,AIPW,1.4855075233210748,3.0037121800381357,3.3155059505704454,0.16398674085098755,0.24524508898835473,243.1537915881224,204.23978135694463
92,500,0.5,0.1,0.05,0,IPW,1.4855075233210748,3.0037121800381357,3.3155059505704454,0.16398674085098755,0.24524508898835473,243.1537915881224,204.23978135694463
93,500,0.65,0.1,0.05,0,AIPW,1.2497786108730993,2.090102917825095,2.282421286076473,0.11751253001697928,0.17616088088280277,320.4263356624944,285.4433169946492
93,500,0.65,0.1,0.05,0,IPW,1.2497786108730993,2.090102917825095,2.282421286076473,0.11751253001697928,0.17616088088280277,320.4263356624944,285.4433169946492
94,800,0.25,0.1,0.05,0,AIPW,2.5438882781822936,6.939761204128689,7.79200003599565,0.23818927228766967,0.34751854161404905,188.76278633489665,133.49236089645328
94,800,0.25,0.1,0.05,0,IPW,2.5438882781822936,6.939761204128689,7.79200003599565,0.23818927228766967,0.34751854161404905,188.76278633489665,133.49236089645328
95,800,0.5,0.1,0.05,0,AIPW,1.5142007139716942,2.8901660881064037,3.184679196791816,0.14699049031513933,0.2094511061596903,391.5393576187567,341.7309889255692
95,800,0.5,0.1,0.05,0,IPW,1.5142007139716942,2.8901660881064037,3.184679196791816,0.14699049031513933,0.2094511061596903,391.5393576187567,341.7309889255692
96,800,0.65,0.1,0.05,0,AIPW,1.267892435080591,2.030433175950661,2.2131558946982532,0.10585760295063354,0.14941542858166276,513.7805886576872,470.1530622967405
96,800,0.65,0.1,0.05,0,IPW,1.267892435080591,2.030433175950661,2.2131558946982532,0.10585760295063354,0.14941542858166276,513.7805886576872,470.1530622967405
97,1500,0.25,0.1,0.05,0,AIPW,2.6152519706068933,6.570230058671601,7.418182030810968,0.21155020499402524,0.2890109167823797,359.3496251941103,308.98066099586833
97,1500,0.25,0.1,0.05,0,IPW,2.6152519706068933,6.570230058671601,7.418182030810968,0.21155020499402524,0.2890109167823797,359.3496251941103,308.98066099586833
98,1500,0.5,0.1,0.05,0,AIPW,1.5343541914266323,2.823597286683514,3.1443121684818314,0.1362606284634831,0.18217216441172415,736.376696984408,652.915797537372
98,1500,0.5,0.1,0.05,0,IPW,1.5343541914266323,2.823597286683514,3.1443121684818314,0.1362606284634831,0.18217216441172415,736.376696984408,652.915797537372
99,1500,0.65,0.1,0.05,0,AIPW,1.281105390992071,1.9840495272257184,2.172087484512756,0.09646518284059356,0.1300042978691172,965.467564979326,898.4428094691343
99,1500,0.65,0.1,0.05,0,IPW,1.281105390992071,1.9840495272257184,2.172087484512756,0.09646518284059356,0.1300042978691172,965.467564979326,898.4428094691343
100,500,0.25,0.1,0.1,0,AIPW,2.4531588342253285,7.372036586582097,8.23251635638303,0.27024046579510524,0.43104453116203634,116.26341938715126,68.32801193134881
100,500,0.25,0.1,0.1,0,IPW,2.4531588342253285,7.372036586582097,8.23251635638303,0.27024046579510524,0.43104453116203634,116.26341938715126,68.32801193134881
101,500,0.5,0.1,0.1,0,AIPW,1.4833950234708757,3.0095883191038273,3.326783217849401,0.1645185059463514,0.24132064043739265,242.93066751276848,190.0844103888186
101,500,0.5,0.1,0.1,0,IPW,1.4833950234708757,3.0095883191038273,3.326783217849401,0.1645185059463514,0.24132064043739265,242.93066751276848,190.0844103888186
102,500,0.65,0.1,0.1,0,AIPW,1.2529962660591134,2.087805704511646,2.273182364689232,0.11676515971937318,0.17252375080157384,320.23059576802297,279.72389697706564
102,500,0.65,0.1,0.1,0,IPW,1.2529962660591134,2.087805704511646,2.273182364689232,0.11676515971937318,0.17252375080157384,320.23059576802297,279.72389697706564
103,800,0.25,0.1,0.1,0,AIPW,2.5450726968526056,6.973864373217061,7.811651930329737,0.23943250369317584,0.3571380054471027,188.44403883669983,121.16594967186748
103,800,0.25,0.1,0.1,0,IPW,2.5450726968526056,6.973864373217061,7.811651930329737,0.23943250369317584,0.3571380054471027,188.44403883669983,121.16594967186748
104,800,0.5,0.1,0.1,0,AIPW,1.517687207233937,2.900163470496772,3.212923090567644,0.147783144863817,0.21224400217806288,390.51116598620257,343.62327014031075
104,800,0.5,0.1,0.1,0,IPW,1.517687207233937,2.900163470496772,3.212923090567644,0.147783144863817,0.21224400217806288,390.51116598620257,343.62327014031075
105,800,0.65,0.1,0.1,0,AIPW,1.266782677704298,2.0374383202733393,2.2238983743993836,0.106798709089205,0.1531373824746231,513.2642848825025,464.9605632180194
105,800,0.65,0.1,0.1,0,IPW,1.266782677704298,2.0374383202733393,2.2238983743993836,0.106798709089205,0.1531373824746231,513.2642848825025,464.9605632180194
106,1500,0.25,0.1,0.1,0,AIPW,2.612359031820411,6.58331182411928,7.43622631912813,0.21261682109473276,0.2941744448518841,359.6394724534689,295.48696985230197
106,1500,0.25,0.1,0.1,0,IPW,2.612359031820411,6.58331182411928,7.43622631912813,0.21261682109473276,0.2941744448518841,359.6394724534689,295.48696985230197
107,1500,0.5,0.1,0.1,0,AIPW,1.5356395027875251,2.8273561835462693,3.1474437218877647,0.13638697223230684,0.18204876875891313,735.4687313455078,651.073402222697
107,1500,0.5,0.1,0.1,0,IPW,1.5356395027875251,2.8273561835462693,3.1474437218877647,0.13638697223230684,0.18204876875891313,735.4687313455078,651.073402222697
108,1500,0.65,0.1,0.1,0,AIPW,1.2832127555863198,1.9816787319019764,2.1642782351080303,0.09573410918713018,0.1298955866904978,964.999092003988,892.510761661099
108,1500,0.65,0.1,0.1,0,IPW,1.2832127555863198,1.9816787319019764,2.1642782351080303,0.09573410918713018,0.1298955866904978,964.999092003988,892.510761661099
109,500,0.25,0.01,0,0.15,AIPW,2.451519643999485,7.362603816926452,8.220215086312859,0.269151957194193,0.4159198902416824,116.18889379341924,78.97494903206933
109,500,0.25,0.01,0,0.15,IPW,2.451519643999485,7.362603816926452,8.220215086312859,0.269151957194193,0.4159198902416824,116.18889379341924,78.97494903206933
110,500,0.5,0.01,0,0.15,AIPW,1.4867386383398509,3.019356006768261,3.345119452282229,0.16583666335039207,0.24958737575153825,243.00412900275177,199.74427605139897
110,500,0.5,0.01,0,0.15,IPW,1.4867386383398509,3.019356006768261,3.345119452282229,0.16583666335039207,0.24958737575153825,243.00412900275177,199.74427605139897
111,500,0.65,0.01,0,0.15,AIPW,1.2487058560136826,2.0910511310116364,2.2870095921430877,0.11809699037052518,0.17623082464251644,320.4476912948546,274.9350543782294
111,500,0.65,0.01,0,0.15,IPW,1.2487058560136826,2.0910511310116364,2.2870095921430877,0.11809699037052518,0.17623082464251644,320.4476912948546,274.9350543782294
112,800,0.25,0.01,0,0.15,AIPW,2.549939415037543,6.934605748335296,7.755351272239595,0.2371559421346741,0.3514647088199959,188.6726447342788,140.8149587992548
112,800,0.25,0.01,0,0.15,IPW,2.549939415037543,6.934605748335296,7.755351272239595,0.2371559421346741,0.3514647088199959,188.6726447342788,140.8149587992548
113,800,0.5,0.01,0,0.15,AIPW,1.5138194533939642,2.9016124463071837,3.217078064376766,0.1482986143125338,0.20901399687370137,390.84200824013897,338.28021941584757
113,800,0.5,0.01,0,0.15,IPW,1.5138194533939642,2.9016124463071837,3.217078064376766,0.1482986143125338,0.20901399687370137,390.84200824013897,338.28021941584757
114,800,0.65,0.01,0,0.15,AIPW,1.2665545364996853,2.02948108070112,2.212954046174492,0.10580385893646724,0.15016836790327787,513.8706827480376,470.0423525149203
114,800,0.65,0.01,0,0.15,IPW,1.2665545364996853,2.02948108070112,2.212954046174492,0.10580385893646724,0.15016836790327787,513.8706827480376,470.0423525149203
115,1500,0.25,0.01,0,0.15,AIPW,2.6267654481800027,6.58353975066599,7.446134562939218,0.2110329847201309,0.2895221636822267,358.3947848041235,284.5046783268552
115,1500,0.25,0.01,0,0.15,IPW,2.6267654481800027,6.58353975066599,7.446134562939218,0.2110329847201309,0.2895221636822267,358.3947848041235,284.5046783268552
116,1500,0.5,0.01,0,0.15,AIPW,1.5348637104556004,2.813146159450915,3.1336545870415375,0.13503019847447276,0.18141959930573065,736.3554921695478,657.4432676851386
116,1500,0.5,0.01,0,0.15,IPW,1.5348637104556004,2.813146159450915,3.1336545870415375,0.13503019847447276,0.18141959930573065,736.3554921695478,657.4432676851386
117,1500,0.65,0.01,0,0.15,AIPW,1.280767390560343,1.9844292631966447,2.171308376440933,0.09617635806318602,0.12972559429161806,965.118182932528,896.4896752818843
117,1500,0.65,0.01,0,0.15,IPW,1.280767390560343,1.9844292631966447,2.171308376440933,0.09617635806318602,0.12972559429161806,965.118182932528,896.4896752818843
118,500,0.25,0.01,0.02,0.15,AIPW,2.454144120764314,7.328234437373939,8.12671666380821,0.267384360153883,0.4107404890694297,116.45305900523988,80.64724855707274
118,500,0.25,0.01,0.02,0.15,IPW,2.454144120764314,7.328234437373939,8.12671666380821,0.267384360153883,0.4107404890694297,116.45305900523988,80.64724855707274
119,500,0.5,0.01,0.02,0.15,AIPW,1.4841770207543568,3.011069526602195,3.328642042482329,0.16488218210257616,0.24472159616510725,243.10627741196055,200.6035725630591
119,500,0.5,0.01,0.02,0.15,IPW,1.4841770207543568,3.011069526602195,3.328642042482329,0.16488218210257616,0.24472159616510725,243.10627741196055,200.6035725630591
120,500,0.65,0.01,0.02,0.15,AIPW,1.2512010695999327,2.089254123746383,2.2819487825879823,0.1168887667408956,0.17841347290636117,320.0613146095295,281.9079088252142
120,500,0.65,0.01,0.02,0.15,IPW,1.2512010695999327,2.089254123746383,2.2819487825879823,0.1168887667408956,0.17841347290636117,320.0613146095295,281.9079088252142
121,800,0.25,0.01,0.02,0.15,AIPW,2.5426775366046357,6.964949374901028,7.810772281170743,0.23809267984447943,0.35675313223840477,188.63128912397124,134.61628119893444
121,800,0.25,0.01,0.02,0.15,IPW,2.5426775366046357,6.964949374901028,7.810772281170743,0.23809267984447943,0.35675313223840477,188.63128912397124,134.61628119893444
122,800,0.5,0.01,0.02,0.15,AIPW,1.511949989637748,2.8966497254688237,3.2087134028441695,0.14803158500335964,0.20989153456964105,391.0559051712859,346.63590813892336
122,800,0.5,0.01,0.02,0.15,IPW,1.511949989637748,2.8966497254688237,3.2087134028441695,0.14803158500335964,0.20989153456964105,391.0559051712859,346.63590813892336
123,800,0.65,0.01,0.02,0.15,AIPW,1.269312010864159,2.0252709686536554,2.2093758033146895,0.10472529198530375,0.1501945175152549,513.6043739144985,460.42293529132786
123,800,0.65,0.01,0.02,0.15,IPW,1.269312010864159,2.0252709686536554,2.2093758033146895,0.10472529198530375,0.1501945175152549,513.6043739144985,460.42293529132786
124,1500,0.25,0.01,0.02,0.15,AIPW,2.6312164372672173,6.566962172419346,7.415605110123321,0.20923595769216505,0.28780648554934574,358.6236183643363,291.2362992012061
124,1500,0.25,0.01,0.02,0.15,IPW,2.6312164372672173,6.566962172419346,7.415605110123321,0.20923595769216505,0.28780648554934574,358.6236183643363,291.2362992012061
125,1500,0.5,0.01,0.02,0.15,AIPW,1.5320596550335317,2.821116859309471,3.147251756125788,0.13585305417877608,0.1810225711230525,736.0661562750878,667.2125739007321
125,1500,0.5,0.01,0.02,0.15,IPW,1.5320596550335317,2.821116859309471,3.147251756125788,0.13585305417877608,0.1810225711230525,736.0661562750878,667.2125739007321
126,1500,0.65,0.01,0.02,0.15,AIPW,1.2805238914250057,1.979545759292456,2.1686185914109575,0.095719938350865,0.1274894131422361,965.7824091010366,895.0313605829779
126,1500,0.65,0.01,0.02,0.15,IPW,1.2805238914250057,1.979545759292456,2.1686185914109575,0.095719938350865,0.1274894131422361,965.7824091010366,895.0313605829779
127,500,0.25,0.01,0.05,0.15,AIPW,2.4531253884758075,7.368550349355977,8.20036727008068,0.26881252688139184,0.4181487028209516,116.41385725246406,61.99522833720315
127,500,0.25,0.01,0.05,0.15,IPW,2.4531253884758075,7.368550349355977,8.20036727008068,0.26881252688139184,0.4181487028209516,116.41385725246406,61.99522833720315
128,500,0.5,0.01,0.05,0.15,AIPW,1.4847416570460392,3.0258590840492894,3.3507126637416498,0.1659537585713988,0.24433751390423403,242.64261657859157,193.555351452468
128,500,0.5,0.01,0.05,0.15,IPW,1.4847416570460392,3.0258590840492894,3.3507126637416498,0.1659537585713988,0.24433751390423403,242.64261657859157,193.555351452468
129,500,0.65,0.01,0.05,0.15,AIPW,1.2501310654740097,2.094426605346447,2.2859663353394484,0.11800059370272248,0.17600098492060215,320.0516060500406,275.97080611746804
129,500,0.65,0.01,0.05,0.15,IPW,1.2501310654740097,2.094426605346447,2.2859663353394484,0.11800059370272248,0.17600098492060215,320.0516060500406,275.97080611746804
130,800,0.25,0.01,0.05,0.15,AIPW,2.546360749008004,6.916926167753726,7.7636891000848385,0.2364386259153714,0.35020959956818776,189.02093048204267,142.68430347849971
130,800,0.25,0.01,0.05,0.15,IPW,2.546360749008004,6.916926167753726,7.7636891000848385,0.2364386259153714,0.35020959956818776,189.02093048204267,142.68430347849971
131,800,0.5,0.01,0.05,0.15,AIPW,1.5092051387053895,2.9003033659798354,3.21907835276951,0.1484848323838806,0.21373021522381505,391.1270013199168,338.2459103914178
131,800,0.5,0.01,0.05,0.15,IPW,1.5092051387053895,2.9003033659798354,3.21907835276951,0.1484848323838806,0.21373021522381505,391.1270013199168,338.2459103914178
132,800,0.65,0.01,0.05,0.15,AIPW,1.2677641516881242,2.034585796073869,2.221617074201792,0.10595199899605692,0.1520997357952264,513.1261523583687,456.9535823231031
132,800,0.65,0.01,0.05,0.15,IPW,1.2677641516881242,2.034585796073869,2.221617074201792,0.10595199899605692,0.1520997357952264,513.1261523583687,456.9535823231031
133,1500,0.25,0.01,0.05,0.15,AIPW,2.616837963720291,6.597085844684642,7.468070515503546,0.21191920723023264,0.293299050024887,358.74480515976103,288.7673688603777
133,1500,0.25,0.01,0.05,0.15,IPW,2.616837963720291,6.597085844684642,7.468070515503546,0.21191920723023264,0.293299050024887,358.74480515976103,288.7673688603777
134,1500,0.5,0.01,0.05,0.15,AIPW,1.531103046261174,2.830136905901962,3.1566469940559285,0.13684641559563815,0.18355392300639353,735.7407984456331,660.7067288090235
134,1500,0.5,0.01,0.05,0.15,IPW,1.531103046261174,2.830136905901962,3.1566469940559285,0.13684641559563815,0.18355392300639353,735.7407984456331,660.7067288090235
135,1500,0.65,0.01,0.05,0.15,AIPW,1.2809906200849843,1.979112890944095,2.1629211456390864,0.09536296904203004,0.13004476723186753,965.2637969483072,890.3021943041385
135,1500,0.65,0.01,0.05,0.15,IPW,1.2809906200849843,1.979112890944095,2.1629211456390864,0.09536296904203004,0.13004476723186753,965.2637969483072,890.3021943041385
136,500,0.25,0.01,0.1,0.15,AIPW,2.455119260140268,7.363848326140654,8.208145981096703,0.26901501589059307,0.41998730284765246,116.3902754564536,80.36314746881351
136,500,0.25,0.01,0.1,0.15,IPW,2.455119260140268,7.363848326140654,8.208145981096703,0.26901501589059307,0.41998730284765246,116.3902754564536,80.36314746881351
137,500,0.5,0.01,0.1,0.15,AIPW,1.4847423355369602,2.9879242476008985,3.30172803503893,0.1627299514368058,0.23937741277545105,243.5864242189025,201.65469748085215
137,500,0.5,0.01,0.1,0.15,IPW,1.4847423355369602,2.9879242476008985,3.30172803503893,0.1627299514368058,0.23937741277545105,243.5864242189025,201.65469748085215
138,500,0.65,0.01,0.1,0.15,AIPW,1.2485394255669344,2.092747773184195,2.2915609669353545,0.11809962140216322,0.17695617682415316,320.5341558431995,284.3276259980536
138,500,0.65,0.01,0.1,0.15,IPW,1.2485394255669344,2.092747773184195,2.2915609669353545,0.11809962140216322,0.17695617682415316,320.5341558431995,284.3276259980536
139,800,0.25,0.01,0.1,0.15,AIPW,2.5499973569466876,6.946368569740707,7.782703794881164,0.23740577273918803,0.3481546016751154,188.54897527595045,140.00714945031154
139,800,0.25,0.01,0.1,0.15,IPW,2.5499973569466876,6.946368569740707,7.782703794881164,0.23740577273918803,0.3481546016751154,188.54897527595045,140.00714945031154
140,800,0.5,0.01,0.1,0.15,AIPW,1.5130880125422508,2.893634940761358,3.201499611032358,0.14759808297772048,0.21278144275673216,391.1277195173057,337.0419486905221
140,800,0.5,0.01,0.1,0.15,IPW,1.5130880125422508,2.893634940761358,3.201499611032358,0.14759808297772048,0.21278144275673216,391.1277195173057,337.0419486905221
141,800,0.65,0.01,0.1,0.15,AIPW,1.2643575506857954,2.034109922442649,2.2174848117413934,0.10661473696138836,0.15390612690697203,513.9144361706245,459.1591508451304
141,800,0.65,0.01,0.1,0.15,IPW,1.2643575506857954,2.034109922442649,2.2174848117413934,0.10661473696138836,0.15390612690697203,513.9144361706245,459.1591508451304
142,1500,0.25,0.01,0.1,0.15,AIPW,2.6267789611286485,6.553800227151455,7.417025127459899,0.209856063945312,0.28895897569098883,359.1276760707736,304.0612412653885
142,1500,0.25,0.01,0.1,0.15,IPW,2.6267789611286485,6.553800227151455,7.417025127459899,0.209856063945312,0.28895897569098883,359.1276760707736,304.0612412653885
143,1500,0.5,0.01,0.1,0.15,AIPW,1.5314420848910033,2.8211273791784355,3.145098023989698,0.1360623515483312,0.17964833645522446,736.5476993610031,665.6357626747023
143,1500,0.5,0.01,0.1,0.15,IPW,1.5314420848910033,2.8211273791784355,3.145098023989698,0.1360623515483312,0.17964833645522446,736.5476993610031,665.6357626747023
144,1500,0.65,0.01,0.1,0.15,AIPW,1.2762797010845277,1.983881714084894,2.174794294422391,0.09673041688836724,0.1322291917877738,966.1821450206592,895.15805084355
144,1500,0.65,0.01,0.1,0.15,IPW,1.2762797010845277,1.983881714084894,2.174794294422391,0.09673041688836724,0.1322291917877738,966.1821450206592,895.15805084355
145,500,0.25,0.05,0,0.15,AIPW,2.4472192053814035,7.406611323246896,8.270169496291288,0.27086038931727274,0.4124500443967536,115.97647103341812,77.38714463615507
145,500,0.25,0.05,0,0.15,IPW,2.4472192053814035,7.406611323246896,8.270169496291288,0.27086038931727274,0.4124500443967536,115.97647103341812,77.38714463615507
146,500,0.5,0.05,0,0.15,AIPW,1.4846967369133728,3.0144710474500216,3.333618215503487,0.16510459868548785,0.2440012501752859,242.7024296355513,189.19856398161136
146,500,0.5,0.05,0,0.15,IPW,1.4846967369133728,3.0144710474500216,3.333618215503487,0.16510459868548785,0.2440012501752859,242.7024296355513,189.19856398161136
147,500,0.65,0.05,0,0.15,AIPW,1.2514947911531082,2.092504183173719,2.2890163961631025,0.11758173457653308,0.1790993558147876,319.9765024674501,276.09065349115536
147,500,0.65,0.05,0,0.15,IPW,1.2514947911531082,2.092504183173719,2.2890163961631025,0.11758173457653308,0.1790993558147876,319.9765024674501,276.09065349115536
148,800,0.25,0.05,0,0.15,AIPW,2.563891430843877,6.904065771595152,7.743709044182053,0.2348888376590842,0.3439785853023219,188.58715371415457,141.67635026776537
148,800,0.25,0.05,0,0.15,IPW,2.563891430843877,6.904065771595152,7.743709044182053,0.2348888376590842,0.3439785853023219,188.58715371415457,141.67635026776537
149,800,0.5,0.05,0,0.15,AIPW,1.51197430582897,2.905163096348738,3.2282744670461048,0.14909420398479342,0.21103561075403848,390.9133925571378,341.68656728071767
149,800,0.5,0.05,0,0.15,IPW,1.51197430582897,2.905163096348738,3.2282744670461048,0.14909420398479342,0.21103561075403848,390.9133925571378,341.68656728071767
150,800,0.65,0.05,0,0.15,AIPW,1.2670579070379495,2.028498709227879,2.2141851723468537,0.10560792967509136,0.15158630419420183,514.108369071452,465.8779831092997
150,800,0.65,0.05,0,0.15,IPW,1.2670579070379495,2.028498709227879,2.2141851723468537,0.10560792967509136,0.15158630419420183,514.108369071452,465.8779831092997
151,1500,0.25,0.05,0,0.15,AIPW,2.624987249074451,6.5788699506178565,7.434095194202723,0.21092000082334275,0.28923221252380094,358.91456789138505,295.6899826963374
151,1500,0.25,0.05,0,0.15,IPW,2.624987249074451,6.5788699506178565,7.434095194202723,0.21092000082334275,0.28923221252380094,358.91456789138505,295.6899826963374
152,1500,0.5,0.05,0,0.15,AIPW,1.5327890294466924,2.8104128198529987,3.1258679132007146,0.13454061697050262,0.1806931196987946,736.4715559971341,670.2851525563302
152,1500,0.5,0.05,0,0.15,IPW,1.5327890294466924,2.8104128198529987,3.1258679132007146,0.13454061697050262,0.1806931196987946,736.4715559971341,670.2851525563302
153,1500,0.65,0.05,0,0.15,AIPW,1.2815016404054118,1.9787730051190584,2.1634361188314113,0.0955205989358728,0.13051048412316918,965.8135186840908,898.5678478545411
153,1500,0.65,0.05,0,0.15,IPW,1.2815016404054118,1.9787730051190584,2.1634361188314113,0.0955205989358728,0.13051048412316918,965.8135186840908,898.5678478545411
154,500,0.25,0.05,0.02,0.15,AIPW,2.4418915737905063,7.343587966061597,8.196423816048485,0.26896792718096496,0.4172099240315477,116.4591918190255,73.9350322517158
154,500,0.25,0.05,0.02,0.15,IPW,2.4418915737905063,7.343587966061597,8.196423816048485,0.26896792718096496,0.4172099240315477,116.4591918190255,73.9350322517158
155,500,0.5,0.05,0.02,0.15,AIPW,1.4852691835849992,2.98789208507154,3.29478503450377,0.16236259981049234,0.2427548954586645,243.9717198551076,204.29764683891764
155,500,0.5,0.05,0.02,0.15,IPW,1.4852691835849992,2.98789208507154,3.29478503450377,0.16236259981049234,0.2427548954586645,243.9717198551076,204.29764683891764
156,500,0.65,0.05,0.02,0.15,AIPW,1.251742211810276,2.0871696474248336,2.2764225267849336,0.117009037091078,0.1752297408073604,320.3678738815247,279.13690647227463
156,500,0.65,0.05,0.02,0.15,IPW,1.251742211810276,2.0871696474248336,2.2764225267849336,0.117009037091078,0.1752297408073604,320.3678738815247,279.13690647227463
157,800,0.25,0.05,0.02,0.15,AIPW,2.551765902294361,6.918832743533257,7.725077034192417,0.23627763468139573,0.35049846338498986,188.93670207145615,144.4281746571213
157,800,0.25,0.05,0.02,0.15,IPW,2.551765902294361,6.918832743533257,7.725077034192417,0.23627763468139573,0.35049846338498986,188.93670207145615,144.4281746571213
158,800,0.5,0.05,0.02,0.15,AIPW,1.5123039376769043,2.8828523348841477,3.197239048164533,0.1468010606885613,0.21215347142510516,391.6150246577172,336.30116979349356
158,800,0.5,0.05,0.02,0.15,IPW,1.5123039376769043,2.8828523348841477,3.197239048164533,0.1468010606885613,0.21215347142510516,391.6150246577172,336.30116979349356
159,800,0.65,0.05,0.02,0.15,AIPW,1.2644990840813468,2.028247805469632,2.218243689835333,0.10577761917729404,0.15105170884349475,514.4094053416227,463.55178895590893
159,800,0.65,0.05,0.02,0.15,IPW,1.2644990840813468,2.028247805469632,2.218243689835333,0.10577761917729404,0.15105170884349475,514.4094053416227,463.55178895590893
160,1500,0.25,0.05,0.02,0.15,AIPW,2.6191868602809283,6.5647301573495,7.429111063967796,0.2105905049791598,0.29064091177486484,358.8238785297627,286.94973372195574
160,1500,0.25,0.05,0.02,0.15,IPW,2.6191868602809283,6.5647301573495,7.429111063967796,0.2105905049791598,0.29064091177486484,358.8238785297627,286.94973372195574
161,1500,0.5,0.05,0.02,0.15,AIPW,1.5318210500949474,2.821818040716052,3.151499335218064,0.1360331356306479,0.1837333340071979,735.754408266604,660.6036700606858
161,1500,0.5,0.05,0.02,0.15,IPW,1.5318210500949474,2.821818040716052,3.151499335218064,0.1360331356306479,0.1837333340071979,735.754408266604,660.6036700606858
162,1500,0.65,0.05,0.02,0.15,AIPW,1.2800402868583414,1.9821770789014936,2.167757333671056,0.09601982982107982,0.13016917013083593,965.8429620767736,906.0386828980992
162,1500,0.65,0.05,0.02,0.15,IPW,1.2800402868583414,1.9821770789014936,2.167757333671056,0.09601982982107982,0.13016917013083593,965.8429620767736,906.0386828980992
163,500,0.25,0.05,0.05,0.15,AIPW,2.46306256605889,7.390234286080275,8.274595358626232,0.27094352969490393,0.42371757671544974,116.01382009541088,68.98808971620889
163,500,0.25,0.05,0.05,0.15,IPW,2.46306256605889,7.390234286080275,8.274595358626232,0.27094352969490393,0.42371757671544974,116.01382009541088,68.98808971620889
164,500,0.5,0.05,0.05,0.15,AIPW,1.4809020791153584,3.00992837253445,3.334400950392777,0.16487509181460783,0.24846980675313465,243.20675313725644,203.03024526853224
164,500,0.5,0.05,0.05,0.15,IPW,1.4809020791153584,3.00992837253445,3.334400950392777,0.16487509181460783,0.24846980675313465,243.20675313725644,203.03024526853224
165,500,0.65,0.05,0.05,0.15,AIPW,1.2487750383168417,2.0979581052136407,2.294707362420828,0.1187587708990855,0.17567054597649956,320.0258046761633,280.2073227865665
165,500,0.65,0.05,0.05,0.15,IPW,1.2487750383168417,2.0979581052136407,2.294707362420828,0.1187587708990855,0.17567054597649956,320.0258046761633,280.2073227865665
166,800,0.25,0.05,0.05,0.15,AIPW,2.5396822951312004,6.945676425115452,7.781452795390505,0.23803557515694465,0.3501073159835325,188.68953046649935,141.82980541176693
166,800,0.25,0.05,0.05,0.15,IPW,2.5396822951312004,6.945676425115452,7.781452795390505,0.23803557515694465,0.3501073159835325,188.68953046649935,141.82980541176693
167,800,0.5,0.05,0.05,0.15,AIPW,1.5079374375430057,2.9261869837280865,3.2498315071803825,0.15135680815257802,0.21555767725190847,390.3156814432456,344.26954848259663
167,800,0.5,0.05,0.05,0.15,IPW,1.5079374375430057,2.9261869837280865,3.2498315071803825,0.15135680815257802,0.21555767725190847,390.3156814432456,344.26954848259663
168,800,0.65,0.05,0.05,0.15,AIPW,1.2656714594367906,2.034589285399137,2.2248486520845936,0.10620382585036955,0.15256078092239458,513.4390833335005,466.6075359994172
168,800,0.65,0.05,0.05,0.15,IPW,1.2656714594367906,2.034589285399137,2.2248486520845936,0.10620382585036955,0.15256078092239458,513.4390833335005,466.6075359994172
169,1500,0.25,0.05,0.05,0.15,AIPW,2.6165459220769596,6.543760681393414,7.389644977815262,0.209473731597057,0.2919124688327466,359.06844539308463,292.82931607492065
169,1500,0.25,0.05,0.05,0.15,IPW,2.6165459220769596,6.543760681393414,7.389644977815262,0.209473731597057,0.2919124688327466,359.06844539308463,292.82931607492065
170,1500,0.5,0.05,0.05,0.15,AIPW,1.528307192611171,2.8305099753962923,3.1586641924872536,0.13711964719605502,0.18458115601375585,735.1249280389995,644.3171001302978
170,1500,0.5,0.05,0.05,0.15,IPW,1.528307192611171,2.8305099753962923,3.1586641924872536,0.13711964719605502,0.18458115601375585,735.1249280389995,644.3171001302978
171,1500,0.65,0.05,0.05,0.15,AIPW,1.2802894829487772,1.987064394149274,2.171895711110091,0.09665101468948216,0.13110063621994705,964.864056296111,903.4427423334356
171,1500,0.65,0.05,0.05,0.15,IPW,1.2802894829487772,1.987064394149274,2.171895711110091,0.09665101468948216,0.13110063621994705,964.864056296111,903.4427423334356
172,500,0.25,0.05,0.1,0.15,AIPW,2.469292848840148,7.41757136504762,8.27947551944344,0.27049544350205207,0.4267913550407044,115.70197265547068,75.59157925441846
172,500,0.25,0.05,0.1,0.15,IPW,2.469292848840148,7.41757136504762,8.27947551944344,0.27049544350205207,0.4267913550407044,115.70197265547068,75.59157925441846
173,500,0.5,0.05,0.1,0.15,AIPW,1.4869796241520443,3.006506981687187,3.321148959536248,0.16413898982814923,0.24364032548337297,243.022168020745,202.7670429747366
173,500,0.5,0.05,0.1,0.15,IPW,1.4869796241520443,3.006506981687187,3.321148959536248,0.16413898982814923,0.24364032548337297,243.022168020745,202.7670429747366
174,500,0.65,0.05,0.1,0.15,AIPW,1.2475416435796605,2.0934034372234693,2.2879387513908007,0.1183065511221494,0.1787749904958819,320.19660012775904,277.2187115626519
174,500,0.65,0.05,0.1,0.15,IPW,1.2475416435796605,2.0934034372234693,2.2879387513908007,0.1183065511221494,0.1787749904958819,320.19660012775904,277.2187115626519
175,800,0.25,0.05,0.1,0.15,AIPW,2.5474103422078636,6.9515768139838094,7.781010805538241,0.23767797503666452,0.3493249341760267,188.14623590580933,145.2945602846519
175,800,0.25,0.05,0.1,0.15,IPW,2.5474103422078636,6.9515768139838094,7.781010805538241,0.23767797503666452,0.3493249341760267,188.14623590580933,145.2945602846519
176,800,0.5,0.05,0.1,0.15,AIPW,1.51087335568918,2.9008670295667036,3.2123055380020724,0.14858271190279554,0.20903663152611712,390.6968439523481,344.66458980135286
176,800,0.5,0.05,0.1,0.15,IPW,1.51087335568918,2.9008670295667036,3.2123055380020724,0.14858271190279554,0.20903663152611712,390.6968439523481,344.66458980135286
177,800,0.65,0.05,0.1,0.15,AIPW,1.2663275601845474,2.0303105598093274,2.217760028216799,0.10588745703065185,0.15199250800787167,513.9644200907323,468.0691898970384
177,800,0.65,0.05,0.1,0.15,IPW,1.2663275601845474,2.0303105598093274,2.217760028216799,0.10588745703065185,0.15199250800787167,513.9644200907323,468.0691898970384
178,1500,0.25,0.05,0.1,0.15,AIPW,2.629940604178222,6.611167813868866,7.451240551498192,0.2113360904739313,0.2918883069329145,357.9665019840216,296.6445290198867
178,1500,0.25,0.05,0.1,0.15,IPW,2.629940604178222,6.611167813868866,7.451240551498192,0.2113360904739313,0.2918883069329145,357.9665019840216,296.6445290198867
179,1500,0.5,0.05,0.1,0.15,AIPW,1.5323609225424872,2.820283482724544,3.140913387579658,0.13570698322950162,0.18172360849947977,736.011765575696,672.4250417866073
179,1500,0.5,0.05,0.1,0.15,IPW,1.5323609225424872,2.820283482724544,3.140913387579658,0.13570698322950162,0.18172360849947977,736.011765575696,672.4250417866073
180,1500,0.65,0.05,0.1,0.15,AIPW,1.2782387503260797,1.9841341159260673,2.174956323447106,0.0966040604594274,0.12980817436113168,965.6311156289992,907.2678614436836
180,1500,0.65,0.05,0.1,0.15,IPW,1.2782387503260797,1.9841341159260673,2.174956323447106,0.0966040604594274,0.12980817436113168,965.6311156289992,907.2678614436836
181,500,0.25,0.1,0,0.15,AIPW,2.45434643109388,7.363821710483835,8.210078928561398,0.26959485283446505,0.41593889621401864,116.22628599250577,65.3990166503981
181,500,0.25,0.1,0,0.15,IPW,2.45434643109388,7.363821710483835,8.210078928561398,0.26959485283446505,0.41593889621401864,116.22628599250577,65.3990166503981
182,500,0.5,0.1,0,0.15,AIPW,1.4885248912838305,3.015235718125259,3.33306668732887,0.1648914098377175,0.24470779055669883,242.4703410831509,202.4975849657297
182,500,0.5,0.1,0,0.15,IPW,1.4885248912838305,3.015235718125259,3.33306668732887,0.1648914098377175,0.24470779055669883,242.4703410831509,202.4975849657297
183,500,0.65,0.1,0,0.15,AIPW,1.2497595885032726,2.093419439158904,2.28830310852094,0.11790166127381,0.1728790833469555,319.8388159623853,275.503944101538
183,500,0.65,0.1,0,0.15,IPW,1.2497595885032726,2.093419439158904,2.28830310852094,0.11790166127381,0.1728790833469555,319.8388159623853,275.503944101538
184,800,0.25,0.1,0,0.15,AIPW,2.5482615842990852,6.952524798046254,7.7893608395847505,0.23779974712617188,0.34801962627539273,188.3376595201597,127.86437564333724
184,800,0.25,0.1,0,0.15,IPW,2.5482615842990852,6.952524798046254,7.7893608395847505,0.23779974712617188,0.34801962627539273,188.3376595201597,127.86437564333724
185,800,0.5,0.1,0,0.15,AIPW,1.512549004316761,2.9098509676338327,3.2205188926052557,0.14897445235884507,0.21258621515028636,390.3440628421861,333.0416998823632
185,800,0.5,0.1,0,0.15,IPW,1.512549004316761,2.9098509676338327,3.2205188926052557,0.14897445235884507,0.21258621515028636,390.3440628421861,333.0416998823632
186,800,0.65,0.1,0,0.15,AIPW,1.2670126824585743,2.0295646328983614,2.2182840634881336,0.10545031142590967,0.15203354419814277,513.4735828565356,464.63705872501833
186,800,0.65,0.1,0,0.15,IPW,1.2670126824585743,2.0295646328983614,2.2182840634881336,0.10545031142590967,0.15203354419814277,513.4735828565356,464.63705872501833
187,1500,0.25,0.1,0,0.15,AIPW,2.6219722800407625,6.584389331965468,7.4460535100961565,0.2103251489631941,0.2889953515013224,358.3160524208662,300.3098825819483
187,1500,0.25,0.1,0,0.15,IPW,2.6219722800407625,6.584389331965468,7.4460535100961565,0.2103251489631941,0.2889953515013224,358.3160524208662,300.3098825819483
188,1500,0.5,0.1,0,0.15,AIPW,1.5344244116433394,2.8226940466878445,3.149944405781854,0.13563018999547782,0.1837364883747688,735.2809951849163,663.8479409364106
188,1500,0.5,0.1,0,0.15,IPW,1.5344244116433394,2.8226940466878445,3.149944405781854,0.13563018999547782,0.1837364883747688,735.2809951849163,663.8479409364106
189,1500,0.65,0.1,0,0.15,AIPW,1.2817784328997384,1.9824468286267545,2.1677457465244334,0.0958294266937174,0.1303823854320997,964.5360896495166,900.6739787927568
189,1500,0.65,0.1,0,0.15,IPW,1.2817784328997384,1.9824468286267545,2.1677457465244334,0.0958294266937174,0.1303823854320997,964.5360896495166,900.6739787927568
190,500,0.25,0.1,0.02,0.15,AIPW,2.475192211346229,7.326708417098482,8.16358275613624,0.2663022575951809,0.4083149616442334,116.0637449959024,75.82228732252281
190,500,0.25,0.1,0.02,0.15,IPW,2.475192211346229,7.326708417098482,8.16358275613624,0.2663022575951809,0.4083149616442334,116.0637449959024,75.82228732252281
191,500,0.5,0.1,0.02,0.15,AIPW,1.4828016459826052,3.009828892741007,3.329495439670356,0.1649503895821923,0.2460807067700284,243.11764827276485,192.7072735120917
191,500,0.5,0.1,0.02,0.15,IPW,1.4828016459826052,3.009828892741007,3.329495439670356,0.1649503895821923,0.2460807067700284,243.11764827276485,192.7072735120917
192,500,0.65,0.1,0.02,0.15,AIPW,1.2497787925204802,2.0949160489769127,2.289317672978047,0.1182448342162538,0.17698900504369322,320.08604119062045,265.9049243274265
192,500,0.65,0.1,0.02,0.15,IPW,1.2497787925204802,2.0949160489769127,2.289317672978047,0.1182448342162538,0.17698900504369322,320.08604119062045,265.9049243274265
193,800,0.25,0.1,0.02,0.15,AIPW,2.550798771790165,6.906636705330531,7.756790939998653,0.23655767297610564,0.35165019718348245,189.153779708828,145.1203969847201
193,800,0.25,0.1,0.02,0.15,IPW,2.550798771790165,6.906636705330531,7.756790939998653,0.23655767297610564,0.35165019718348245,189.153779708828,145.1203969847201
194,800,0.5,0.1,0.02,0.15,AIPW,1.511644475897158,2.9080568691674262,3.2190062101558956,0.14921506835814807,0.21253796139238249,390.7752293332068,339.75635409974865
194,800,0.5,0.1,0.02,0.15,IPW,1.511644475897158,2.9080568691674262,3.2190062101558956,0.14921506835814807,0.21253796139238249,390.7752293332068,339.75635409974865
195,800,0.65,0.1,0.02,0.15,AIPW,1.265930104161053,2.029649264595026,2.216874513746058,0.10570659881743956,0.15253224033106771,513.7924516630636,464.83306377024087
195,800,0.65,0.1,0.02,0.15,IPW,1.265930104161053,2.029649264595026,2.216874513746058,0.10570659881743956,0.15253224033106771,513.7924516630636,464.83306377024087
196,1500,0.25,0.1,0.02,0.15,AIPW,2.61436160891383,6.579876151170921,7.453496093971119,0.21127236935591517,0.2935752369708005,358.6555124827908,294.12587800481134
196,1500,0.25,0.1,0.02,0.15,IPW,2.61436160891383,6.579876151170921,7.453496093971119,0.21127236935591517,0.2935752369708005,358.6555124827908,294.12587800481134
197,1500,0.5,0.1,0.02,0.15,AIPW,1.535365925044447,2.8183386098736745,3.14132021105617,0.1353817128684306,0.18243727983498717,735.7706917236954,678.3069387781479
197,1500,0.5,0.1,0.02,0.15,IPW,1.535365925044447,2.8183386098736745,3.14132021105617,0.1353817128684306,0.18243727983498717,735.7706917236954,678.3069387781479
198,1500,0.65,0.1,0.02,0.15,AIPW,1.2792652710939345,1.984096410407563,2.1725538864494043,0.0966946786070717,0.1307683488578682,965.4300511890248,891.7700209716145
198,1500,0.65,0.1,0.02,0.15,IPW,1.2792652710939345,1.984096410407563,2.1725538864494043,0.0966946786070717,0.1307683488578682,965.4300511890248,891.7700209716145
199,500,0.25,0.1,0.05,0.15,AIPW,2.458813358261039,7.358336608556019,8.201788291094202,0.2689111297960147,0.4206641305453747,116.03476635965563,74.27631905784969
199,500,0.25,0.1,0.05,0.15,IPW,2.458813358261039,7.358336608556019,8.201788291094202,0.2689111297960147,0.4206641305453747,116.03476635965563,74.27631905784969
200,500,0.5,0.1,0.05,0.15,AIPW,1.4817694859305093,3.0063275858338363,3.329013664296623,0.16452071020626896,0.24561234067945031,243.0890345040142,195.30130570898723
200,500,0.5,0.1,0.05,0.15,IPW,1.4817694859305093,3.0063275858338363,3.329013664296623,0.16452071020626896,0.24561234067945031,243.0890345040142,195.30130570898723
201,500,0.65,0.1,0.05,0.15,AIPW,1.249186879418937,2.0968601845289516,2.2938980512418516,0.11848372259973676,0.17655734974243836,319.8916064310426,278.26049215109947
201,500,0.65,0.1,0.05,0.15,IPW,1.249186879418937,2.0968601845289516,2.2938980512418516,0.11848372259973676,0.17655734974243836,319.8916064310426,278.26049215109947
202,800,0.25,0.1,0.05,0.15,AIPW,2.5436426944976,6.935671929972774,7.808469492481572,0.23765049660220056,0.34685620640309694,188.73644454641752,141.27958282534206
202,800,0.25,0.1,0.05,0.15,IPW,2.5436426944976,6.935671929972774,7.808469492481572,0.23765049660220056,0.34685620640309694,188.73644454641752,141.27958282534206
203,800,0.5,0.1,0.05,0.15,AIPW,1.509640356867395,2.89505380897166,3.2082992030759816,0.14834204587593194,0.21071760109215465,391.2266383759451,334.41749932402405
203,800,0.5,0.1,0.05,0.15,IPW,1.509640356867395,2.89505380897166,3.2082992030759816,0.14834204587593194,0.21071760109215465,391.2266383759451,334.41749932402405
204,800,0.65,0.1,0.05,0.15,AIPW,1.2653223041847557,2.0299564122019964,2.216662178091908,0.10585024922319304,0.15136332186661505,513.8318156469883,464.2389779219815
204,800,0.65,0.1,0.05,0.15,IPW,1.2653223041847557,2.0299564122019964,2.216662178091908,0.10585024922319304,0.15136332186661505,513.8318156469883,464.2389779219815
205,1500,0.25,0.1,0.05,0.15,AIPW,2.615793150737048,6.604920597037709,7.460487671222792,0.21192993487782755,0.2932286630945958,358.20160860316975,297.52999023029
205,1500,0.25,0.1,0.05,0.15,IPW,2.615793150737048,6.604920597037709,7.460487671222792,0.21192993487782755,0.2932286630945958,358.20160860316975,297.52999023029
206,1500,0.5,0.1,0.05,0.15,AIPW,1.5350445442620675,2.82024898028751,3.1433040615288093,0.13508237584615224,0.18096508194361752,735.0645209487143,663.3505045575001
206,1500,0.5,0.1,0.05,0.15,IPW,1.5350445442620675,2.82024898028751,3.1433040615288093,0.13508237584615224,0.18096508194361752,735.0645209487143,663.3505045575001
207,1500,0.65,0.1,0.05,0.15,AIPW,1.2802892946794848,1.9827431805454616,2.1651981270071925,0.09621889285943593,0.13120532163044266,965.3911301136892,904.9733613916004
207,1500,0.65,0.1,0.05,0.15,IPW,1.2802892946794848,1.9827431805454616,2.1651981270071925,0.09621889285943593,0.13120532163044266,965.3911301136892,904.9733613916004
208,500,0.25,0.1,0.1,0.15,AIPW,2.459576555254154,7.294804245435901,8.144973628505076,0.26711286161060926,0.42278847578732814,116.55955833004434,80.95390444325325
208,500,0.25,0.1,0.1,0.15,IPW,2.459576555254154,7.294804245435901,8.144973628505076,0.26711286161060926,0.42278847578732814,116.55955833004434,80.95390444325325
209,500,0.5,0.1,0.1,0.15,AIPW,1.4834468311558222,3.006769051682076,3.3250993188505684,0.1646824069102433,0.2419720136760612,243.4668749666777,200.2683032672101
209,500,0.5,0.1,0.1,0.15,IPW,1.4834468311558222,3.006769051682076,3.3250993188505684,0.1646824069102433,0.2419720136760612,243.4668749666777,200.2683032672101
210,500,0.65,0.1,0.1,0.15,AIPW,1.2496755773886783,2.09580126683679,2.297362122973263,0.11818641913083384,0.17547854218624412,320.2069091890178,283.5951379750581
210,500,0.65,0.1,0.1,0.15,IPW,1.2496755773886783,2.09580126683679,2.297362122973263,0.11818641913083384,0.17547854218624412,320.2069091890178,283.5951379750581
211,800,0.25,0.1,0.1,0.15,AIPW,2.5465897486476825,6.914099125177164,7.749931506152229,0.23601724664855275,0.35116328707337197,188.78809612406152,136.6952605210063
211,800,0.25,0.1,0.1,0.15,IPW,2.5465897486476825,6.914099125177164,7.749931506152229,0.23601724664855275,0.35116328707337197,188.78809612406152,136.6952605210063
212,800,0.5,0.1,0.1,0.15,AIPW,1.512372394676352,2.902169895932981,3.213831976088977,0.14881100445462092,0.21011138367643245,391.0988848185536,336.7036808583989
212,800,0.5,0.1,0.1,0.15,IPW,1.512372394676352,2.902169895932981,3.213831976088977,0.14881100445462092,0.21011138367643245,391.0988848185536,336.7036808583989
213,800,0.65,0.1,0.1,0.15,AIPW,1.2672759392313868,2.0300864383037274,2.2138486814751803,0.1057242619173166,0.15195849163584907,513.9383047591214,461.824458055173
213,800,0.65,0.1,0.1,0.15,IPW,1.2672759392313868,2.0300864383037274,2.2138486814751803,0.1057242619173166,0.15195849163584907,513.9383047591214,461.824458055173
214,1500,0.25,0.1,0.1,0.15,AIPW,2.625650141513729,6.571290090960152,7.434169491334893,0.21062485856336297,0.29432186588459297,358.9634980055934,297.44482292567216
214,1500,0.25,0.1,0.1,0.15,IPW,2.625650141513729,6.571290090960152,7.434169491334893,0.21062485856336297,0.29432186588459297,358.9634980055934,297.44482292567216
215,1500,0.5,0.1,0.1,0.15,AIPW,1.5309879397467168,2.8256550820830144,3.152508264978073,0.1362541704453111,0.1829203684299004,735.2479683057468,661.0837288243085
215,1500,0.5,0.1,0.1,0.15,IPW,1.5309879397467168,2.8256550820830144,3.152508264978073,0.1362541704453111,0.1829203684299004,735.2479683057468,661.0837288243085
216,1500,0.65,0.1,0.1,0.15,AIPW,1.2790715525336986,1.986265972130903,2.1714816803556176,0.09681823935135304,0.12928588336825117,965.6190927323044,878.8302318242104
216,1500,0.65,0.1,0.1,0.15,IPW,1.2790715525336986,1.986265972130903,2.1714816803556176,0.09681823935135304,0.12928588336825117,965.6190927323044,878.8302318242104
217,500,0.25,0.01,0,0.3,AIPW,2.4509225728060224,7.381663102850384,8.207842310180835,0.2697313303961168,0.4079016131407545,116.29661256868285,78.05761575078992
217,500,0.25,0.01,0,0.3,IPW,2.4509225728060224,7.381663102850384,8.207842310180835,0.2697313303961168,0.4079016131407545,116.29661256868285,78.05761575078992
218,500,0.5,0.01,0,0.3,AIPW,1.4868253037333738,3.014391038938882,3.332404637948223,0.1648139144984774,0.24717359964511793,242.6994196048049,199.42884905034063
218,500,0.5,0.01,0,0.3,IPW,1.4868253037333738,3.014391038938882,3.332404637948223,0.1648139144984774,0.24717359964511793,242.6994196048049,199.42884905034063
219,500,0.65,0.01,0,0.3,AIPW,1.2519794515371891,2.085494810186919,2.27574953743168,0.11639668310060967,0.1722635341638507,320.3623564196898,272.5007263051028
219,500,0.65,0.01,0,0.3,IPW,1.2519794515371891,2.085494810186919,2.27574953743168,0.11639668310060967,0.1722635341638507,320.3623564196898,272.5007263051028
220,800,0.25,0.01,0,0.3,AIPW,2.538172840668752,6.872523354298954,7.698795828123464,0.2349271889618084,0.34137695909847615,189.7263626276326,143.86165623906257
220,800,0.25,0.01,0,0.3,IPW,2.538172840668752,6.872523354298954,7.698795828123464,0.2349271889618084,0.34137695909847615,189.7263626276326,143.86165623906257
221,800,0.5,0.01,0,0.3,AIPW,1.5106803743119452,2.8986182905838795,3.209464222555508,0.14789935425755105,0.2104148231404905,390.71490698711307,338.56031051030794
221,800,0.5,0.01,0,0.3,IPW,1.5106803743119452,2.8986182905838795,3.209464222555508,0.14789935425755105,0.2104148231404905,390.71490698711307,338.56031051030794
222,800,0.65,0.01,0,0.3,AIPW,1.2633311006725303,2.029470159468264,2.22032161968334,0.10597776661593736,0.15089123538232732,513.9013453928698,452.91035935400174
222,800,0.65,0.01,0,0.3,IPW,1.2633311006725303,2.029470159468264,2.22032161968334,0.10597776661593736,0.15089123538232732,513.9013453928698,452.91035935400174
223,1500,0.25,0.01,0,0.3,AIPW,2.613777855647418,6.57309440184993,7.440708559392704,0.20979572500946508,0.29163459927342494,358.54650576013285,298.91976029515627
223,1500,0.25,0.01,0,0.3,IPW,2.613777855647418,6.57309440184993,7.440708559392704,0.20979572500946508,0.29163459927342494,358.54650576013285,298.91976029515627
224,1500,0.5,0.01,0,0.3,AIPW,1.5328205373343498,2.8180610289114933,3.14679806278448,0.1350224693313958,0.17916279238675384,735.8688836930613,662.8885526390034
224,1500,0.5,0.01,0,0.3,IPW,1.5328205373343498,2.8180610289114933,3.14679806278448,0.1350224693313958,0.17916279238675384,735.8688836930613,662.8885526390034
225,1500,0.65,0.01,0,0.3,AIPW,1.2785043264991909,1.9841536277180825,2.174019906281974,0.09634062931360972,0.12968286931497894,965.6253066762,885.9674774880007
225,1500,0.65,0.01,0,0.3,IPW,1.2785043264991909,1.9841536277180825,2.174019906281974,0.09634062931360972,0.12968286931497894,965.6253066762,885.9674774880007
226,500,0.25,0.01,0.02,0.3,AIPW,2.4535062924871784,7.379475022311267,8.220617914547063,0.2692746434471178,0.4123139009717132,116.05495092293762,69.6201012254572
226,500,0.25,0.01,0.02,0.3,IPW,2.4535062924871784,7.379475022311267,8.220617914547063,0.2692746434471178,0.4123139009717132,116.05495092293762,69.6201012254572
227,500,0.5,0.01,0.02,0.3,AIPW,1.4861091589404385,2.992315567951028,3.301367142539387,0.1630106639097981,0.239535285821322,243.5638033265357,198.90480556044457
227,500,0.5,0.01,0.02,0.3,IPW,1.4861091589404385,2.992315567951028,3.301367142539387,0.1630106639097981,0.239535285821322,243.5638033265357,198.90480556044457
228,500,0.65,0.01,0.02,0.3,AIPW,1.2545351538665586,2.0820942632189334,2.2708414210748034,0.11612399299321212,0.17441991224829476,320.07553643125334,280.74482977637837
228,500,0.65,0.01,0.02,0.3,IPW,1.2545351538665586,2.0820942632189334,2.2708414210748034,0.11612399299321212,0.17441991224829476,320.07553643125334,280.74482977637837
229,800,0.25,0.01,0.02,0.3,AIPW,2.533888636938499,6.918624616464692,7.737411239455161,0.2368474681811392,0.3424207510573524,189.1061323200381,143.2706274498882
229,800,0.25,0.01,0.02,0.3,IPW,2.533888636938499,6.918624616464692,7.737411239455161,0.2368474681811392,0.3424207510573524,189.1061323200381,143.2706274498882
230,800,0.5,0.01,0.02,0.3,AIPW,1.5063852261609116,2.906798751579734,3.2178270488374836,0.14956924135516014,0.21605687918160288,391.22372103812154,337.7664248315125
230,800,0.5,0.01,0.02,0.3,IPW,1.5063852261609116,2.906798751579734,3.2178270488374836,0.14956924135516014,0.21605687918160288,391.22372103812154,337.7664248315125
231,800,0.65,0.01,0.02,0.3,AIPW,1.2663290973278691,2.03050954732007,2.2169446557443804,0.10580472286175588,0.14992162000758458,513.4254791453034,464.9810290526977
231,800,0.65,0.01,0.02,0.3,IPW,1.2663290973278691,2.03050954732007,2.2169446557443804,0.10580472286175588,0.14992162000758458,513.4254791453034,464.9810290526977
232,1500,0.25,0.01,0.02,0.3,AIPW,2.609715654261764,6.6119208102764135,7.492596802865572,0.21246119572180852,0.29359530098970926,358.3703619087981,299.7162251387844
232,1500,0.25,0.01,0.02,0.3,IPW,2.609715654261764,6.6119208102764135,7.492596802865572,0.21246119572180852,0.29359530098970926,358.3703619087981,299.7162251387844
233,1500,0.5,0.01,0.02,0.3,AIPW,1.5285989916831637,2.81743582030497,3.14313052185626,0.13589927823379827,0.1835293191387749,736.9470582872011,668.3093561140611
233,1500,0.5,0.01,0.02,0.3,IPW,1.5285989916831637,2.81743582030497,3.14313052185626,0.13589927823379827,0.1835293191387749,736.9470582872011,668.3093561140611
234,1500,0.65,0.01,0.02,0.3,AIPW,1.2774017002802438,1.9837854418661327,2.174670606379503,0.09631455940623046,0.13033142667875694,965.3259597647456,900.0975133585036
234,1500,0.65,0.01,0.02,0.3,IPW,1.2774017002802438,1.9837854418661327,2.174670606379503,0.09631455940623046,0.13033142667875694,965.3259597647456,900.0975133585036
235,500,0.25,0.01,0.05,0.3,AIPW,2.4733591387922944,7.355958258977806,8.201847283067284,0.2667863315673433,0.4166924831609115,116.2309434322905,60.78237024702233
235,500,0.25,0.01,0.05,0.3,IPW,2.4733591387922944,7.355958258977806,8.201847283067284,0.2667863315673433,0.4166924831609115,116.2309434322905,60.78237024702233
236,500,0.5,0.01,0.05,0.3,AIPW,1.4844038675042768,3.0161054752403675,3.335407687519675,0.1650248527971664,0.24573028863303245,242.65116245803029,204.3853425226686
236,500,0.5,0.01,0.05,0.3,IPW,1.4844038675042768,3.0161054752403675,3.335407687519675,0.1650248527971664,0.24573028863303245,242.65116245803029,204.3853425226686
237,500,0.65,0.01,0.05,0.3,AIPW,1.2487240156258528,2.08572318893902,2.2771164312392727,0.11674328889752723,0.17456689245691578,320.57937559407964,278.7500873481652
237,500,0.65,0.01,0.05,0.3,IPW,1.2487240156258528,2.08572318893902,2.2771164312392727,0.11674328889752723,0.17456689245691578,320.57937559407964,278.7500873481652
238,800,0.25,0.01,0.05,0.3,AIPW,2.540187185797479,6.931627971907538,7.788159050427652,0.2365186371950479,0.35307831986770843,188.65090008913407,146.4404109366418
238,800,0.25,0.01,0.05,0.3,IPW,2.540187185797479,6.931627971907538,7.788159050427652,0.2365186371950479,0.35307831986770843,188.65090008913407,146.4404109366418
239,800,0.5,0.01,0.05,0.3,AIPW,1.5068575950138872,2.9104746436133415,3.2394051288664896,0.14979438779237206,0.21440069727519304,390.6071503080492,341.37232189244975
239,800,0.5,0.01,0.05,0.3,IPW,1.5068575950138872,2.9104746436133415,3.2394051288664896,0.14979438779237206,0.21440069727519304,390.6071503080492,341.37232189244975
240,800,0.65,0.01,0.05,0.3,AIPW,1.267373643691544,2.027570354758292,2.2131776398967853,0.10516092160333074,0.15244125943944276,513.7026893961421,459.19917868851473
240,800,0.65,0.01,0.05,0.3,IPW,1.267373643691544,2.027570354758292,2.2131776398967853,0.10516092160333074,0.15244125943944276,513.7026893961421,459.19917868851473
241,1500,0.25,0.01,0.05,0.3,AIPW,2.621926467075407,6.603985341151773,7.490873957301099,0.2111195050577238,0.2901907486508455,358.0472258041893,280.8313871819121
241,1500,0.25,0.01,0.05,0.3,IPW,2.621926467075407,6.603985341151773,7.490873957301099,0.2111195050577238,0.2901907486508455,358.0472258041893,280.8313871819121
242,1500,0.5,0.01,0.05,0.3,AIPW,1.5322046716933502,2.814747506629101,3.143246765066593,0.13528662696744173,0.17985700772670302,736.8775524642002,672.2897336799168
242,1500,0.5,0.01,0.05,0.3,IPW,1.5322046716933502,2.814747506629101,3.143246765066593,0.13528662696744173,0.17985700772670302,736.8775524642002,672.2897336799168
243,1500,0.65,0.01,0.05,0.3,AIPW,1.27781809193813,1.9795583442418845,2.16879808991065,0.09589364922834384,0.12925323392619262,965.8465102760192,902.410515785513
243,1500,0.65,0.01,0.05,0.3,IPW,1.27781809193813,1.9795583442418845,2.16879808991065,0.09589364922834384,0.12925323392619262,965.8465102760192,902.410515785513
244,500,0.25,0.01,0.1,0.3,AIPW,2.450139731182806,7.379191113558514,8.236019148230701,0.2701422810053428,0.4188617533511599,116.29073143846637,76.91405598999472
244,500,0.25,0.01,0.1,0.3,IPW,2.450139731182806,7.379191113558514,8.236019148230701,0.2701422810053428,0.4188617533511599,116.29073143846637,76.91405598999472
245,500,0.5,0.01,0.1,0.3,AIPW,1.48300520188656,3.0122927445434127,3.331749133349126,0.16484831011717946,0.24671903442130047,242.93982865916817,187.68296181002071
245,500,0.5,0.01,0.1,0.3,IPW,1.48300520188656,3.0122927445434127,3.331749133349126,0.16484831011717946,0.24671903442130047,242.93982865916817,187.68296181002071
246,500,0.65,0.01,0.1,0.3,AIPW,1.248096017065635,2.1021229384504765,2.295946626217149,0.1189341755983151,0.176426881888306,320.052281521868,284.9982627239049
246,500,0.65,0.01,0.1,0.3,IPW,1.248096017065635,2.1021229384504765,2.295946626217149,0.1189341755983151,0.176426881888306,320.052281521868,284.9982627239049
247,800,0.25,0.01,0.1,0.3,AIPW,2.5445948183274907,6.896951318493834,7.742148618796772,0.23479030709098225,0.34719559811242945,188.73563531635656,149.17604274519726
247,800,0.25,0.01,0.1,0.3,IPW,2.5445948183274907,6.896951318493834,7.742148618796772,0.23479030709098225,0.34719559811242945,188.73563531635656,149.17604274519726
248,800,0.5,0.01,0.1,0.3,AIPW,1.5104489013954008,2.8994264229931948,3.218685797290775,0.14832370301831377,0.21206809873283436,390.6475625312161,341.9716929716746
248,800,0.5,0.01,0.1,0.3,IPW,1.5104489013954008,2.8994264229931948,3.218685797290775,0.14832370301831377,0.21206809873283436,390.6475625312161,341.9716929716746
249,800,0.65,0.01,0.1,0.3,AIPW,1.266457680082273,2.030816832490439,2.21576694250324,0.10562902059710556,0.15146126049790057,513.4982384390947,465.1257069415422
249,800,0.65,0.01,0.1,0.3,IPW,1.266457680082273,2.030816832490439,2.21576694250324,0.10562902059710556,0.15146126049790057,513.4982384390947,465.1257069415422
250,1500,0.25,0.01,0.1,0.3,AIPW,2.6158238981868975,6.583705755423185,7.449059113818534,0.21064643821090065,0.2888203247123449,357.9781728611505,296.77380026979023
250,1500,0.25,0.01,0.1,0.3,IPW,2.6158238981868975,6.583705755423185,7.449059113818534,0.21064643821090065,0.2888203247123449,357.9781728611505,296.77380026979023
251,1500,0.5,0.01,0.1,0.3,AIPW,1.5289502667367731,2.8244172229507782,3.159920541999369,0.13632210786969334,0.18384696304135237,736.0061721339764,663.9776780177702
251,1500,0.5,0.01,0.1,0.3,IPW,1.5289502667367731,2.8244172229507782,3.159920541999369,0.13632210786969334,0.18384696304135237,736.0061721339764,663.9776780177702
252,1500,0.65,0.01,0.1,0.3,AIPW,1.2787972358006985,1.9879449074695197,2.1755900005945006,0.09686996151476288,0.13031499934532004,964.9371846011844,901.272013285722
252,1500,0.65,0.01,0.1,0.3,IPW,1.2787972358006985,1.9879449074695197,2.1755900005945006,0.09686996151476288,0.13031499934532004,964.9371846011844,901.272013285722
253,500,0.25,0.05,0,0.3,AIPW,2.45603895995253,7.363250641299228,8.218976976822585,0.26935824155569343,0.41229440813273294,116.02921443104158,70.89685888061527
253,500,0.25,0.05,0,0.3,IPW,2.45603895995253,7.363250641299228,8.218976976822585,0.26935824155569343,0.41229440813273294,116.02921443104158,70.89685888061527
254,500,0.5,0.05,0,0.3,AIPW,1.4807009489390908,3.018381310419293,3.3388853735905277,0.16574731005031812,0.2452889897707361,243.08037619976656,206.7123330183733
254,500,0.5,0.05,0,0.3,IPW,1.4807009489390908,3.018381310419293,3.3388853735905277,0.16574731005031812,0.2452889897707361,243.08037619976656,206.7123330183733
255,500,0.65,0.05,0,0.3,AIPW,1.2500467622078784,2.09436835451098,2.2924666985743456,0.1177080395696166,0.17477283424786105,319.8597730049162,278.24098337610036
255,500,0.65,0.05,0,0.3,IPW,1.2500467622078784,2.09436835451098,2.2924666985743456,0.1177080395696166,0.17477283424786105,319.8597730049162,278.24098337610036
256,800,0.25,0.05,0,0.3,AIPW,2.5350608295867954,6.907349675227,7.758216504682685,0.23717210400425787,0.345706102994929,189.1405730099137,117.74051479839562
256,800,0.25,0.05,0,0.3,IPW,2.5350608295867954,6.907349675227,7.758216504682685,0.23717210400425787,0.345706102994929,189.1405730099137,117.74051479839562
257,800,0.5,0.05,0,0.3,AIPW,1.5103552045305,2.8979020617461955,3.2119508121892837,0.14811655248902111,0.21242961659875717,391.2698477939649,347.2799545426929
257,800,0.5,0.05,0,0.3,IPW,1.5103552045305,2.8979020617461955,3.2119508121892837,0.14811655248902111,0.21242961659875717,391.2698477939649,347.2799545426929
258,800,0.65,0.05,0,0.3,AIPW,1.2627299481471044,2.031032643648416,2.2221178132830337,0.10620152166163677,0.15000556269722576,513.8545656902103,465.4741116475
258,800,0.65,0.05,0,0.3,IPW,1.2627299481471044,2.031032643648416,2.2221178132830337,0.10620152166163677,0.15000556269722576,513.8545656902103,465.4741116475
259,1500,0.25,0.05,0,0.3,AIPW,2.624105496598753,6.554986133964477,7.402564374150712,0.20909272245057745,0.2901885797759383,358.43663677463877,301.2551078799564
259,1500,0.25,0.05,0,0.3,IPW,2.624105496598753,6.554986133964477,7.402564374150712,0.20909272245057745,0.2901885797759383,358.43663677463877,301.2551078799564
260,1500,0.5,0.05,0,0.3,AIPW,1.5294094195625894,2.8127283190572565,3.135980170700727,0.13508424673597372,0.18134767891335377,737.3357613551537,664.770582894531
260,1500,0.5,0.05,0,0.3,IPW,1.5294094195625894,2.8127283190572565,3.135980170700727,0.13508424673597372,0.18134767891335377,737.3357613551537,664.770582894531
261,1500,0.65,0.05,0,0.3,AIPW,1.279420052406829,1.985322493262025,2.173550970503712,0.0963638357903222,0.12922011132765507,964.4777655821712,900.5406559298747
261,1500,0.65,0.05,0,0.3,IPW,1.279420052406829,1.985322493262025,2.173550970503712,0.0963638357903222,0.12922011132765507,964.4777655821712,900.5406559298747
262,500,0.25,0.05,0.02,0.3,AIPW,2.43419910054838,7.327739165624066,8.191469218066528,0.26882388825695497,0.4065474504861487,116.61870770568416,80.48843091416809
262,500,0.25,0.05,0.02,0.3,IPW,2.43419910054838,7.327739165624066,8.191469218066528,0.26882388825695497,0.4065474504861487,116.61870770568416,80.48843091416809
263,500,0.5,0.05,0.02,0.3,AIPW,1.4832998794496663,3.0112052493774275,3.3316099869803386,0.16502119259556783,0.2474292145744997,242.98551159005544,200.6450092669803
263,500,0.5,0.05,0.02,0.3,IPW,1.4832998794496663,3.0112052493774275,3.3316099869803386,0.16502119259556783,0.2474292145744997,242.98551159005544,200.6450092669803
264,500,0.65,0.05,0.02,0.3,AIPW,1.2481478604920162,2.095355603020163,2.297160700496822,0.11822335495868178,0.17465898269388516,319.9491825834851,283.1554893339969
264,500,0.65,0.05,0.02,0.3,IPW,1.2481478604920162,2.095355603020163,2.297160700496822,0.11822335495868178,0.17465898269388516,319.9491825834851,283.1554893339969
265,800,0.25,0.05,0.02,0.3,AIPW,2.5454118296069663,6.9140329810367485,7.747674706095301,0.23621121938086775,0.3460510985524878,188.69500619241416,146.969726018908
265,800,0.25,0.05,0.02,0.3,IPW,2.5454118296069663,6.9140329810367485,7.747674706095301,0.23621121938086775,0.3460510985524878,188.69500619241416,146.969726018908
266,800,0.5,0.05,0.02,0.3,AIPW,1.5102620280196632,2.9065476267739063,3.2326220590297483,0.1491982993674698,0.2090977270055724,390.7873265710097,341.6084523712024
266,800,0.5,0.05,0.02,0.3,IPW,1.5102620280196632,2.9065476267739063,3.2326220590297483,0.1491982993674698,0.2090977270055724,390.7873265710097,341.6084523712024
267,800,0.65,0.05,0.02,0.3,AIPW,1.266513168439085,2.0330138520237067,2.2239180447418563,0.10604333716468532,0.15048546602647678,513.629395524804,466.88995971074
267,800,0.65,0.05,0.02,0.3,IPW,1.266513168439085,2.0330138520237067,2.2239180447418563,0.10604333716468532,0.15048546602647678,513.629395524804,466.88995971074
268,1500,0.25,0.05,0.02,0.3,AIPW,2.6083545037817486,6.585588079054681,7.447966306660724,0.21190978956737563,0.2953241574984059,358.5905960426259,290.107825890825
268,1500,0.25,0.05,0.02,0.3,IPW,2.6083545037817486,6.585588079054681,7.447966306660724,0.21190978956737563,0.2953241574984059,358.5905960426259,290.107825890825
269,1500,0.5,0.05,0.02,0.3,AIPW,1.529616725418986,2.8192726263572183,3.1452503907361895,0.13567298099632832,0.18071563990698308,736.3180089744731,652.5871598023734
269,1500,0.5,0.05,0.02,0.3,IPW,1.529616725418986,2.8192726263572183,3.1452503907361895,0.13567298099632832,0.18071563990698308,736.3180089744731,652.5871598023734
270,1500,0.65,0.05,0.02,0.3,AIPW,1.279083745942762,1.9766284341382403,2.163551718142691,0.09544174255189032,0.12883671479125933,966.1895851946548,900.7483517734228
270,1500,0.65,0.05,0.02,0.3,IPW,1.279083745942762,1.9766284341382403,2.163551718142691,0.09544174255189032,0.12883671479125933,966.1895851946548,900.7483517734228
271,500,0.25,0.05,0.05,0.3,AIPW,2.4387656345429227,7.407962802148702,8.27383840222036,0.2728824741081431,0.4248633145767745,116.06447726090676,77.014690449871
271,500,0.25,0.05,0.05,0.3,IPW,2.4387656345429227,7.407962802148702,8.27383840222036,0.2728824741081431,0.4248633145767745,116.06447726090676,77.014690449871
272,500,0.5,0.05,0.05,0.3,AIPW,1.481922290420855,3.006929982490881,3.324023528182009,0.16481557229902727,0.2416170510095199,242.9691608150695,202.50698746115967
272,500,0.5,0.05,0.05,0.3,IPW,1.481922290420855,3.006929982490881,3.324023528182009,0.16481557229902727,0.2416170510095199,242.9691608150695,202.50698746115967
273,500,0.65,0.05,0.05,0.3,AIPW,1.2473072958687617,2.0937959836515696,2.2881027812483343,0.1179164059086188,0.1743674782271452,320.1257199257014,285.640213930649
273,500,0.65,0.05,0.05,0.3,IPW,1.2473072958687617,2.0937959836515696,2.2881027812483343,0.1179164059086188,0.1743674782271452,320.1257199257014,285.640213930649
274,800,0.25,0.05,0.05,0.3,AIPW,2.5501194011688684,6.918845419170647,7.75281157831795,0.23607930538759392,0.34461325715057706,188.7131292136459,137.48412095124868
274,800,0.25,0.05,0.05,0.3,IPW,2.5501194011688684,6.918845419170647,7.75281157831795,0.23607930538759392,0.34461325715057706,188.7131292136459,137.48412095124868
275,800,0.5,0.05,0.05,0.3,AIPW,1.5082388282853822,2.913551840831518,3.24199422281488,0.14975595976783543,0.2137496416218657,390.0498622711736,332.3885454410269
275,800,0.5,0.05,0.05,0.3,IPW,1.5082388282853822,2.913551840831518,3.24199422281488,0.14975595976783543,0.2137496416218657,390.0498622711736,332.3885454410269
276,800,0.65,0.05,0.05,0.3,AIPW,1.2649531459800376,2.0343961998194464,2.2234658711041155,0.10626036561797604,0.1535721027450349,513.4475154820576,460.13366685761895
276,800,0.65,0.05,0.05,0.3,IPW,1.2649531459800376,2.0343961998194464,2.2234658711041155,0.10626036561797604,0.1535721027450349,513.4475154820576,460.13366685761895
277,1500,0.25,0.05,0.05,0.3,AIPW,2.6165365409036276,6.5865937974519255,7.46083496429995,0.2113513781367276,0.29111327802519454,358.264553677308,297.6557805789282
277,1500,0.25,0.05,0.05,0.3,IPW,2.6165365409036276,6.5865937974519255,7.46083496429995,0.2113513781367276,0.29111327802519454,358.264553677308,297.6557805789282
278,1500,0.5,0.05,0.05,0.3,AIPW,1.5296147015522037,2.8178494818226207,3.1473453034329006,0.13565618373705038,0.1821365458058236,735.7530120278575,670.0507208595818
278,1500,0.5,0.05,0.05,0.3,IPW,1.5296147015522037,2.8178494818226207,3.1473453034329006,0.13565618373705038,0.1821365458058236,735.7530120278575,670.0507208595818
279,1500,0.65,0.05,0.05,0.3,AIPW,1.2792826754066078,1.981239821366364,2.170855695738457,0.09611620023386327,0.12935966922156075,965.6804445293636,900.4658450570817
279,1500,0.65,0.05,0.05,0.3,IPW,1.2792826754066078,1.981239821366364,2.170855695738457,0.09611620023386327,0.12935966922156075,965.6804445293636,900.4658450570817
280,500,0.25,0.05,0.1,0.3,AIPW,2.464551207291789,7.317894133055997,8.158069268196119,0.2660959545677432,0.4122818662407408,116.29031330235908,80.88140215546379
280,500,0.25,0.05,0.1,0.3,IPW,2.464551207291789,7.317894133055997,8.158069268196119,0.2660959545677432,0.4122818662407408,116.29031330235908,80.88140215546379
281,500,0.5,0.05,0.1,0.3,AIPW,1.4842127258732194,3.020146014977547,3.342155103095728,0.1656634615913965,0.24785050523370108,242.7685838848899,198.0421439311271
281,500,0.5,0.05,0.1,0.3,IPW,1.4842127258732194,3.020146014977547,3.342155103095728,0.1656634615913965,0.24785050523370108,242.7685838848899,198.0421439311271
282,500,0.65,0.05,0.1,0.3,AIPW,1.2496691178173898,2.08366823763075,2.27681568561477,0.117059243812313,0.17646448942469084,320.7730219591309,283.4156507441919
282,500,0.65,0.05,0.1,0.3,IPW,1.2496691178173898,2.08366823763075,2.27681568561477,0.117059243812313,0.17646448942469084,320.7730219591309,283.4156507441919
283,800,0.25,0.05,0.1,0.3,AIPW,2.530990710441935,6.960906537664842,7.810826557274315,0.23950909283886596,0.35407641776784193,188.6375223237047,143.02067238847587
283,800,0.25,0.05,0.1,0.3,IPW,2.530990710441935,6.960906537664842,7.810826557274315,0.23950909283886596,0.35407641776784193,188.6375223237047,143.02067238847587
284,800,0.5,0.05,0.1,0.3,AIPW,1.5099657849994967,2.906867185312926,3.232349375399531,0.1490191290900209,0.21315084706777987,390.66099039906777,335.98585129067163
284,800,0.5,0.05,0.1,0.3,IPW,1.5099657849994967,2.906867185312926,3.232349375399531,0.1490191290900209,0.21315084706777987,390.66099039906777,335.98585129067163
285,800,0.65,0.05,0.1,0.3,AIPW,1.2668137013472582,2.031422360694453,2.2177547916585025,0.1058391052801821,0.1520439833870779,513.5244866406885,467.06804692277984
285,800,0.65,0.05,0.1,0.3,IPW,1.2668137013472582,2.031422360694453,2.2177547916585025,0.1058391052801821,0.1520439833870779,513.5244866406885,467.06804692277984
286,1500,0.25,0.05,0.1,0.3,AIPW,2.6145388901203215,6.557855245116526,7.423278527130501,0.2096938500233424,0.28855027864575455,358.999474893504,289.69834478057044
286,1500,0.25,0.05,0.1,0.3,IPW,2.6145388901203215,6.557855245116526,7.423278527130501,0.2096938500233424,0.28855027864575455,358.999474893504,289.69834478057044
287,1500,0.5,0.05,0.1,0.3,AIPW,1.530872600661327,2.8226247642937214,3.150038637382118,0.13581168462416757,0.18107430788377452,735.1150375856291,673.1977798662888
287,1500,0.5,0.05,0.1,0.3,IPW,1.530872600661327,2.8226247642937214,3.150038637382118,0.13581168462416757,0.18107430788377452,735.1150375856291,673.1977798662888
288,1500,0.65,0.05,0.1,0.3,AIPW,1.2774854924162755,1.983789033434988,2.170917641662397,0.09650217516029704,0.12860228629892695,965.6112293024682,905.1805027230516
288,1500,0.65,0.05,0.1,0.3,IPW,1.2774854924162755,1.983789033434988,2.170917641662397,0.09650217516029704,0.12860228629892695,965.6112293024682,905.1805027230516
289,500,0.25,0.1,0,0.3,AIPW,2.4510243684265456,7.430256615819874,8.294929930900826,0.2717895676697802,0.4295571719331865,115.95047488780718,81.16171487018822
289,500,0.25,0.1,0,0.3,IPW,2.4510243684265456,7.430256615819874,8.294929930900826,0.2717895676697802,0.4295571719331865,115.95047488780718,81.16171487018822
290,500,0.5,0.1,0,0.3,AIPW,1.4902519814892672,3.004419100452852,3.3224835728911866,0.1634376728085331,0.2475665312835564,242.71471966517137,199.5032259814484
290,500,0.5,0.1,0,0.3,IPW,1.4902519814892672,3.004419100452852,3.3224835728911866,0.1634376728085331,0.2475665312835564,242.71471966517137,199.5032259814484
291,500,0.65,0.1,0,0.3,AIPW,1.2496466152425034,2.0979903263087523,2.3004351261946723,0.11833722859611982,0.17552227645767013,319.8593095811107,277.76773030190316
291,500,0.65,0.1,0,0.3,IPW,1.2496466152425034,2.0979903263087523,2.3004351261946723,0.11833722859611982,0.17552227645767013,319.8593095811107,277.76773030190316
292,800,0.25,0.1,0,0.3,AIPW,2.553630929097453,6.904153678796014,7.732092462869792,0.2350424567169973,0.3451513976721601,188.74617193207249,139.3708741279505
292,800,0.25,0.1,0,0.3,IPW,2.553630929097453,6.904153678796014,7.732092462869792,0.2350424567169973,0.3451513976721601,188.74617193207249,139.3708741279505
293,800,0.5,0.1,0,0.3,AIPW,1.5089407948551925,2.896697039572597,3.2195635629719157,0.14820485813198123,0.2130304852131233,390.85960731885166,343.0702712236185
293,800,0.5,0.1,0,0.3,IPW,1.5089407948551925,2.896697039572597,3.2195635629719157,0.14820485813198123,0.2130304852131233,390.85960731885166,343.0702712236185
294,800,0.65,0.1,0,0.3,AIPW,1.265802784658699,2.033630487558123,2.222051194519226,0.10632205774377154,0.1513002728633151,513.6804486192741,460.2821457846057
294,800,0.65,0.1,0,0.3,IPW,1.265802784658699,2.033630487558123,2.222051194519226,0.10632205774377154,0.1513002728633151,513.6804486192741,460.2821457846057
295,1500,0.25,0.1,0,0.3,AIPW,2.616314539507542,6.5834507136184355,7.470816856682246,0.21113053680731408,0.29255482381013004,358.6031335657126,294.32964483243813
295,1500,0.25,0.1,0,0.3,IPW,2.616314539507542,6.5834507136184355,7.470816856682246,0.21113053680731408,0.29255482381013004,358.6031335657126,294.32964483243813
296,1500,0.5,0.1,0,0.3,AIPW,1.529364696498607,2.8217124431056484,3.152444255788521,0.13602991854354837,0.1846378783892352,735.7527698356429,662.4406853106143
296,1500,0.5,0.1,0,0.3,IPW,1.529364696498607,2.8217124431056484,3.152444255788521,0.13602991854354837,0.1846378783892352,735.7527698356429,662.4406853106143
297,1500,0.65,0.1,0,0.3,AIPW,1.279393671368905,1.9832512456903135,2.1706428820109713,0.09620901728372716,0.12898080968500625,965.011423426046,894.1428059845267
297,1500,0.65,0.1,0,0.3,IPW,1.279393671368905,1.9832512456903135,2.1706428820109713,0.09620901728372716,0.12898080968500625,965.011423426046,894.1428059845267
298,500,0.25,0.1,0.02,0.3,AIPW,2.4596419424362277,7.323535855296925,8.160427569244122,0.2669620092150308,0.4091052058338374,116.24079884094164,74.2492327630611
298,500,0.25,0.1,0.02,0.3,IPW,2.4596419424362277,7.323535855296925,8.160427569244122,0.2669620092150308,0.4091052058338374,116.24079884094164,74.2492327630611
299,500,0.5,0.1,0.02,0.3,AIPW,1.4811276064588896,3.004525150664052,3.322404021026869,0.1647663753583754,0.24667015230664363,243.5056689071504,200.79637052934265
299,500,0.5,0.1,0.02,0.3,IPW,1.4811276064588896,3.004525150664052,3.322404021026869,0.1647663753583754,0.24667015230664363,243.5056689071504,200.79637052934265
300,500,0.65,0.1,0.02,0.3,AIPW,1.2497145414106623,2.093241331706101,2.291261699451302,0.11787149361529224,0.1765137010976114,320.3030647690137,284.8200164295621
300,500,0.65,0.1,0.02,0.3,IPW,1.2497145414106623,2.093241331706101,2.291261699451302,0.11787149361529224,0.1765137010976114,320.3030647690137,284.8200164295621
301,800,0.25,0.1,0.02,0.3,AIPW,2.5448754217303917,6.897657136513329,7.730715390424309,0.2357091115756292,0.34522262603068793,188.9270119763424,138.57834542717313
301,800,0.25,0.1,0.02,0.3,IPW,2.5448754217303917,6.897657136513329,7.730715390424309,0.2357091115756292,0.34522262603068793,188.9270119763424,138.57834542717313
302,800,0.5,0.1,0.02,0.3,AIPW,1.5115604778514713,2.9050865746998604,3.233733303172496,0.1486076947380964,0.20880065850147775,390.32966052529673,334.515510691345
302,800,0.5,0.1,0.02,0.3,IPW,1.5115604778514713,2.9050865746998604,3.233733303172496,0.1486076947380964,0.20880065850147775,390.32966052529673,334.515510691345
303,800,0.65,0.1,0.02,0.3,AIPW,1.2633117169308528,2.0290662377959805,2.22282794131435,0.10593386523539472,0.15183423122058542,514.6956853437106,470.5392261948291
303,800,0.65,0.1,0.02,0.3,IPW,1.2633117169308528,2.0290662377959805,2.22282794131435,0.10593386523539472,0.15183423122058542,514.6956853437106,470.5392261948291
304,1500,0.25,0.1,0.02,0.3,AIPW,2.599591966757839,6.59167562509553,7.461257705451505,0.2117347839352031,0.2941238852701135,358.64764468755686,292.76763567266084
304,1500,0.25,0.1,0.02,0.3,IPW,2.599591966757839,6.59167562509553,7.461257705451505,0.2117347839352031,0.2941238852701135,358.64764468755686,292.76763567266084
305,1500,0.5,0.1,0.02,0.3,AIPW,1.5284377529432025,2.828049738686911,3.159823588020178,0.13704257278235352,0.18230484227354316,735.7268883168724,668.7495788064805
305,1500,0.5,0.1,0.02,0.3,IPW,1.5284377529432025,2.828049738686911,3.159823588020178,0.13704257278235352,0.18230484227354316,735.7268883168724,668.7495788064805
306,1500,0.65,0.1,0.02,0.3,AIPW,1.2784889490371696,1.9799462881113692,2.1699696173262986,0.09607795483883654,0.1292449204537238,966.1539978579332,899.2017204179467
306,1500,0.65,0.1,0.02,0.3,IPW,1.2784889490371696,1.9799462881113692,2.1699696173262986,0.09607795483883654,0.1292449204537238,966.1539978579332,899.2017204179467
307,500,0.25,0.1,0.05,0.3,AIPW,2.4595618364592795,7.359509014131072,8.178753824209233,0.2672392865092297,0.4127936443953889,115.7720828205381,75.30858094745355
307,500,0.25,0.1,0.05,0.3,IPW,2.4595618364592795,7.359509014131072,8.178753824209233,0.2672392865092297,0.4127936443953889,115.7720828205381,75.30858094745355
308,500,0.5,0.1,0.05,0.3,AIPW,1.483007667345416,3.011017211614986,3.332453805841397,0.16486219122132603,0.2438677633778216,243.1491280097136,198.3366146551968
308,500,0.5,0.1,0.05,0.3,IPW,1.483007667345416,3.011017211614986,3.332453805841397,0.16486219122132603,0.2438677633778216,243.1491280097136,198.3366146551968
309,500,0.65,0.1,0.05,0.3,AIPW,1.2486179391981005,2.0964763519904546,2.2975323757539905,0.11863624476585705,0.17801143104657463,320.01718394394527,282.2968071723533
309,500,0.65,0.1,0.05,0.3,IPW,1.2486179391981005,2.0964763519904546,2.2975323757539905,0.11863624476585705,0.17801143104657463,320.01718394394527,282.2968071723533
310,800,0.25,0.1,0.05,0.3,AIPW,2.5470826723897457,6.9706593353930115,7.813886755094448,0.2382074856195575,0.3525843069992277,188.5362486843713,125.66790958386407
310,800,0.25,0.1,0.05,0.3,IPW,2.5470826723897457,6.9706593353930115,7.813886755094448,0.2382074856195575,0.3525843069992277,188.5362486843713,125.66790958386407
311,800,0.5,0.1,0.05,0.3,AIPW,1.5089221849839154,2.88967814846013,3.2041111094114485,0.14749045121138707,0.2106433293816405,391.3839550208148,341.44360189268946
311,800,0.5,0.1,0.05,0.3,IPW,1.5089221849839154,2.88967814846013,3.2041111094114485,0.14749045121138707,0.2106433293816405,391.3839550208148,341.44360189268946
312,800,0.65,0.1,0.05,0.3,AIPW,1.265669293077924,2.0290712806190045,2.2224703743953813,0.10573306262283425,0.15111308458639774,513.4976869151565,452.4099320002213
312,800,0.65,0.1,0.05,0.3,IPW,1.265669293077924,2.0290712806190045,2.2224703743953813,0.10573306262283425,0.15111308458639774,513.4976869151565,452.4099320002213
313,1500,0.25,0.1,0.05,0.3,AIPW,2.610444556671555,6.583284722436916,7.466374498009824,0.21116630604075903,0.2925909417050764,358.41446150135977,294.72592214453414
313,1500,0.25,0.1,0.05,0.3,IPW,2.610444556671555,6.583284722436916,7.466374498009824,0.21116630604075903,0.2925909417050764,358.41446150135977,294.72592214453414
314,1500,0.5,0.1,0.05,0.3,AIPW,1.5316610011922345,2.8171109876915814,3.139901889340854,0.1352872894458317,0.1816025990027323,735.899939400166,662.5250473361705
314,1500,0.5,0.1,0.05,0.3,IPW,1.5316610011922345,2.8171109876915814,3.139901889340854,0.1352872894458317,0.1816025990027323,735.899939400166,662.5250473361705
315,1500,0.65,0.1,0.05,0.3,AIPW,1.2780558808617415,1.981101323564654,2.171005178534937,0.09609005040616016,0.12993750586274272,965.7607756450692,899.2614282563907
315,1500,0.65,0.1,0.05,0.3,IPW,1.2780558808617415,1.981101323564654,2.171005178534937,0.09609005040616016,0.12993750586274272,965.7607756450692,899.2614282563907
316,500,0.25,0.1,0.1,0.3,AIPW,2.4559953341085627,7.361895959165021,8.22307983394011,0.2693535187963302,0.4147762730567907,116.10581033218106,63.07954580727067
316,500,0.25,0.1,0.1,0.3,IPW,2.4559953341085627,7.361895959165021,8.22307983394011,0.2693535187963302,0.4147762730567907,116.10581033218106,63.07954580727067
317,500,0.5,0.1,0.1,0.3,AIPW,1.4813421594847962,3.0217880304105087,3.348004419828302,0.165380567234488,0.24525578032142023,242.5728974223544,203.63744481554053
317,500,0.5,0.1,0.1,0.3,IPW,1.4813421594847962,3.0217880304105087,3.348004419828302,0.165380567234488,0.24525578032142023,242.5728974223544,203.63744481554053
318,500,0.65,0.1,0.1,0.3,AIPW,1.2477963518484492,2.088485329939251,2.2816002232163823,0.11759116589429314,0.17262705681801732,320.48173694384917,283.58693214291696
318,500,0.65,0.1,0.1,0.3,IPW,1.2477963518484492,2.088485329939251,2.2816002232163823,0.11759116589429314,0.17262705681801732,320.48173694384917,283.58693214291696
319,800,0.25,0.1,0.1,0.3,AIPW,2.5361811552509748,6.951392875977417,7.793557777123916,0.23797279680547537,0.3462730393432752,188.651228497127,141.88180916948087
319,800,0.25,0.1,0.1,0.3,IPW,2.5361811552509748,6.951392875977417,7.793557777123916,0.23797279680547537,0.3462730393432752,188.651228497127,141.88180916948087
320,800,0.5,0.1,0.1,0.3,AIPW,1.5060780459050216,2.9055001033351338,3.2263638388219156,0.1489992369643272,0.21351476227856267,390.73692946377633,346.6135305785472
320,800,0.5,0.1,0.1,0.3,IPW,1.5060780459050216,2.9055001033351338,3.2263638388219156,0.1489992369643272,0.21351476227856267,390.73692946377633,346.6135305785472
321,800,0.65,0.1,0.1,0.3,AIPW,1.263909788993913,2.0348428320560172,2.224512861723658,0.10639771909427465,0.15106051041765264,513.5024917396373,464.68722529728115
321,800,0.65,0.1,0.1,0.3,IPW,1.263909788993913,2.0348428320560172,2.224512861723658,0.10639771909427465,0.15106051041765264,513.5024917396373,464.68722529728115
322,1500,0.25,0.1,0.1,0.3,AIPW,2.6149033358090685,6.577945340790819,7.459914395171377,0.2111750804589007,0.2927624833465891,358.7788692682709,288.6742179873615
322,1500,0.25,0.1,0.1,0.3,IPW,2.6149033358090685,6.577945340790819,7.459914395171377,0.2111750804589007,0.2927624833465891,358.7788692682709,288.6742179873615
323,1500,0.5,0.1,0.1,0.3,AIPW,1.529396666419385,2.8191973076124017,3.1516418858798345,0.13556433060599546,0.1807730083345767,735.2295099497453,668.252484603508
323,1500,0.5,0.1,0.1,0.3,IPW,1.529396666419385,2.8191973076124017,3.1516418858798345,0.13556433060599546,0.1807730083345767,735.2295099497453,668.252484603508
324,1500,0.65,0.1,0.1,0.3,AIPW,1.277670056309389,1.9823582250761245,2.173288564775591,0.09628283371557342,0.13056626390456474,965.6045926033308,895.6185236400762
324,1500,0.65,0.1,0.1,0.3,IPW,1.277670056309389,1.9823582250761245,2.173288564775591,0.09628283371557342,0.13056626390456474,965.6045926033308,895.6185236400762
