scenario_id,N,phase2_fraction,r2_a_marker,r2_y_marker,theta_true,method,est__nsim,est__thetamean,est__bias,est__empse,est__mse,est__relprec,est__modelse,est__relerror,est__cover,est__becover,est__power,mcse__nsim,mcse__thetamean,mcse__bias,mcse__empse,mcse__mse,mcse__relprec,mcse__modelse,mcse__relerror,mcse__cover,mcse__becover,mcse__power,se_ratio,mcse_se_ratio
1,500,0.25,0.01,0,0,CCA,2000,-0.0014206929147233536,-0.0014206929147233534,0.0939133177852724,0.008817319770166787,0,0.09340675949383825,-0.5393891978051069,0.9475,0.9490000000000001,0.055,NA,NA,0.0020999656256040907,0.0014852712983742323,2.8176719584676447e-4,9.426678795130648e-8,2.3837725595519103e-4,1.5933513538278175,0.004987171041783106,0.004919298730510272,0.005097793640389928,0.9946061080219489,0.015933513538278175
1,500,0.25,0.01,0,0,AIPW,2000,2.4682384680651796e-5,2.4682384680651772e-5,0.053159693458002207,0.0028245406412646017,212.09688309597288,0.05341512325546525,0.4804952415025543,0.9485,0.9485,0.051500000000000004,NA,NA,0.001188686882351438,8.407387661894018e-4,9.33830578823497e-5,10.912653397578039,3.007851804546821e-4,1.6868583360716638,0.004942051699446293,0.004942051699446293,0.004942051699446294,1.0048049524150255,0.016868583360716637
1,500,0.25,0.01,0,0,FCS-MI,2000,1.4349799630976426e-4,1.4349799630976426e-4,0.051473149906663615,0.0026481810104081525,232.88396501393942,0.05445130261987204,5.785837312479836,0.9615,0.9615,0.0405,NA,NA,0.001150974622073368,8.140655020631269e-4,8.6698526487179e-5,10.76330106183946,1.2808045859596492e-4,1.6914421564825641,0.004302194207610808,0.004302194207610808,0.004407933189148856,1.0578583731247984,0.01691442156482564
1,500,0.25,0.01,0,0,IPW,2000,-1.9717632519967944e-4,-1.971763251996794e-4,0.09646671289440047,0.009301212661805584,-5.223774899956924,0.08611458850758298,-10.731291733916215,0.906,0.9055,0.094,NA,NA,0.0021570612759783496,0.001525654116897036,2.971656070047356e-4,1.1155211203046094,2.805831857324728e-4,1.4414651513807375,0.0065254884874620675,0.006541014829519959,0.006525488487462069,0.8926870826608378,0.014414651513807376
1,500,0.25,0.01,0,0,JM-MI,2000,2.967194406729878e-4,2.9671944067298777e-4,0.051710085062857125,0.0026726839731857892,229.84041097841202,0.0546277545295879,5.6423606017745875,0.9625,0.9615,0.0395,NA,NA,0.0011562726532284501,8.178127127396218e-4,8.622582471858521e-5,10.563121625215754,1.286570362077051e-4,1.6891940447932252,0.004248161366991606,0.004302194207610808,0.00435544199823623,1.0564236060177459,0.01689194044793225
1,500,0.25,0.01,0,0,Naive,2000,2.514569285011614e-4,2.514569285011614e-4,0.043757844877153444,0.001913854844385769,360.6197110619826,0.04333763315496426,-0.9603117415149187,0.9410000000000001,0.9410000000000001,0.06,NA,NA,9.784551569420605e-4,6.920453095198827e-4,6.0112636501461383e-5,17.90672860399193,4.487434835626966e-5,1.5697001318474124,0.005268728499363008,0.005268728499363008,0.0053103672189407005,0.9903968825848508,0.015697001318474124
2,500,0.5,0.01,0,0,CCA,2000,-0.0011835170917992503,-0.0011835170917992503,0.06242007658490074,0.0038957185405910223,0,0.06322616914672885,1.2913995078678076,0.9550000000000001,0.9550000000000001,0.0455,NA,NA,0.0013957553440458097,9.871948982342687e-4,1.2045835570329264e-4,0,9.693130632223267e-5,1.609467181835835,0.00463546114210873,0.00463546114210873,0.004659922209651144,1.012913995078678,0.01609467181835835
2,500,0.5,0.01,0,0,AIPW,2000,-0.001201499115258623,-0.001201499115258623,0.04520036267806297,0.002043494849959281,90.70617489147288,0.04495419120567589,-0.5446227813268201,0.9570000000000001,0.9550000000000001,0.043000000000000003,NA,NA,0.0010107108355579325,7.148592227923709e-4,6.259984416923449e-5,5.848231616585715,6.66732907175004e-5,1.5798221745000571,0.004536022486716746,0.00463546114210873,0.004536022486716749,0.9945537721867318,0.015798221745000573
2,500,0.5,0.01,0,0,FCS-MI,2000,-0.0011642217878732276,-0.0011642217878732276,0.04500857879745994,0.0020261146916558353,92.33485519625036,0.04581328227216938,1.787889100721518,0.964,0.9615,0.0375,NA,NA,0.0010064224176177616,7.118260950095595e-4,6.242959836839983e-5,5.722837599136605,5.3281997466906544e-5,1.614157242596608,0.0041655731898503495,0.004302194207610808,0.004248161366991607,1.0178788910072152,0.016141572425966078
2,500,0.5,0.01,0,0,IPW,2000,-6.630007434602461e-4,-6.630007434602462e-4,0.06347602262052482,0.004027630414983349,-3.299397079185573,0.061286181422649924,-3.449871475039168,0.9355,0.935,0.0645,NA,NA,0.0014193670152080787,0.001003895046587354,1.2496947518375481e-4,0.7601697726134425,1.3039861036616987e-4,1.5407300282288283,0.005492711079239468,0.005512485827646179,0.005492711079239468,0.9655012852496083,0.015407300282288284
2,500,0.5,0.01,0,0,JM-MI,2000,-0.0012820351095611,-0.0012820351095611,0.04498904298839525,0.002024645596039317,92.50192844602903,0.04583705732459553,1.8849352639464412,0.9615,0.9605,0.039,NA,NA,0.0010059855836471205,7.115171294956305e-4,6.198036848088293e-5,5.695975056938243,5.313717532732599e-5,1.6156681345282446,0.004302194207610808,0.004355441998236229,0.004328914413568372,1.0188493526394644,0.016156681345282448
2,500,0.5,0.01,0,0,Naive,2000,-0.0015388001977995154,-0.0015388001977995154,0.04288563549372256,0.001840626048883334,111.84825662621138,0.04330754393520972,0.9837989728493479,0.96,0.961,0.04,NA,NA,9.58951962222414e-4,6.782510192750785e-4,5.527741566426572e-5,6.984073429542421,4.4216158087117735e-5,1.6004178800690472,0.004381780460041331,0.004328914413568374,0.004381780460041329,1.0098379897284935,0.016004178800690473
3,500,0.65,0.01,0,0,CCA,2000,-3.126160437273045e-4,-3.126160437273045e-4,0.05400942046333688,0.0029156567188269155,0,0.055030622236680884,1.89078454199898,0.9535,0.9540000000000001,0.0475,NA,NA,0.0012076873558138947,8.541774899214579e-4,9.726949786839777e-5,0,7.372869103746644e-5,1.6172094970600108,0.004708383480558906,0.004684228858627636,0.004756245893559331,1.0189078454199898,0.01617209497060011
3,500,0.65,0.01,0,0,AIPW,2000,9.073825898971847e-4,9.073825898971847e-4,0.044593924336430224,0.001988447121843851,46.685656576982936,0.043988407589958076,-1.3578458399488347,0.9425,0.9410000000000001,0.0575,NA,NA,9.97150461997402e-4,7.05268192634963e-4,6.0822778588010234e-5,3.756284785284731,6.19176609075812e-5,1.566226112343865,0.005205465877325487,0.005268728499363008,0.005205465877325487,0.9864215416005117,0.01566226112343865
3,500,0.65,0.01,0,0,FCS-MI,2000,8.672896139323306e-4,8.672896139323307e-4,0.04459092077561352,0.001988108231783668,46.70541818410394,0.04478045476666906,0.4250506330858217,0.9525,0.9515,0.048,NA,NA,9.970833003357948e-4,7.052206902915342e-4,6.105839301243549e-5,3.65945553980979,4.80130380510497e-5,1.591902248837769,0.00475624589355933,0.004803527349771207,0.0047799581588126895,1.0042505063308582,0.01591902248837769
3,500,0.65,0.01,0,0,IPW,2000,1.580186608300919e-4,1.580186608300919e-4,0.054544486896523574,0.0029736384701768,-1.9523219893254562,0.05374921179275086,-1.4580302227087172,0.9415,0.9415,0.0585,NA,NA,0.0012196518049847325,8.626397488925738e-4,9.942738889074104e-5,0.6159295014852603,9.982835587094891e-5,1.5691849443900858,0.0052477495176503994,0.0052477495176503994,0.0052477495176503994,0.9854196977729128,0.015691849443900858
3,500,0.65,0.01,0,0,JM-MI,2000,7.744932142841523e-4,7.744932142841523e-4,0.04451183260258176,0.001980912429758413,47.227210730781536,0.044778405999009396,0.5988820968296116,0.9505,0.9505,0.0505,NA,NA,9.95314835024642e-4,7.039698837369888e-4,6.101503185317159e-5,3.6606983005656626,4.798745519331547e-5,1.5946542106500194,0.004850244839180801,0.004850244839180801,0.00489641450451246,1.0059888209682961,0.015946542106500195
3,500,0.65,0.01,0,0,Naive,2000,0.0010340819259053804,0.0010340819259053804,0.04327877297686407,0.0018731849897172324,55.73605016254981,0.043373638004019666,0.2191952789565299,0.9470000000000001,0.9490000000000001,0.053,NA,NA,9.6774278359049e-4,6.844686232719925e-4,5.799935540958152e-5,4.2873771054096315,4.4602859653171555e-5,1.5883479269461298,0.005009540897128196,0.004919298730510272,0.005009540897128199,1.0021919527895653,0.0158834792694613
4,800,0.25,0.01,0,0,CCA,2000,-3.004853061706582e-4,-3.004853061706582e-4,0.07375788471881034,0.005437595736833445,4.440892098500626e-14,0.07114855929045492,-3.5376901578767272,0.937,0.9375,0.0655,NA,NA,0.0016492764410785288,0.0011665062185549173,1.7543446388276028e-4,6.665668500104317e-8,1.2947086807211052e-4,1.535649871765085,0.00543281694887652,0.005412658773652742,0.005532167296819575,0.9646230984212327,0.01535649871765085
4,800,0.25,0.01,0,0,AIPW,2000,7.073423648538931e-4,7.073423648538931e-4,0.038991179421190805,0.0015200522498402826,257.83610852283795,0.03906651971382029,0.19322393871610277,0.9515,0.9510000000000001,0.0485,NA,NA,8.718692770867354e-4,6.166588621271841e-4,4.778318386384943e-5,12.94409768555173,6.847921846667617e-5,1.5942932600040758,0.004803527349771207,0.004826955562256604,0.004803527349771208,1.001932239387161,0.015942932600040757
4,800,0.25,0.01,0,0,FCS-MI,2000,4.860787169438122e-4,4.860787169438122e-4,0.03826763993604202,0.0014639163326604868,271.4954923201488,0.04000470503656734,4.539253278823918,0.9575,0.9575,0.0425,NA,NA,8.556904423547567e-4,6.052158372626053e-4,4.5912577423771134e-5,12.799362794178304,6.84477222347166e-5,1.6629713123005272,0.004510751046111944,0.004510751046111944,0.0045107510461119445,1.0453925327882392,0.016629713123005273
4,800,0.25,0.01,0,0,IPW,2000,-2.4599592442371785e-4,-2.4599592442371785e-4,0.075126409539193445,0.005641215935540324,-3.6100756124084254,0.06863064542316219,-8.646445578691498,0.9195,0.92,0.0805,NA,NA,0.0016798775863512518,0.0011881499074881023,1.7782480034164459e-4,1.0399149628372981,1.8274557150966498e-4,1.4651220496890147,0.006083574196144895,0.006066300355241239,0.006083574196144894,0.913535544213085,0.014651220496890147
4,800,0.25,0.01,0,0,JM-MI,2000,4.046024932491867e-4,4.046024932491867e-4,0.0386612011311906,0.001494104831847464,263.9705301008293,0.040066505258259895,3.6349210214670302,0.9580000000000001,0.9580000000000001,0.043000000000000003,NA,NA,8.644907382113396e-4,6.114401424100879e-4,4.681086477314961e-5,12.510499902854278,6.778611450522086e-5,1.6483732333517527,0.004485309353879615,0.004485309353879615,0.004536022486716749,1.0363492102146703,0.016483732333517527
4,800,0.25,0.01,0,0,Naive,2000,5.440613207424259e-4,5.44061320742426e-4,0.0346782555030876,0.0012022761167557845,352.37898546927477,0.0341146047361379,-1.625372322721108,0.9435,0.9430000000000001,0.057,NA,NA,7.754293664601003e-4,5.484484926215823e-4,3.746053676680323e-5,17.485352554157462,2.8023365248226798e-5,1.5579256522171752,0.005162739098579358,0.005184158562389848,0.00518415856238985,0.9837462767727889,0.015579256522171752
5,800,0.5,0.01,0,0,CCA,2000,5.09731565605121e-4,5.09731565605121e-4,0.04826507205001298,0.002328612247671922,0,0.049278561704073964,2.099840756501492,0.9550000000000001,0.9555,0.046,NA,NA,0.0010792398204275415,7.633286515737457e-4,7.2153576787528e-5,0,5.9295613421678206e-5,1.6194107558797006,0.00463546114210873,0.004610843198374891,0.00468422885862764,1.020998407565015,0.016194107558797008
5,800,0.5,0.01,0,0,AIPW,2000,-4.119933718775926e-4,-4.119933718775926e-4,0.0347697160567619,0.0012084984266289838,92.69197564798178,0.035059896352951384,0.8345776989255871,0.9520000000000001,0.9525,0.048,NA,NA,7.774744866128556e-4,5.498949726151489e-4,3.8873575337920364e-5,5.958113251384602,3.986823756023152e-5,1.5988503253276576,0.004779958158812687,0.00475624589355933,0.0047799581588126895,1.0083457769892559,0.015988503253276574
5,800,0.5,0.01,0,0,FCS-MI,2000,-3.909501615892115e-4,-3.909501615892115e-4,0.03472517946679171,0.0012053880119852387,93.18656470066267,0.035517004102991794,2.2802607455414847,0.9535,0.9530000000000001,0.0475,NA,NA,7.764786181862617e-4,5.491906111851605e-4,3.847689794523619e-5,5.846982957099724,3.127744184848663e-5,1.6201031125478518,0.004708383480558906,0.004732388403332927,0.004756245893559331,1.0228026074554148,0.016201031125478518
5,800,0.5,0.01,0,0,IPW,2000,9.1140791218629e-4,9.1140791218629e-4,0.04891568859439228,0.0023923788827506227,-2.6424638432922087,0.0485728429059432,-0.7008910603138907,0.9495,0.9490000000000001,0.0505,NA,NA,0.0010937880486327227,7.736183751444056e-4,7.321968893909465e-5,0.7178055698207038,8.490387340705398e-5,1.5800122174813758,0.0048964145045124596,0.004919298730510272,0.00489641450451246,0.9929910893968611,0.015800122174813757
5,800,0.5,0.01,0,0,JM-MI,2000,-3.943317414123246e-4,-3.943317414123246e-4,0.034810637855629836,0.0012113301151841368,92.23920213072054,0.03553557361633377,2.0825121438752703,0.9535,0.9530000000000001,0.0465,NA,NA,7.783895258531583e-4,5.505421648853161e-4,3.8816736365535295e-5,5.815194160915809,3.1283630875938335e-5,1.6169691830396125,0.004708383480558906,0.004732388403332927,0.004708383480558906,1.0208251214387527,0.016169691830396123
5,800,0.5,0.01,0,0,Naive,2000,-6.643195935757925e-5,-6.643195935757925e-5,0.034225774303228255,0.0011708223380474162,98.86545738670458,0.034143994900646936,-0.23894098598553626,0.9470000000000001,0.9470000000000001,0.0535,NA,NA,7.653115792458389e-4,5.412923474117875e-4,3.8241906405291855e-5,6.520453494676108,2.7078410535449647e-5,1.579737757253399,0.005009540897128196,0.005009540897128196,0.005031786462082826,0.9976105901401446,0.01579737757253399
6,800,0.65,0.01,0,0,CCA,2000,9.668899340658949e-4,9.668899340658949e-4,0.043702802019678744,0.0019099148130636487,0,0.04304827137049909,-1.4976857751247352,0.9490000000000001,0.9500000000000001,0.051500000000000004,NA,NA,9.772243612321677e-4,6.911747878695392e-4,6.002101967691224e-5,0,4.43975017517278e-5,1.5611567405930118,0.004919298730510272,0.0048733971724044785,0.004942051699446294,0.9850231422487526,0.015611567405930117
6,800,0.65,0.01,0,0,AIPW,2000,3.0585463512765597e-4,3.0585463512765597e-4,0.035362361892971324,0.001249964937387975,52.73410942023447,0.03450258241454712,-2.4313406469467003,0.9410000000000001,0.9420000000000001,0.059000000000000004,NA,NA,7.907264503763204e-4,5.59267869573549e-4,4.004794168017226e-5,3.8806384123277633,3.872439284827985e-5,1.5469625842235106,0.005268728499363008,0.005226662414964255,0.0052687284993630104,0.975686593530533,0.015469625842235107
6,800,0.65,0.01,0,0,FCS-MI,2000,3.532359840985162e-4,3.532359840985162e-4,0.03535290232146874,0.0012493275643604964,52.81585617540965,0.034949341295894186,-1.141521626442199,0.9470000000000001,0.9470000000000001,0.053,NA,NA,7.905149279271423e-4,5.591182632090947e-4,4.00064039956243e-5,3.8235169459651073,2.8623713147554797e-5,1.5655757285319232,0.005009540897128196,0.005009540897128196,0.005009540897128199,0.988584783735578,0.015655757285319233
6,800,0.65,0.01,0,0,IPW,2000,0.0014259390812101866,0.0014259390812101868,0.04395436977398776,0.0019330539311806577,-1.1414011672491453,0.042439061296736275,-3.447458091295963,0.9420000000000001,0.9440000000000001,0.058,NA,NA,9.828495872279872e-4,6.951534180988105e-4,6.080963449667085e-5,0.5237874090023051,6.136999476650763e-5,1.533381406526312,0.005226662414964255,0.005141206084179078,0.0052266624149642565,0.9655254190870404,0.01533381406526312
6,800,0.65,0.01,0,0,JM-MI,2000,3.6056192754024407e-4,3.6056192754024407e-4,0.035400762902170355,0.0012527174119522446,52.40293221668182,0.0349547835875499,-1.259801422508644,0.9465,0.9460000000000001,0.0535,NA,NA,7.915851230460566e-4,5.598751946914023e-4,4.007847429243506e-5,3.811667170507775,2.8715708433468137e-5,1.5637153941736812,0.005031786462082825,0.005053909377897468,0.005031786462082826,0.9874019857749136,0.01563715394173681
6,800,0.65,0.01,0,0,Naive,2000,3.260448653965536e-4,3.260448653965536e-4,0.03457801834908413,0.0011951478385273755,59.741723092293356,0.03416219717750854,-1.2025592889032821,0.9500000000000001,0.9500000000000001,0.051000000000000004,NA,NA,7.731879955578718e-4,5.468632076866759e-4,3.8220936006703714e-5,4.245183506889239,2.697223228770805e-5,1.5644612240673081,0.0048733971724044785,0.0048733971724044785,0.004919298730510275,0.9879744071109672,0.01564461224067308
7,1500,0.25,0.01,0,0,CCA,2000,-0.001492527527831683,-0.0014925275278316833,0.05162237872723146,0.0026657651888863255,0,0.05091856169172852,-1.3633952035063124,0.9475,0.9485,0.0535,NA,NA,0.0011543114799432862,8.164256069908053e-4,8.901673004349372e-5,0,6.637634612270564e-5,1.5652618531539348,0.004987171041783106,0.004942051699446293,0.005031786462082826,0.9863660479649369,0.015652618531539347
7,1500,0.25,0.01,0,0,AIPW,2000,-2.5081335636049717e-4,-2.508133563604971e-4,0.027336517227246223,7.469744388682008e-4,256.60683200517144,0.027019168880148145,-1.1608953125227583,0.9415,0.9420000000000001,0.0585,NA,NA,6.112631078821663e-4,4.3233638628310545e-4,2.383919984696926e-5,13.36997242966983,2.884674696786505e-5,1.5667320604754253,0.0052477495176503994,0.005226662414964255,0.0052477495176503994,0.9883910468747724,0.015667320604754252
7,1500,0.25,0.01,0,0,FCS-MI,2000,-2.78781411541489e-4,-2.7878141154148906e-4,0.02706346330244879,7.321425494754521e-4,263.8390262525686,0.027508104173563763,1.6429562844410217,0.9520000000000001,0.9545,0.049,NA,NA,6.051574365084645e-4,4.28017944905735e-4,2.344080242544752e-5,13.340284522205827,3.08480749660738e-5,1.6115542492083097,0.004779958158812687,0.004659922209651143,0.0048269555622566076,1.0164295628444102,0.016115542492083097
7,1500,0.25,0.01,0,0,IPW,2000,-0.0012115700073146076,-0.0012115700073146074,0.05269702121632619,0.0027770554589340206,-4.036983315541298,0.05037148552328352,-4.413030640756954,0.9395,0.9410000000000001,0.0605,NA,NA,0.00117834121651454,8.334214461615108e-4,9.20198361098498e-5,0.9454618684496675,9.785842902126614e-5,1.5231035389873822,0.005331029450303197,0.005268728499363008,0.005331029450303197,0.9558696935924305,0.015231035389873821
7,1500,0.25,0.01,0,0,JM-MI,2000,-1.7115193277960622e-4,-1.7115193277960622e-4,0.027192853397619565,7.39110843250572e-4,260.38479779459317,0.02756659843694746,1.3744237644461865,0.9525,0.9520000000000001,0.0485,NA,NA,6.080506869926347e-4,4.3006429359389943e-4,2.348053267943734e-5,13.203117318129536,3.0800825988994605e-5,1.6072673543077967,0.00475624589355933,0.004779958158812687,0.004803527349771208,1.0137442376444619,0.016072673543077967
7,1500,0.25,0.01,0,0,Naive,2000,-9.624290282235266e-5,-9.624290282235266e-5,0.025300378100650032,6.397983401661776e-4,316.31494570030026,0.02488377124404814,-1.646642808832921,0.9460000000000001,0.9460000000000001,0.054,NA,NA,5.657336528950049e-4,4.001341483519016e-4,2.0133455381591504e-5,16.269191721284407,1.4324997043985422e-5,1.5565221763151726,0.005053909377897468,0.005053909377897468,0.005053909377897471,0.9835335719116708,0.015565221763151726
8,1500,0.5,0.01,0,0,CCA,2000,-0.0014028860192768578,-0.001402886019276858,0.03490869656808263,0.0012199758767175055,4.440892098500626e-14,0.035659671647154126,2.151254996321228,0.9555,0.9565,0.0445,NA,NA,7.80582185321464e-4,5.520929970206974e-4,3.96756164337288e-5,0,3.111514508946923e-5,1.6180140346817657,0.004610843198374891,0.004561126505590477,0.004610843198374892,1.0215125499632123,0.016180140346817657
8,1500,0.5,0.01,0,0,AIPW,2000,1.729833095184977e-4,1.729833095184977e-4,0.025269031380573227,6.382346081643104e-4,90.84908279088535,0.02531035777875853,0.1635456364072363,0.9565,0.9565,0.043500000000000004,NA,NA,5.65032718925371e-4,3.996383892335335e-4,1.970015005383884e-5,5.909982359353603,2.1268173075973326e-5,1.5863551820055957,0.004561126505590477,0.004561126505590477,0.004561126505590478,1.0016354563640724,0.015863551820055957
8,1500,0.5,0.01,0,0,FCS-MI,2000,1.6925405176923913e-4,1.6925405176923913e-4,0.02524868649262534,6.3720606845212e-4,91.15677147387157,0.02552264550743743,1.0850426412958525,0.9590000000000001,0.9595,0.041,NA,NA,5.6457779340091e-4,3.9931662785985133e-4,1.963376753999376e-5,5.869027365051737,1.6002802724493894e-5,1.5999504651792178,0.004433903472111224,0.004407933189148855,0.004433903472111228,1.0108504264129585,0.015999504651792177
8,1500,0.5,0.01,0,0,IPW,2000,-0.0010496866195937578,-0.0010496866195937578,0.035279403103525134,0.0012451158071987026,-2.0905052830944237,0.03551826176965711,0.6770484903927176,0.9540000000000001,0.9545,0.046,NA,NA,7.888714354509924e-4,5.579558478942168e-4,4.053961709085243e-5,0.6754888767591866,4.422639053121793e-5,1.5971693282368817,0.004684228858627636,0.004659922209651143,0.00468422885862764,1.0067704849039272,0.015971693282368818
8,1500,0.5,0.01,0,0,JM-MI,2000,1.9088209068943908e-4,1.9088209068943908e-4,0.025229891985744032,6.362656118600509e-4,91.4416744305021,0.025525770074369535,1.1727283208056827,0.9575,0.9575,0.0425,NA,NA,5.641575354510082e-4,3.990193862939456e-4,1.963557132311996e-5,5.864559254263594,1.595411457370918e-5,1.6013303939403145,0.004510751046111944,0.004510751046111944,0.0045107510461119445,1.0117272832080568,0.016013303939403145
8,1500,0.5,0.01,0,0,Naive,2000,3.20707798818512e-4,3.2070779881851203e-4,0.02490198743304395,6.199017771186439e-4,96.51660257941465,0.024864947627312103,-0.14874236777862038,0.9520000000000001,0.9515,0.0485,NA,NA,5.568253667513176e-4,3.9383346344277727e-4,1.9366639650954044e-5,6.302166430929276,1.4352960194387409e-5,1.5802333490601628,0.004779958158812687,0.004803527349771207,0.004803527349771208,0.9985125763222138,0.015802333490601627
9,1500,0.65,0.01,0,0,CCA,2000,6.594638278802369e-4,6.594638278802369e-4,0.030332906602394984,9.200600728784251e-4,4.440892098500626e-14,0.03119153593667172,2.830685979196401,0.9545,0.9545,0.0455,NA,NA,6.782644111810737e-4,4.797253109065296e-4,2.8698447472148665e-5,6.665668500104317e-8,2.3547823577097694e-5,1.62815433552661,0.004659922209651143,0.004659922209651143,0.004659922209651144,1.028306859791964,0.0162815433552661
9,1500,0.65,0.01,0,0,AIPW,2000,7.593740105135407e-4,7.593740105135407e-4,0.024834827660712742,6.170369294926775e-4,49.17833464239762,0.025098823470663757,1.0630064100208836,0.9500000000000001,0.9500000000000001,0.05,NA,NA,5.553236285884578e-4,3.9277130863234915e-4,1.9325206989964704e-5,3.9050801550407206,2.086527315032384e-5,1.60055268251375,0.0048733971724044785,0.0048733971724044785,0.004873397172404482,1.0106300641002088,0.0160055268251375
9,1500,0.65,0.01,0,0,FCS-MI,2000,7.567717975374366e-4,7.567717975374366e-4,0.024798771541853826,6.152442840036147e-4,49.61244501735169,0.025265549962660012,1.8822642888515206,0.9530000000000001,0.9520000000000001,0.047,NA,NA,5.545173892607243e-4,3.9220106875865665e-4,1.9270268660587003e-5,3.887421379403811,1.5138945923971218e-5,1.6124589447599136,0.004732388403332927,0.004779958158812687,0.00473238840333293,1.0188226428885152,0.016124589447599137
9,1500,0.65,0.01,0,0,IPW,2000,0.0010165650985004386,0.0010165650985004386,0.030482861667912378,9.297736576368386e-4,-0.9814447763405121,0.031026191520805223,1.7824109127680066,0.9515,0.9535,0.0485,NA,NA,6.81617508381747e-4,4.820969016469192e-4,2.9017278135397313e-5,0.49660834058708364,3.337618661890971e-5,1.6134431561977818,0.004803527349771207,0.004708383480558906,0.004803527349771208,1.01782410912768,0.016134431561977816
9,1500,0.65,0.01,0,0,JM-MI,2000,7.660711493092933e-4,7.660711493092934e-4,0.0248295340812154,6.167843748146961e-4,49.24195013760377,0.025268769572893427,1.769004163514798,0.9525,0.9520000000000001,0.048,NA,NA,5.552052605524542e-4,3.9268758885885503e-4,1.931814959440847e-5,3.875733766885749,1.502327864579156e-5,1.6106485505629595,0.00475624589355933,0.004779958158812687,0.0047799581588126895,1.017690041635148,0.016106485505629594
9,1500,0.65,0.01,0,0,Naive,2000,5.897215336495065e-4,5.897215336495065e-4,0.02452951404064388,6.0174398202786e-4,52.91502743448755,0.02486745112245314,1.3776754046138873,0.9530000000000001,0.9525,0.0475,NA,NA,5.484966084991525e-4,3.879426691210941e-4,1.845711784251387e-5,4.177968355269676,1.4403389970665409e-5,1.60439753948418,0.004732388403332927,0.00475624589355933,0.004756245893559331,1.0137767540461389,0.0160439753948418
10,500,0.25,0.01,0.02,0,CCA,2000,-1.401903776172671e-5,-1.4019037761726674e-5,0.09350714812465812,0.00873921515356497,4.440892098500626e-14,0.09081088363625257,-2.8834848912417277,0.9410000000000001,0.9410000000000001,0.0635,NA,NA,0.0020908833958887753,0.0014788475860253601,2.936214111532224e-4,0,2.1698474661552487e-4,1.5533614584817712,0.005268728499363008,0.005268728499363008,0.005452877680637995,0.9711651510875827,0.015533614584817713
10,500,0.25,0.01,0.02,0,AIPW,2000,2.556923381006829e-4,2.5569233810068294e-4,0.053982828597210646,0.0029127540890359093,200.0394421015534,0.05305640783998449,-1.7161397083109153,0.9495,0.9500000000000001,0.0505,NA,NA,0.0012070927436108262,8.537569304474779e-4,9.957089972571793e-5,10.530258747004424,1.3535378319834567e-4,1.5744857413436009,0.0048964145045124596,0.0048733971724044785,0.00489641450451246,0.9828386029168908,0.01574485741343601
10,500,0.25,0.01,0.02,0,FCS-MI,2000,1.9890674160951725e-4,1.9890674160951725e-4,0.05142825424227612,0.0026435824656328454,230.58721881442023,0.054178017598749684,5.3467950584508595,0.966,0.9655,0.035500000000000004,NA,NA,0.0011499707244987136,8.133554617481989e-4,8.668705978113015e-5,10.77546682568748,1.2753275846454057e-4,1.6844493948930712,0.004052406692324946,0.00408103847078167,0.004137617067830226,1.0534679505845086,0.016844493948930714
10,500,0.25,0.01,0.02,0,IPW,2000,-2.4239539631690048e-4,-2.4239539631690048e-4,0.0970552227068577,0.009415065152078562,-7.177811793802491,0.08422136307725687,-13.223255041476511,0.911,0.9105,0.089,NA,NA,0.0021702207554391497,0.0015349616012226659,3.2056840881541725e-4,1.1129175784774143,2.6840159090600233e-4,1.399989242139474,0.006367063687446513,0.006383171233799076,0.006367063687446514,0.8677674495852349,0.01399989242139474
10,500,0.25,0.01,0.02,0,JM-MI,2000,1.2664269620321834e-4,1.266426962032183e-4,0.052230011186374575,0.0027266261198670505,220.51575750945983,0.0542432955914419,3.854650533930082,0.9575,0.9575,0.0455,NA,NA,0.0011678985547830798,8.260355225257814e-4,9.234214027176448e-5,10.355764930822618,1.3035419684383865e-4,1.66135028926072,0.004510751046111944,0.004510751046111944,0.004659922209651144,1.0385465053393008,0.0166135028926072
10,500,0.25,0.01,0.02,0,Naive,2000,0.003795991945115831,0.0037959919451158314,0.0438878103172647,0.0019395863793443683,353.943494739241,0.04297998821022653,-2.068506267402115,0.9440000000000001,0.9465,0.0565,NA,NA,9.813612725302048e-4,6.941007574854118e-4,6.244684660505734e-5,18.160194596783185,4.4230168644571495e-5,1.552095490558165,0.005141206084179078,0.005031786462082825,0.005162739098579358,0.9793149373259789,0.01552095490558165
11,500,0.5,0.01,0.02,0,CCA,2000,0.0011853205214981827,0.0011853205214981829,0.06182251081498511,0.003821516816785902,4.440892098500626e-14,0.06201887328128492,0.317622923610239,0.9500000000000001,0.9490000000000001,0.053,NA,NA,0.0013823933672202264,9.777441908385839e-4,1.222027781050472e-4,0,9.530255033690791e-5,1.5940290910392771,0.0048733971724044785,0.004919298730510272,0.005009540897128199,1.0031762292361024,0.01594029091039277
11,500,0.5,0.01,0.02,0,AIPW,2000,5.111367072482725e-4,5.111367072482725e-4,0.04593648510496872,0.0021093668442006106,81.12473182909208,0.04441262206250725,-3.3173261710801705,0.9450000000000001,0.9450000000000001,0.055,NA,NA,0.0010271710334211663,7.265012511921402e-4,6.75352515597722e-5,5.424703380902431,6.674111493138532e-5,1.5359567256313706,0.005097793640389926,0.005097793640389926,0.005097793640389928,0.9668267382891983,0.015359567256313706
11,500,0.5,0.01,0.02,0,FCS-MI,2000,6.846084165530809e-4,6.846084165530809e-4,0.0457309584002425,0.0020907435846106233,82.75643263436801,0.04531429377871895,-0.9111215598782252,0.9495,0.9505,0.0505,NA,NA,0.0010225753165915728,7.23250775937105e-4,6.70489834345071e-5,5.313913477730922,5.192418030672384e-5,1.5712324301964393,0.0048964145045124596,0.004850244839180801,0.00489641450451246,0.9908887844012177,0.015712324301964394
11,500,0.5,0.01,0.02,0,IPW,2000,0.0016038468488910871,0.0016038468488910871,0.06270921199175283,0.003933051370706983,-2.807983776369527,0.060291552112499654,-3.8553504381001247,0.9345,0.936,0.0655,NA,NA,0.0014022206082900431,9.917676737603456e-4,1.287741511122272e-4,0.8097257604487547,1.3496704520398498e-4,1.5357171118933461,0.005532167296819575,0.00547284204047586,0.005532167296819575,0.9614464956189988,0.015357171118933461
11,500,0.5,0.01,0.02,0,JM-MI,2000,5.801962374489599e-4,5.801962374489599e-4,0.045728439993610294,0.002090381306811043,82.77656311272776,0.045353192718558324,-0.8205993362214059,0.9530000000000001,0.9510000000000001,0.05,NA,NA,0.0010225190033073266,7.232109464733328e-4,6.672133769673944e-5,5.292970525100397,5.374067414333363e-5,1.5729525828760138,0.004732388403332927,0.004826955562256604,0.004873397172404482,0.9917940066377859,0.015729525828760138
11,500,0.5,0.01,0.02,0,Naive,2000,0.00353153580298664,0.00353153580298664,0.04478104026600903,0.002016810641650046,90.59211187666412,0.04288036190364737,-4.244381888118765,0.9415,0.9405,0.059000000000000004,NA,NA,0.0010013345013795147,7.082274951729423e-4,6.382210857515341e-5,6.207429657457412,4.306782153471709e-5,1.5174586645263073,0.0052477495176503994,0.005289600646551685,0.0052687284993630104,0.9575561811188124,0.015174586645263072
12,500,0.65,0.01,0.02,0,CCA,2000,5.402373600213463e-4,5.402373600213462e-4,0.05384621982136778,0.002898257537761698,0,0.05389508175431779,0.09074347858051279,0.9550000000000001,0.9540000000000001,0.0465,NA,NA,0.0012040380785197495,8.515964158511415e-4,9.044149292156255e-5,0,7.272031525945727e-5,1.5887199660081843,0.00463546114210873,0.004684228858627636,0.004708383480558906,1.0009074347858051,0.015887199660081845
12,500,0.65,0.01,0.02,0,AIPW,2000,-5.696764573379469e-5,-5.696764573379468e-5,0.04399539583445853,0.0019346303025160366,49.79453898188135,0.043319901206992376,-1.5353757243322441,0.9425,0.9420000000000001,0.0575,NA,NA,9.837669578286036e-4,6.958022593019497e-4,6.24102225006921e-5,3.8533883777168008,6.321463910612496e-5,1.5638664774295614,0.005205465877325487,0.005226662414964255,0.005205465877325487,0.9846462427566776,0.015638664774295614
12,500,0.65,0.01,0.02,0,FCS-MI,2000,5.452241482490534e-5,5.452241482490533e-5,0.043956396658490285,0.0019312016974886552,50.06045955546363,0.04404727583577996,0.20674846938830704,0.9445,0.9445,0.056,NA,NA,9.82894909743289e-4,6.95185473971691e-4,6.254207106867537e-5,3.7773298483092184,4.579341623284538e-5,1.588224547868732,0.005119558086397692,0.005119558086397692,0.005141206084179081,1.002067484693883,0.01588224547868732
12,500,0.65,0.01,0.02,0,IPW,2000,7.463974681619546e-4,7.463974681619546e-4,0.053932350465922874,0.0029078011867462207,-0.3191474799383198,0.05271943012247447,-2.2489662196621407,0.9435,0.9425,0.0565,NA,NA,0.0012059640182814602,8.529586015057966e-4,9.040797760789126e-5,0.6022871062035395,9.950723912459127e-5,1.556936996536877,0.005162739098579358,0.005205465877325487,0.005162739098579358,0.9775103378033786,0.015569369965368769
12,500,0.65,0.01,0.02,0,JM-MI,2000,-2.3224960991135128e-5,-2.3224960991135135e-5,0.04396807254723366,0.0019322253472158558,49.98077188702234,0.04404116909846737,0.1662491598993565,0.9475,0.9475,0.0535,NA,NA,9.831559905525678e-4,6.953701321526872e-4,6.254451152764932e-5,3.772806584053724,4.610644957284844e-5,1.587630468195686,0.004987171041783106,0.004987171041783106,0.005031786462082826,1.0016624915989936,0.01587630468195686
12,500,0.65,0.01,0.02,0,Naive,2000,0.003214318868690306,0.0032143188686903066,0.043110715072543514,0.0018679363329786162,56.00552762132125,0.04288684973101945,-0.5192800470772974,0.9435,0.9445,0.057,NA,NA,9.639848946083208e-4,6.818107299333399e-4,6.010128781180249e-5,4.390319622953888,4.2645958595691224e-5,1.5764284419763124,0.005162739098579358,0.005119558086397692,0.00518415856238985,0.994807199529227,0.015764284419763124
13,800,0.25,0.01,0.02,0,CCA,2000,-0.0031485868219029082,-0.0031485868219029082,0.06899210029657134,0.004767443547355554,0,0.07012947116012641,1.6485523105775002,0.9585,0.9595,0.043500000000000004,NA,NA,0.0015427102617361693,0.0010911337050124273,1.5083863735512607e-4,0,1.29437060434611e-4,1.618517003925933,0.004459694496263168,0.004407933189148855,0.004561126505590478,1.016485523105775,0.01618517003925933
13,800,0.25,0.01,0.02,0,AIPW,2000,-0.0010301332326148034,-0.0010301332326148034,0.03834161026105032,0.0014704052123485115,223.7859769909325,0.03934326699340169,2.612453482082655,0.9560000000000001,0.9540000000000001,0.044,NA,NA,8.573444691051198e-4,6.06385703297127e-4,4.623789365777953e-5,11.894459168554851,6.783212250172931e-5,1.6324658343623413,0.004586065852122053,0.004684228858627636,0.0045860658521220555,1.0261245348208266,0.016324658343623413
13,800,0.25,0.01,0.02,0,FCS-MI,2000,-8.733138821032338e-4,-8.733138821032338e-4,0.037572299858774465,0.0014117345549559995,237.18106102393168,0.04013649931897116,6.824707217378023,0.963,0.9615,0.0395,NA,NA,8.401421655522546e-4,5.942187956956553e-4,4.4304816713388814e-5,11.898319984233048,6.705895391910647e-5,1.6988707129221516,0.004220841148396847,0.004302194207610808,0.00435544199823623,1.0682470721737802,0.016988707129221518
13,800,0.25,0.01,0.02,0,IPW,2000,-0.0028522379487310842,-0.0028522379487310842,0.07198929913029345,0.005188003220992415,-8.153451296124137,0.06776527605134332,-5.867570777852793,0.937,0.9385,0.063,NA,NA,0.0016097296650790266,0.0011385354315005345,1.6485683865083284e-4,1.0472188766034003,1.7919787166432053e-4,1.5094036406988733,0.00543281694887652,0.005372045699731156,0.005432816948876522,0.9413242922214721,0.015094036406988733
13,800,0.25,0.01,0.02,0,JM-MI,2000,-0.0010355894759454516,-0.0010355894759454516,0.03768458959747161,0.0014204906745459895,235.17464065458788,0.04029933989587488,6.938513398534396,0.961,0.9605,0.039,NA,NA,8.426530404412796e-4,5.959946963870796e-4,4.464332928892683e-5,11.762143225201761,7.08966601592497e-5,1.7017006626991402,0.004328914413568374,0.004355441998236229,0.004328914413568372,1.069385133985344,0.0170170066269914
13,800,0.25,0.01,0.02,0,Naive,2000,0.0030535825859428502,0.0030535825859428502,0.03396592253131052,0.0011624314180654596,312.583544812435,0.033923784952120034,-0.12405839750603276,0.9450000000000001,0.9465,0.0555,NA,NA,7.595011169850205e-4,5.371827026056743e-4,3.590048253420639e-5,16.548836517609786,2.7390132027492018e-5,1.5816293078078625,0.005097793640389926,0.005031786462082825,0.005119558086397693,0.9987594160249397,0.015816293078078626
14,800,0.5,0.01,0.02,0,CCA,2000,-0.0017664864290705556,-0.0017664864290705556,0.046620394300454886,0.002175494908451612,0,0.04847220103675762,3.972095826492539,0.9585,0.9580000000000001,0.0425,NA,NA,0.0010424637079366088,7.373175094471447e-4,6.964454664357636e-5,0,5.9283118428614085e-5,1.6492638160006925,0.004459694496263168,0.004485309353879615,0.0045107510461119445,1.0397209582649254,0.016492638160006925
14,800,0.5,0.01,0.02,0,AIPW,2000,-0.0015509281891977666,-0.0015509281891977666,0.03468779512600761,0.0012050468873865735,80.63358179808992,0.034766068458846125,0.22565093155728633,0.9500000000000001,0.9475,0.05,NA,NA,7.756426789133889e-4,5.485993650266314e-4,3.810268162909894e-5,5.738389584827011,3.997717071579597e-5,1.5892871903601677,0.0048733971724044785,0.004987171041783106,0.004873397172404482,1.0022565093155729,0.01589287190360168
14,800,0.5,0.01,0.02,0,FCS-MI,2000,-0.00133212724361857,-0.00133212724361857,0.034542476496592034,0.0011943606541695451,82.15661328103488,0.03524438852084272,2.0320257707056255,0.9580000000000001,0.9570000000000001,0.0425,NA,NA,7.723932555756857e-4,5.463011011117781e-4,3.7429731517543124e-5,5.6889166749818685,3.153014311624861e-5,1.6162510496926208,0.004485309353879615,0.004536022486716746,0.0045107510461119445,1.0203202577070563,0.016162510496926207
14,800,0.5,0.01,0.02,0,IPW,2000,-0.001415327454987658,-0.001415327454987658,0.04708789041937026,0.0022181639412393902,-1.9757752007785956,0.04773515552054847,1.374589295493145,0.9520000000000001,0.9505,0.048,NA,NA,0.0010529172389477299,7.447111207463852e-4,7.107954120307834e-5,0.7613666181492895,8.219805566417313e-5,1.6127490006714962,0.004779958158812687,0.004850244839180801,0.0047799581588126895,1.0137458929549314,0.016127490006714963
14,800,0.5,0.01,0.02,0,JM-MI,2000,-0.0013567895377375805,-0.0013567895377375805,0.034614733245286994,0.0011994215456132698,81.39691902378176,0.03524302290081843,1.8150931601270903,0.9545,0.9540000000000001,0.046,NA,NA,7.740089655948363e-4,5.474438663497803e-4,3.7815439735068165e-5,5.666988754023258,3.087627300727049e-5,1.6127093168278137,0.004659922209651143,0.004684228858627636,0.00468422885862764,1.018150931601271,0.016127093168278137
14,800,0.5,0.01,0.02,0,Naive,2000,0.0022028110390913476,0.0022028110390913476,0.033800511055009225,0.001146755686779954,90.24153923902378,0.03389114598151449,0.2681466157649526,0.9535,0.9500000000000001,0.047,NA,NA,7.558024039323377e-4,5.345666634328941e-4,3.573710727083607e-5,6.436732769962441,2.6751716237430867e-5,1.5877489474433197,0.004708383480558906,0.0048733971724044785,0.00473238840333293,1.0026814661576495,0.015877489474433196
15,800,0.65,0.01,0.02,0,CCA,2000,-0.0022041172436351383,-0.0022041172436351383,0.04143201827561168,0.001720611965145115,4.440892098500626e-14,0.042271335214066744,2.025768894172164,0.9595,0.9580000000000001,0.0415,NA,NA,9.264480930928135e-4,6.552615649165481e-4,5.319163810582683e-5,0,4.301614951510068e-5,1.6169092416837727,0.004407933189148855,0.004485309353879615,0.004459694496263169,1.0202576889417216,0.016169092416837727
15,800,0.65,0.01,0.02,0,AIPW,2000,-0.0013829478340351407,-0.0013829478340351407,0.03384454851666076,0.0011467932822761184,49.86310591366989,0.03411536562552114,0.8001794106577087,0.9485,0.9515,0.051500000000000004,NA,NA,7.567871115104314e-4,5.352631309775062e-4,3.6116342592062735e-5,3.993256829916969,3.795416715841252e-5,1.5981288220525451,0.004942051699446293,0.004803527349771207,0.004942051699446294,1.008001794106577,0.015981288220525452
15,800,0.65,0.01,0.02,0,FCS-MI,2000,-0.001285894773883487,-0.001285894773883487,0.033742659963249655,0.0011396513432142942,50.76951865960693,0.034485984322197946,2.2029216420930364,0.9520000000000001,0.9530000000000001,0.0485,NA,NA,7.545088141948678e-4,5.336517285951477e-4,3.589396293997594e-5,3.954544798448968,2.8117503694111687e-5,1.6185207424945618,0.004779958158812687,0.004732388403332927,0.004803527349771208,1.0220292164209304,0.016185207424945617
15,800,0.65,0.01,0.02,0,IPW,2000,-0.001809486473616906,-0.0018094864736169058,0.041794734608083514,0.0017492006823378566,-1.728171818067037,0.04174890745585248,-0.10964814745388907,0.9500000000000001,0.9495,0.05,NA,NA,9.345586768523778e-4,6.609980479923964e-4,5.4385669114460245e-5,0.5533956102292436,6.077742061122257e-5,1.5864788442393352,0.0048733971724044785,0.0048964145045124596,0.004873397172404482,0.9989035185254611,0.015864788442393352
15,800,0.65,0.01,0.02,0,JM-MI,2000,-0.0014033771343904423,-0.0014033771343904423,0.033860091490828886,0.0011479020102507492,49.72555260758822,0.03448797214842742,1.854338337415884,0.9525,0.9530000000000001,0.048,NA,NA,7.57134662978556e-4,5.355089484394776e-4,3.624611564597429e-5,3.9429647719843506,2.811963226377859e-5,1.6130005341855296,0.00475624589355933,0.004732388403332927,0.0047799581588126895,1.0185433833741588,0.016130005341855297
15,800,0.65,0.01,0.02,0,Naive,2000,0.001598299862243734,0.001598299862243734,0.03329783358259551,0.001110745910883227,54.824691128173185,0.03389120110874611,1.7820003955475006,0.9540000000000001,0.9530000000000001,0.0465,NA,NA,7.445621939415894e-4,5.266166469738603e-4,3.544234229270699e-5,4.406320323350924,2.6461648688266656e-5,1.6116776694222483,0.004684228858627636,0.004732388403332927,0.004708383480558906,1.017820003955475,0.016116776694222484
16,1500,0.25,0.01,0.02,0,CCA,2000,-9.019397612825892e-4,-9.019397612825893e-4,0.04991945125431122,0.002491519133057771,4.440892098500626e-14,0.050034782559424514,0.23103480149599953,0.9545,0.9535,0.0465,NA,NA,0.0011162328640412704,7.894932255310798e-4,8.181289144384316e-5,9.426678795130652e-8,6.347460304392469e-5,1.590279738609744,0.004659922209651143,0.004708383480558906,0.004708383480558906,1.00231034801496,0.015902797386097442
16,1500,0.25,0.01,0.02,0,AIPW,2000,-9.083973852249946e-4,-9.083973852249946e-4,0.026904868510653056,7.243351994102263e-4,244.25309821616997,0.027233452941514535,1.2212824260091626,0.9540000000000001,0.9505,0.046,NA,NA,6.016111491551376e-4,4.255097139340167e-4,2.4618806975222234e-5,12.804703322887116,3.129898491324731e-5,1.605070561962599,0.004684228858627636,0.004850244839180801,0.00468422885862764,1.0122128242600916,0.016050705619625988
16,1500,0.25,0.01,0.02,0,FCS-MI,2000,-6.125824459576816e-4,-6.125824459576817e-4,0.02658594575624314,7.068343627511212e-4,252.56189896072473,0.027634742463196065,3.944929086100446,0.96,0.9590000000000001,0.0405,NA,NA,5.944798195708171e-4,4.204658413002486e-4,2.394015444013725e-5,12.78909361784049,3.236084304829114e-5,1.6484248441654659,0.004381780460041331,0.004433903472111224,0.004407933189148856,1.0394492908610045,0.016484248441654657
16,1500,0.25,0.01,0.02,0,IPW,2000,-7.169338257334577e-4,-7.169338257334577e-4,0.051388606029534274,0.0026399824293543376,-5.636089279670586,0.04950679846032253,-3.6619159666059553,0.9335,0.9345,0.0665,NA,NA,0.001149084163509942,8.127284116789857e-4,8.615702492152771e-5,0.9286563907508855,9.33261515209269e-5,1.534405102215547,0.005571254347092763,0.005532167296819575,0.005571254347092763,0.9633808403339404,0.01534405102215547
16,1500,0.25,0.01,0.02,0,JM-MI,2000,-7.439869436778094e-4,-7.439869436778094e-4,0.026772918585758147,7.169842915871973e-4,247.65475250183343,0.027652364037217103,3.2848322032651867,0.9575,0.9570000000000001,0.0425,NA,NA,5.986606591382275e-4,4.2342288066168844e-4,2.4242123286343214e-5,12.602506498166237,3.269292844761982e-5,1.6380429181411051,0.004510751046111944,0.004536022486716746,0.0045107510461119445,1.0328483220326519,0.01638042918141105
16,1500,0.25,0.01,0.02,0,Naive,2000,0.0025918884856705186,0.0025918884856705186,0.02438242173762599,6.009231244687121e-4,319.16588346092516,0.024678550284684655,1.2145165490337284,0.9525,0.9550000000000001,0.0475,NA,NA,5.452075246140025e-4,3.85616353950505e-4,1.9029525355165627e-5,16.504348222648556,1.4273640249775999e-5,1.6018123458929754,0.00475624589355933,0.00463546114210873,0.004756245893559331,1.0121451654903373,0.016018123458929754
17,1500,0.5,0.01,0.02,0,CCA,2000,5.407312583570628e-4,5.407312583570628e-4,0.03487696147353918,0.0012160866306996873,0,0.035041474306610594,0.47169485563194335,0.9540000000000001,0.9550000000000001,0.0465,NA,NA,7.798725670347484e-4,5.515910956270701e-4,4.0155124154975666e-5,0,3.113661212925457e-5,1.5915002194965737,0.004684228858627636,0.00463546114210873,0.004708383480558906,1.0047169485563194,0.015915002194965736
17,1500,0.5,0.01,0.02,0,AIPW,2000,3.088326370478578e-4,3.0883263704785787e-4,0.025675500839703314,6.589971052956269e-4,84.51829602172695,0.025146010487564197,-2.062239624632134,0.9490000000000001,0.9495,0.051000000000000004,NA,NA,5.741216523392955e-4,4.060668429986532e-4,2.1193561299912025e-5,5.617975337327054,2.075650053531385e-5,1.5510274581314738,0.004919298730510272,0.0048964145045124596,0.004919298730510275,0.9793776037536787,0.015510274581314739
17,1500,0.5,0.01,0.02,0,FCS-MI,2000,5.029376996763051e-4,5.029376996763051e-4,0.025625853165424546,6.566089546104269e-4,85.2339622197873,0.025331201261665333,-1.149822805340861,0.9540000000000001,0.9545,0.046,NA,NA,5.730114965931745e-4,4.052816480191095e-4,2.1251140019251538e-5,5.596180603807512,1.631548808590604e-5,1.5646453392604205,0.004684228858627636,0.004659922209651143,0.00468422885862764,0.9885017719465914,0.015646453392604204
17,1500,0.5,0.01,0.02,0,IPW,2000,0.0011210383589407029,0.0011210383589407027,0.03520230840442707,0.0012398396427441135,-1.8398990528884829,0.034878629203555896,-0.9194828849078185,0.9485,0.9495,0.051500000000000004,NA,NA,7.87147545572111e-4,5.567365688129585e-4,4.039189822845793e-5,0.664595352718495,4.424596608379024e-5,1.5720251455949825,0.004942051699446293,0.0048964145045124596,0.004942051699446294,0.9908051711509218,0.015720251455949824
17,1500,0.5,0.01,0.02,0,JM-MI,2000,3.0869416866730656e-4,3.086941686673066e-4,0.025658144539686865,6.581065031186224e-4,84.7680130715298,0.02534150736059463,-1.2340610935544283,0.9515,0.9530000000000001,0.0485,NA,NA,5.737335536725489e-4,4.0579234716708916e-4,2.133776515087612e-5,5.567973652795902,1.6288350508784097e-5,1.5633066265145854,0.004803527349771207,0.004732388403332927,0.004803527349771208,0.9876593890644557,0.015633066265145854
17,1500,0.5,0.01,0.02,0,Naive,2000,0.003469436375699956,0.003469436375699956,0.024903969678278622,6.319345906487828e-4,96.1282374236248,0.02468693785141347,-0.8714748277839801,0.9500000000000001,0.9550000000000001,0.05,NA,NA,5.568696911022456e-4,3.93864813330342e-4,2.014442040581177e-5,6.2325090675903185,1.4304710251431582e-5,1.5688034745922053,0.0048733971724044785,0.00463546114210873,0.004873397172404482,0.9912852517221602,0.015688034745922053
18,1500,0.65,0.01,0.02,0,CCA,2000,-2.5149270494255184e-4,-2.514927049425519e-4,0.030571770192406093,9.342290647115806e-4,4.440892098500626e-14,0.030637895302317177,0.2162946715055014,0.9460000000000001,0.9460000000000001,0.054,NA,NA,6.836055634272185e-4,4.835030204245908e-4,3.11637189610654e-5,0,2.350207576233996e-5,1.5868182788445733,0.005053909377897468,0.005053909377897468,0.005053909377897471,1.002162946715055,0.015868182788445734
18,1500,0.65,0.01,0.02,0,AIPW,2000,-5.254403551679192e-4,-5.254403551679192e-4,0.025398604794184734,6.450426684952772e-4,44.88434167691815,0.024785910870327537,-2.4123133094203664,0.9475,0.9450000000000001,0.0525,NA,NA,5.679300685344913e-4,4.0168763716564866e-4,2.0459925633931176e-5,3.699398759270875,2.0662080104289924e-5,1.545525214236065,0.004987171041783106,0.005097793640389926,0.004987171041783107,0.9758768669057963,0.015455252142360648
18,1500,0.65,0.01,0.02,0,FCS-MI,2000,-4.411333136206645e-4,-4.411333136206645e-4,0.025385795043617484,6.443109693019418e-4,45.03059674037948,0.024939069324910572,-1.7597468109206482,0.9490000000000001,0.9500000000000001,0.051000000000000004,NA,NA,5.676436338040594e-4,4.0148504657141186e-4,2.0478178817608994e-5,3.6766589635585643,1.5165816906624248e-5,1.5548513956622556,0.004919298730510272,0.0048733971724044785,0.004919298730510275,0.9824025318907935,0.015548513956622555
18,1500,0.65,0.01,0.02,0,IPW,2000,2.630952868018595e-4,2.630952868018596e-4,0.030772256893353316,9.46527547543313e-4,-1.2987906507242908,0.03045792535116915,-1.0214770508173543,0.9425,0.9430000000000001,0.0575,NA,NA,6.880885823462452e-4,4.8667378629300046e-4,3.1503268219780865e-5,0.49767894778229543,3.2505242653579286e-5,1.5689392126066977,0.005205465877325487,0.005184158562389848,0.005205465877325487,0.9897852294918265,0.015689392126066976
18,1500,0.65,0.01,0.02,0,JM-MI,2000,-5.2444167024409e-4,-5.2444167024409e-4,0.02539795939315235,6.450088522310359e-4,44.89170523635568,0.024945066472580015,-1.7831862535162557,0.9480000000000001,0.9475,0.0525,NA,NA,5.679156369286795e-4,4.016774299271872e-4,2.0524902377284205e-5,3.674331719126296,1.5180500779428908e-5,1.5544820892042632,0.004964675215963273,0.004987171041783106,0.004987171041783107,0.9821681374648374,0.015544820892042632
18,1500,0.65,0.01,0.02,0,Naive,2000,0.002602828670543331,0.002602828670543331,0.025113595793683705,6.37152064429886e-4,48.191526879945926,0.024673970339255027,-1.7505476238462325,0.9465,0.9480000000000001,0.0535,NA,NA,5.615570735412955e-4,3.9718012216984804e-4,2.025690509731021e-5,4.033488282395844,1.4597619667646115e-5,1.5549355678021406,0.005031786462082825,0.004964675215963273,0.005031786462082826,0.9824945237615377,0.015549355678021405
19,500,0.25,0.01,0.05,0,CCA,2000,-9.92324782785485e-4,-9.92324782785485e-4,0.08980662323225923,0.008062181670067302,0,0.08905412713239129,-0.8379071306598651,0.9490000000000001,0.9485,0.054,NA,NA,0.0020081371437704353,0.0014203225169380725,2.6264715146967846e-4,0,2.1077818720570773e-4,1.5857474824456488,0.004919298730510272,0.004942051699446293,0.005053909377897471,0.9916209286934013,0.01585747482445649
19,500,0.25,0.01,0.05,0,AIPW,2000,-0.0014227536160240565,-0.0014227536160240565,0.053563756512760206,0.002869665701604292,181.10895435768995,0.053067593188761746,-0.9263041957863094,0.9435,0.9455,0.0565,NA,NA,0.001197722006927789,8.471291618448685e-4,9.261849739146844e-5,9.624851571028485,1.2628952641555548e-4,1.5845240117913617,0.005162739098579358,0.005075911248239078,0.005162739098579358,0.9907369580421369,0.015845240117913616
19,500,0.25,0.01,0.05,0,FCS-MI,2000,-3.613940397329464e-4,-3.613940397329464e-4,0.05115288127409972,0.0026154395596627755,208.23115369333993,0.054093487159282,5.748661291287216,0.9615,0.9615,0.04,NA,NA,0.0011438131977386302,8.090003439052142e-4,8.221818485888808e-5,9.726096733400556,1.1848831321411092e-4,1.6884159635754468,0.004302194207610808,0.004302194207610808,0.004381780460041329,1.0574866129128722,0.01688415963575447
19,500,0.25,0.01,0.05,0,IPW,2000,-0.001327149387102159,-0.0013271493871021588,0.09374304269588575,0.008785125500351404,-8.221988737872277,0.08286235119225534,-11.6069323020896,0.9075,0.9085,0.0925,NA,NA,0.002096158158856657,0.0014825783394940833,2.793542965720075e-4,1.0504236027978555,2.717486413495909e-4,1.4277062289009053,0.006478570444164362,0.006447005118657811,0.006478570444164361,0.883930676979104,0.014277062289009053
19,500,0.25,0.01,0.05,0,JM-MI,2000,-0.0010376580303052025,-0.0010376580303052025,0.05134364545324282,0.0026359285776519454,205.9449806101648,0.05416123397245887,5.487706403282089,0.964,0.963,0.0385,NA,NA,0.0011480788144609894,8.120173447600556e-4,8.230696633378798e-5,9.67422872626323,1.2325392837629384e-4,1.685506744479926,0.0041655731898503495,0.004220841148396847,0.004302194207610809,1.0548770640328209,0.01685506744479926
19,500,0.25,0.01,0.05,0,Naive,2000,0.0034000737803915977,0.003400073780391598,0.04352373080647329,0.0019049284874548013,325.75965276135565,0.04271318561215874,-1.8623063310418075,0.9435,0.9450000000000001,0.0565,NA,NA,9.732202071767602e-4,6.883427152773724e-4,5.869733638165781e-5,16.710911771571922,4.1920636167920296e-5,1.5550669185214894,0.005162739098579358,0.005097793640389926,0.005162739098579358,0.9813769366895819,0.015550669185214893
20,500,0.5,0.01,0.05,0,CCA,2000,0.0022510880835973955,0.0022510880835973955,0.06171301319781356,0.0038116591475146483,0,0.06082558298461953,-1.4379952739456803,0.9505,0.9490000000000001,0.0505,NA,NA,0.001379944926066528,9.760124485057539e-4,1.2095492587784525e-4,0,9.473962505538458e-5,1.5663331093315547,0.004850244839180801,0.004919298730510272,0.00489641450451246,0.9856200472605432,0.015663331093315545
20,500,0.5,0.01,0.05,0,AIPW,2000,0.002041827810617814,0.002041827810617814,0.04605815296450349,0.002124461838582563,79.53142084227981,0.044131518337662864,-4.183047957492914,0.9395,0.9405,0.0605,NA,NA,0.0010298916094671326,7.28425470077845e-4,6.797475135015027e-5,5.201494746290753,6.59699177739193e-5,1.5221319279218792,0.005331029450303197,0.005289600646551685,0.005331029450303197,0.9581695204250709,0.015221319279218793
20,500,0.5,0.01,0.05,0,FCS-MI,2000,0.0023255065556746475,0.0023255065556746475,0.04582579916002236,0.002104361847460864,81.35661818534128,0.04508231283584083,-1.6224186763994952,0.9440000000000001,0.9450000000000001,0.057,NA,NA,0.0010246960204506276,7.247507150483938e-4,6.793281310380598e-5,5.0926375499146195,5.3038029011861465e-5,1.5601739867088051,0.005141206084179078,0.005097793640389926,0.00518415856238985,0.983775813236005,0.01560173986708805
20,500,0.5,0.01,0.05,0,IPW,2000,0.0031296407834074565,0.0031296407834074565,0.062269806838509315,0.0038853847307165766,-1.780330941027497,0.05906613405763645,-5.1448253070405014,0.9420000000000001,0.9420000000000001,0.058,NA,NA,0.001392395210366881,9.84818330708037e-4,1.220205095995176e-4,0.7731810900204008,1.2941989328492864e-4,1.5144958371649748,0.005226662414964255,0.005226662414964255,0.0052266624149642565,0.948551746929595,0.015144958371649747
20,500,0.5,0.01,0.05,0,JM-MI,2000,0.0021527952009232167,0.0021527952009232167,0.045801570723171016,0.0021013695159463994,81.54853953140191,0.045089323673347094,-1.5550712313532,0.9425,0.9435,0.059000000000000004,NA,NA,0.0010241542561327459,7.243675340181798e-4,6.768950538908843e-5,5.1003678382608415,5.445626962053641e-5,1.5614734413682512,0.005205465877325487,0.005162739098579358,0.0052687284993630104,0.984449287686468,0.015614734413682512
20,500,0.5,0.01,0.05,0,Naive,2000,0.006363855136386787,0.006363855136386787,0.04327092576576573,0.001911935482315012,103.40476839468434,0.042779558467373954,-1.1355599393727989,0.9400000000000001,0.9420000000000001,0.06,NA,NA,9.675673146159932e-4,6.843445169397757e-4,6.351737670808901e-5,6.766177783961809,4.275726908932568e-5,1.566694212478412,0.005310367218940699,0.005226662414964255,0.0053103672189407005,0.988644400606272,0.01566694212478412
21,500,0.65,0.01,0.05,0,CCA,2000,0.0015194724896786488,0.001519472489678649,0.05190236699821055,0.002694817568813817,0,0.05282748095711439,1.7824118867945549,0.9555,0.9550000000000001,0.0455,NA,NA,0.0011605722080114049,8.208537174289596e-4,8.593344075284547e-5,0,6.954526948899156e-5,1.61529081984975,0.004610843198374891,0.00463546114210873,0.004659922209651144,1.0178241188679455,0.0161529081984975
21,500,0.65,0.01,0.05,0,AIPW,2000,0.0011389761337785773,0.0011389761337785773,0.043292846044915234,0.0018746306500427154,43.728222430257446,0.04281125016932997,-1.112414450843957,0.9460000000000001,0.9470000000000001,0.054,NA,NA,9.680574669586337e-4,6.84691193665089e-4,6.010885074687988e-5,3.600785953276388,6.129026064815454e-5,1.5703356466004368,0.005053909377897468,0.005009540897128196,0.005053909377897471,0.9888758554915604,0.01570335646600437
21,500,0.65,0.01,0.05,0,FCS-MI,2000,0.0013381073650080468,0.0013381073650080468,0.04323470717810159,0.0018700958161440905,44.11503270038952,0.04353848888326785,0.7026338906722662,0.9520000000000001,0.9515,0.049,NA,NA,9.667574423753327e-4,6.837717075662618e-4,5.962014972196422e-5,3.531461479794725,4.588227292886625e-5,1.5961784425611367,0.004779958158812687,0.004803527349771207,0.0048269555622566076,1.0070263389067227,0.01596178442561137
21,500,0.65,0.01,0.05,0,IPW,2000,0.0019617137182344883,0.0019617137182344883,0.05231234986309869,0.0027390619779374516,-1.5612997889729363,0.051725760350904114,-1.1213212821249319,0.9485,0.9460000000000001,0.051500000000000004,NA,NA,0.001169739703566405,8.273377369099442e-4,8.772082208750755e-5,0.6146156444534986,9.570785384666549e-5,1.5744660681628695,0.004942051699446293,0.005053909377897468,0.004942051699446294,0.9887867871787507,0.015744660681628695
21,500,0.65,0.01,0.05,0,JM-MI,2000,0.001198852990532695,0.0011988529905326947,0.0432466599594104,0.0018707757093389574,44.03538088807728,0.04354216107334743,0.6832923379848976,0.9525,0.9525,0.0475,NA,NA,9.670247146905995e-4,6.839607448980522e-4,5.97356003849274e-5,3.520018597269519,4.585843216653813e-5,1.5958676120736064,0.00475624589355933,0.00475624589355933,0.004756245893559331,1.006832923379849,0.015958676120736065
21,500,0.65,0.01,0.05,0,Naive,2000,0.005409629844618959,0.00540962984461896,0.04293059380684278,0.001871378461721616,46.16403958893678,0.04272364350834887,-0.48205785232099396,0.9495,0.9485,0.051500000000000004,NA,NA,9.599572606653194e-4,6.7896205040118e-4,6.065602005375804e-5,4.181645212675148,4.301187707205161e-5,1.5770959711972095,0.0048964145045124596,0.004942051699446293,0.004942051699446294,0.9951794214767901,0.015770959711972093
22,800,0.25,0.01,0.05,0,CCA,2000,-8.552200685962394e-4,-8.552200685962394e-4,0.07097812029671247,0.0050361060154398875,0,0.0683428858594024,-3.712741935534347,0.9380000000000001,0.9380000000000001,0.0635,NA,NA,0.001587119018986066,0.0011225432917863854,1.6469068867985516e-4,0,1.2338493856209432e-4,1.5327058322417935,0.005392402062161164,0.005392402062161164,0.005452877680637995,0.9628725806446565,0.015327058322417935
22,800,0.25,0.01,0.05,0,AIPW,2000,-9.260560103040457e-4,-9.260560103040458e-4,0.04069003713325532,0.0016557088620789645,204.27958498721296,0.03949346126989052,-2.9407096863690474,0.9445,0.9430000000000001,0.0555,NA,NA,9.098568903694957e-4,6.435268789245508e-4,5.5587169200139585e-5,10.588266249896511,6.637900946737522e-5,1.5436700075580452,0.005119558086397692,0.005184158562389848,0.005119558086397693,0.9705929031363095,0.015436700075580451
22,800,0.25,0.01,0.05,0,FCS-MI,2000,-3.7685513708747483e-4,-3.7685513708747483e-4,0.04000391695304232,0.0015996552346944633,214.8066903835244,0.040365768873911405,0.9045412260350272,0.9535,0.9525,0.0485,NA,NA,8.945147767325891e-4,6.326756531885398e-4,5.3278357910906384e-5,10.460769412135976,7.139286961932917e-5,1.6057878474316367,0.004708383480558906,0.00475624589355933,0.004803527349771208,1.0090454122603503,0.01605787847431637
22,800,0.25,0.01,0.05,0,IPW,2000,-4.403862846483999e-4,-4.403862846484e-4,0.0731432866238565,0.005347459348030261,-5.832715791751475,0.06574429897469093,-10.115744028861151,0.915,0.9155,0.085,NA,NA,0.0016355336098869422,0.001156786139102953,1.7679693418993093e-4,0.9513158942686413,1.6553804663532246e-4,1.439453407421202,0.006235984284778145,0.006219314672855845,0.0062359842847781455,0.8988425597113885,0.014394534074212019
22,800,0.25,0.01,0.05,0,JM-MI,2000,-5.888473297235929e-4,-5.888473297235929e-4,0.040227594681413986,0.0016177969853429235,211.3155803239573,0.0403829244761034,0.38612747274491266,0.9530000000000001,0.9520000000000001,0.05,NA,NA,8.995163627895067e-4,6.362131931016285e-4,5.442715993583317e-5,10.348276171494332,7.410232726701778e-5,1.598291721266168,0.004732388403332927,0.004779958158812687,0.004873397172404482,1.0038612747274491,0.01598291721266168
22,800,0.25,0.01,0.05,0,Naive,2000,0.0035213973170563828,0.0035213973170563828,0.034930632671177714,0.0012319392633239157,312.8916347824349,0.03372077715148651,-3.4635946364907633,0.935,0.9365,0.066,NA,NA,7.810726914982844e-4,5.524399240071317e-4,4.037107795521991e-5,16.004016642878675,2.6103650868504598e-5,1.528584132716601,0.005512485827646179,0.005452877680637995,0.005551756478809206,0.9653640536350924,0.01528584132716601
23,800,0.5,0.01,0.05,0,CCA,2000,-2.0643938375796878e-5,-2.0643938375796875e-5,0.04724433023932317,0.002230911152564537,0,0.04746144699939087,0.4595615155678301,0.9510000000000001,0.9510000000000001,0.049,NA,NA,0.0010564153396657554,7.471852701000495e-4,7.338891744595746e-5,0,5.6739945180261844e-5,1.5933351121456913,0.004826955562256604,0.004826955562256604,0.0048269555622566076,1.0045956151556783,0.015933351121456912
23,800,0.5,0.01,0.05,0,AIPW,2000,7.558125853927358e-4,7.558125853927359e-4,0.03511508230407733,0.001233023723383752,81.0139359848842,0.03451321437230574,-1.71398696024615,0.9450000000000001,0.9460000000000001,0.055,NA,NA,7.851971106741686e-4,5.553570581495742e-4,4.114149117292866e-5,5.276149948357442,4.077455427353023e-5,1.5587579517084853,0.005097793640389926,0.005053909377897468,0.005097793640389928,0.9828601303975385,0.015587579517084853
23,800,0.5,0.01,0.05,0,FCS-MI,2000,0.0011156713325820716,0.0011156713325820716,0.03496834139784492,0.001223418230188522,82.53633484924912,0.03497719625850985,0.025322506904701392,0.9485,0.9495,0.051500000000000004,NA,NA,7.819158842600125e-4,5.530363004395467e-4,4.1145988741764346e-5,5.250678661807973,3.232805280920411e-5,1.5846338543572507,0.004942051699446293,0.0048964145045124596,0.004942051699446294,1.000253225069047,0.015846338543572508
23,800,0.5,0.01,0.05,0,IPW,2000,6.437991806910543e-4,6.437991806910544e-4,0.04768951439009005,0.002273567115256283,-1.85829630510157,0.04673431595504328,-2.002952739743702,0.9425,0.9430000000000001,0.0575,NA,NA,0.0010663699599019578,7.542260099782528e-4,7.52272991708474e-5,0.733682233099647,7.848005013957251e-5,1.5585691668453021,0.005205465877325487,0.005184158562389848,0.005205465877325487,0.979970472602563,0.01558569166845302
23,800,0.5,0.01,0.05,0,JM-MI,2000,8.498210683724639e-4,8.49821068372464e-4,0.03510797649500546,0.0012326759244153185,81.08721737359406,0.03495410713279758,-0.43827465313978076,0.9505,0.9510000000000001,0.05,NA,NA,7.850382199529701e-4,5.552446773444331e-4,4.1305771254489735e-5,5.178653466118457,3.260746171600285e-5,1.5773396059212514,0.004850244839180801,0.004826955562256604,0.004873397172404482,0.9956172534686022,0.015773396059212515
23,800,0.5,0.01,0.05,0,Naive,2000,0.005760353514668286,0.005760353514668286,0.033883953936033696,0.001180729945786035,94.40669979186163,0.03373099135964951,-0.4514307175394805,0.9445,0.9475,0.0565,NA,NA,7.576682434744292e-4,5.358863411864017e-4,3.885269416591542e-5,6.369113383951341,2.6841658927082188e-5,1.5763863783485077,0.005119558086397692,0.004987171041783106,0.005162739098579358,0.9954856928246052,0.01576386378348508
24,800,0.65,0.01,0.05,0,CCA,2000,9.284439810545127e-5,9.284439810545128e-5,0.04123682250693106,0.0016996339127851611,0,0.041378062063942185,0.34250834187670165,0.9495,0.9500000000000001,0.0505,NA,NA,9.220833830159113e-4,6.521744769547714e-4,5.4690984836463363e-5,6.665668500104314e-8,4.273499888646278e-5,1.5903313403724018,0.0048964145045124596,0.0048733971724044785,0.00489641450451246,1.003425083418767,0.01590331340372402
24,800,0.65,0.01,0.05,0,AIPW,2000,-2.0996933028225744e-4,-2.0996933028225744e-4,0.033737049687256895,0.0011376635144592995,49.40192228235154,0.03365421767395895,-0.24552239767792194,0.9515,0.9515,0.0485,NA,NA,7.543833646099445e-4,5.335630001580685e-4,3.683060383184274e-5,3.789419331309807,3.727888614573995e-5,1.5815161489542986,0.004803527349771207,0.004803527349771207,0.004803527349771208,0.9975447760232208,0.015815161489542987
24,800,0.65,0.01,0.05,0,FCS-MI,2000,6.12230830729787e-5,6.122308307297872e-5,0.03363410203146325,0.00113069094131905,50.31790429265166,0.03400582092013544,1.1051845187496356,0.9535,0.9535,0.047,NA,NA,7.520813850451561e-4,5.319348477086489e-4,3.667874600692744e-5,3.748939518263992,2.7734099114449076e-5,1.6011378367139746,0.004708383480558906,0.004708383480558906,0.00473238840333293,1.0110518451874964,0.016011378367139745
24,800,0.65,0.01,0.05,0,IPW,2000,6.968316213032192e-4,6.968316213032192e-4,0.04153463213856547,0.0017247486783609606,-1.4288893204119857,0.04092638466552444,-1.4644344772618445,0.9415,0.9405,0.0585,NA,NA,9.287426088227986e-4,6.568844383178376e-4,5.485449864810115e-5,0.56639699246656106,5.77437199858451e-5,1.5645628033116887,0.0052477495176503994,0.005289600646551685,0.0052477495176503994,0.9853556552273816,0.015645628033116886
24,800,0.65,0.01,0.05,0,JM-MI,2000,-1.418887405954477e-4,-1.418887405954477e-4,0.03374594606931075,0.0011382396140894814,49.32315955461224,0.03399939652525188,0.7510545279144409,0.9510000000000001,0.9515,0.049,NA,NA,7.545822937602068e-4,5.337036994884251e-4,3.711764802624669e-5,3.7323470341244698,2.7844281037319443e-5,1.595547358682654,0.004826955562256604,0.004803527349771207,0.0048269555622566076,1.0075105452791444,0.01595547358682654
24,800,0.65,0.01,0.05,0,Naive,2000,0.00488400111890337,0.00488400111890337,0.03331198465637139,0.0011329869445148993,53.239021907708974,0.03367752613730916,1.0973272373546727,0.9520000000000001,0.9540000000000001,0.0485,NA,NA,7.44878621570764e-4,5.268404510542202e-4,3.659103847397703e-5,4.276443169176589,2.642057287530626e-5,1.6008548002554326,0.004779958158812687,0.004684228858627636,0.004803527349771208,1.0109732723735467,0.016008548002554326
25,1500,0.25,0.01,0.05,0,CCA,2000,-0.002124780679839139,-0.002124780679839139,0.048373023575256253,0.0023432941280448092,4.440892098500626e-14,0.04910943715380334,1.522364169362711,0.9510000000000001,0.9515,0.05,NA,NA,0.001081653689914729,7.650359419329912e-4,7.201575457527535e-5,0,6.485495226902909e-5,1.6111989485942126,0.004826955562256604,0.004803527349771207,0.004873397172404482,1.015223641693627,0.016111989485942127
25,1500,0.25,0.01,0.05,0,AIPW,2000,-7.15484720492205e-4,-7.15484720492205e-4,0.027488832674513988,7.557700222317822e-4,209.66624829260425,0.02765605164982833,0.6083160288919087,0.9495,0.9490000000000001,0.0505,NA,NA,6.146689848233063e-4,4.347453072696167e-4,2.446339621725791e-5,11.256558041816177,3.213296008348768e-5,1.595443056762834,0.0048964145045124596,0.004919298730510272,0.00489641450451246,1.006083160288919,0.01595443056762834
25,1500,0.25,0.01,0.05,0,FCS-MI,2000,-1.311618527859987e-4,-1.3116185278599872e-4,0.027060654716041604,7.319300975756206e-4,219.5434120398578,0.028023131731194667,3.5567395735717433,0.9565,0.9565,0.0445,NA,NA,6.05094634607193e-4,4.2797352614939695e-4,2.361651733461508e-5,11.372212856073093,3.7896317448301286e-5,1.6437617061255834,0.004561126505590477,0.004561126505590477,0.004610843198374892,1.0355673957357174,0.016437617061255835
25,1500,0.25,0.01,0.05,0,IPW,2000,-0.0020207901072539928,-0.0020207901072539928,0.04985910882611153,0.0024887713602251417,-5.872300510539141,0.04867659000629714,-2.371720729984439,0.9385,0.9395,0.0615,NA,NA,0.0011148835663274514,7.88538889353924e-4,7.785295112771625e-5,0.9469118408528311,9.44198864591028e-5,1.555594586217648,0.005372045699731156,0.005331029450303197,0.005372045699731156,0.9762827927001556,0.01555594586217648
25,1500,0.25,0.01,0.05,0,JM-MI,2000,-6.062112004266532e-4,-6.062112004266532e-4,0.027155704800026575,7.374310790541161e-4,217.3104025552172,0.028072572794219063,3.3763365780570265,0.9530000000000001,0.9540000000000001,0.048,NA,NA,6.072200190977676e-4,4.294767757947106e-4,2.3586732235283316e-5,11.245310081279424,3.80464305478282e-5,1.6409243071633024,0.004732388403332927,0.004684228858627636,0.0047799581588126895,1.0337633657805703,0.016409243071633023
25,1500,0.25,0.01,0.05,0,Naive,2000,0.004072009573990699,0.0040720095739907,0.024486850661369373,6.158873143552217e-4,290.2479252131255,0.02458415135897791,0.39735897014325783,0.9440000000000001,0.9515,0.056,NA,NA,5.475426263370761e-4,3.872679331600778e-4,1.996448176007182e-5,15.15726052197079,1.439991283234656e-5,1.588907245859829,0.005141206084179078,0.004803527349771207,0.005141206084179081,1.0039735897014326,0.01588907245859829
26,1500,0.5,0.01,0.05,0,CCA,2000,-0.0020050280476021,-0.0020050280476021,0.03359314578602316,0.0011319553315507767,4.440892098500626e-14,0.03429682684680703,2.0947161818844817,0.9550000000000001,0.9560000000000001,0.045,NA,NA,7.51165575556084e-4,5.312871106541407e-4,3.41402478835099e-5,9.426678795130652e-8,3.0383746405651926e-5,1.6171941329003334,0.00463546114210873,0.004586065852122053,0.004635461142108733,1.0209471618188448,0.016171941329003334
26,1500,0.5,0.01,0.05,0,AIPW,2000,-0.0010319686067580738,-0.0010319686067580738,0.024798832017525075,6.157395376040442e-4,83.50119456989613,0.0249737903223982,0.7055102625377119,0.9560000000000001,0.9560000000000001,0.044,NA,NA,5.545187415378432e-4,3.922020252021183e-4,1.911223803256571e-5,5.626445103641905,2.0981113095998967e-5,1.5949377201887986,0.004586065852122053,0.004586065852122053,0.0045860658521220555,1.0070551026253771,0.015949377201887986
26,1500,0.5,0.01,0.05,0,FCS-MI,2000,-7.448616603004957e-4,-7.448616603004957e-4,0.024854423214676503,6.179883010505688e-4,82.681248535082,0.025157932750798438,1.2211489822170352,0.9555,0.9540000000000001,0.045,NA,NA,5.557617984956551e-4,3.930812190323274e-4,1.9104649604495496e-5,5.514251584760983,1.679336459114041e-5,1.6022724152940122,0.004610843198374891,0.004684228858627636,0.004635461142108733,1.0122114898221704,0.01602272415294012
26,1500,0.5,0.01,0.05,0,IPW,2000,-0.0016698288291133888,-0.0016698288291133888,0.03385893194960544,0.0011486423874501662,-1.5637999368001365,0.03416503759439892,0.9040617266046214,0.9505,0.9485,0.0495,NA,NA,7.571087348485724e-4,5.354906098977342e-4,3.4528407166214216e-5,0.6864986216900482,4.3167356311453855e-05,1.600916897762765,0.004850244839180801,0.004942051699446293,0.004850244839180801,1.0090406172660462,0.01600916897762765
26,1500,0.5,0.01,0.05,0,JM-MI,2000,-9.114409181518911e-4,-9.114409181518911e-4,0.02480446193974056,6.157844260012595e-4,83.41790469953261,0.025172514363390682,1.4838153899256579,0.9585,0.9565,0.0425,NA,NA,5.546446304256618e-4,3.922910643509412e-4,1.900668907990005e-5,5.552877726849244,1.7068927028301674e-5,1.606475822779454,0.004459694496263168,0.004561126505590477,0.0045107510461119445,1.0148381538992566,0.01606475822779454
26,1500,0.5,0.01,0.05,0,Naive,2000,0.003635707373911257,0.0036357073739112576,0.02437974300114777,6.072930509763254e-4,89.86420842486255,0.024567719439662197,0.7710353571224182,0.9485,0.9520000000000001,0.052000000000000005,NA,NA,5.451476262454115e-4,3.855739888152842e-4,1.9056901052272385e-5,6.268124141840127,1.4240622550420573e-5,1.5947985150863224,0.004942051699446293,0.004779958158812687,0.004964675215963276,1.0077103535712242,0.015947985150863223
27,1500,0.65,0.01,0.05,0,CCA,2000,-0.0014269650078513442,-0.0014269650078513442,0.02923648314851197,8.563807900534102e-4,4.440892098500626e-14,0.02999481698633836,2.593792946895479,0.9585,0.9595,0.0415,NA,NA,6.537476374309985e-4,4.623849983148669e-4,2.6529287919435004e-5,6.665668500104317e-8,2.2472612513846854e-5,1.6243756199243298,0.004459694496263168,0.004407933189148855,0.004459694496263169,1.0259379294689548,0.016243756199243297
27,1500,0.65,0.01,0.05,0,AIPW,2000,-3.204387603393063e-4,-3.204387603393063e-4,0.024239873475604173,5.873803613793699e-4,45.47540106864256,0.024480312690633492,0.9919161305495416,0.9550000000000001,0.9545,0.045,NA,NA,5.420200485744502e-4,3.833619043451974e-4,1.8767676143792866e-5,3.747846694918761,2.0204898936403178e-5,1.599395268637248,0.00463546114210873,0.004659922209651143,0.004635461142108733,1.0099191613054954,0.01599395268637248
27,1500,0.65,0.01,0.05,0,FCS-MI,2000,-1.8458515632384736e-4,-1.8458515632384736e-4,0.024225074925677055,5.86594899707025e-4,45.653190615095255,0.024644609726619554,1.7318204473242726,0.9590000000000001,0.9585,0.0415,NA,NA,5.416891429383956e-4,3.8312786020766024e-4,1.8735194431031624e-5,3.7277733303835117,1.5091912621811652e-5,1.61012927167114,0.004433903472111224,0.004459694496263168,0.004459694496263169,1.0173182044732427,0.016101292716711398
27,1500,0.65,0.01,0.05,0,IPW,2000,-0.0011523817640330704,-0.0011523817640330702,0.02944216064935394,8.677353870205905e-4,-1.3922829288996241,0.029839395161527685,1.3492029912636871,0.9545,0.9520000000000001,0.0455,NA,NA,6.583467261642476e-4,4.656378584621401e-4,2.6776346257840995e-5,0.4952374556643199,3.134304048580073e-5,1.6064036804402935,0.004659922209651143,0.004779958158812687,0.004659922209651144,1.0134920299126369,0.016064036804402933
27,1500,0.65,0.01,0.05,0,JM-MI,2000,-3.1030473171511766e-4,-3.1030473171511766e-4,0.024246792322809393,5.877092735030006e-4,45.39238980243814,0.024634572483388528,1.5993049943119342,0.9605,0.9595,0.0395,NA,NA,5.421747587012183e-4,3.834713282843585e-4,1.8791552979990784e-5,3.718157823934964,1.503473005789959e-5,1.608023793580114,0.004355441998236229,0.004407933189148855,0.00435544199823623,1.0159930499431193,0.016080237935801142
27,1500,0.65,0.01,0.05,0,Naive,2000,0.00443952593419276,0.00443952593419276,0.024371512525119238,6.13383027971033e-4,43.90811837097588,0.02455494737085172,0.7526609008916552,0.9515,0.9520000000000001,0.049,NA,NA,5.449635872065417e-4,3.854438210168779e-4,1.964914784353501e-5,4.088898187552859,1.4349534855931874e-5,1.5945252733067639,0.004803527349771207,0.004779958158812687,0.0048269555622566076,1.0075266090089166,0.015945252733067638
28,500,0.25,0.01,0.1,0,CCA,2000,-0.0011954202734039971,-0.0011954202734039971,0.08781914977778346,0.0077097759957889854,4.440892098500626e-14,0.0860499664460595,-2.014575791499551,0.9470000000000001,0.9480000000000001,0.0555,NA,NA,0.0019636958862935937,0.001388889943285814,2.3517712499762647e-4,0,2.048296626794874e-4,1.5671271893981107,0.005009540897128196,0.004964675215963273,0.005119558086397693,0.9798542420850045,0.01567127189398111
28,500,0.25,0.01,0.1,0,AIPW,2000,2.7403090719598845e-4,2.7403090719598845e-4,0.05412162641963592,0.002927760964021579,163.29146314137216,0.05331633761942486,-1.487924243013694,0.9550000000000001,0.9555,0.045,NA,NA,0.001210196357271545,8.559520655655498e-4,9.274649140075445e-5,8.883798740490079,1.267350254371034e-4,1.5755015609122616,0.00463546114210873,0.004610843198374891,0.004635461142108733,0.9851207575698631,0.015755015609122614
28,500,0.25,0.01,0.1,0,FCS-MI,2000,6.909933257248435e-4,6.909933257248435e-4,0.050805490025943124,0.002580384689644015,198.78388310915835,0.05428698355103472,6.852593141634533,0.969,0.968,0.035,NA,NA,0.0011360452932819638,8.035062322886581e-4,7.818241356993351e-5,9.35490487405677,1.3503980623933047e-4,1.7106856703046163,0.003875499967746099,0.003935479640399632,0.004109440351191388,1.0685259314163453,0.017106856703046163
28,500,0.25,0.01,0.1,0,IPW,2000,-8.7437743026773e-4,-8.7437743026773e-4,0.09085634825916176,0.008251513116871154,-6.5739685253772056,0.07983000785743218,-12.136015383622588,0.9025,0.9015,0.0975,NA,NA,0.002031609708948804,0.0014369242779067172,2.541389915840615e-4,1.0806366343745106,2.506084198818737e-4,1.4167100048496701,0.006633014020790248,0.0066632480818291625,0.006633014020790247,0.8786398461637741,0.014167100048496702
28,500,0.25,0.01,0.1,0,JM-MI,2000,6.088594345790573e-4,6.088594345790573e-4,0.05114759580753568,0.0026151392284236717,194.80035847490592,0.05452413781758663,6.601565443577462,0.9685,0.9685,0.0345,NA,NA,0.0011436950111133302,8.0891675244054e-4,7.98140189021604e-5,9.11707757538599,1.3049491131010142e-4,1.7051357712047153,0.0039056209493497944,0.0039056209493497944,0.004081038470781672,1.0660156544357746,0.017051357712047154
28,500,0.25,0.01,0.1,0,Naive,2000,0.0056977152790389,0.0056977152790389,0.04239673971386852,0.001829048755997327,329.0555603477521,0.04250329159544595,0.2513209324503052,0.9485,0.9460000000000001,0.0525,NA,NA,9.4801992024575e-4,6.70518965005909e-4,6.003529635748748e-5,17.063399917169047,4.276241195059509e-5,1.5887139455010553,0.004942051699446293,0.005053909377897468,0.004987171041783107,1.002513209324503,0.01588713945501055
29,500,0.5,0.01,0.1,0,CCA,2000,7.762154265214521e-4,7.762154265214521e-4,0.058883666910468244,0.003466155096096932,0,0.05871845605076619,-0.2805716226084387,0.9505,0.9510000000000001,0.051000000000000004,NA,NA,0.0013166788197626201,9.312653675500568e-4,1.1342383508657594e-4,6.665668500104314e-8,9.102230680173434e-5,1.5846544286822783,0.004850244839180801,0.004826955562256604,0.004919298730510275,0.9971942837739156,0.015846544286822785
29,500,0.5,0.01,0.1,0,AIPW,2000,9.025405674849739e-4,9.025405674849739e-4,0.04394520209390225,0.00193102977615633,79.54229101857109,0.04361084549947405,-0.7608489175080946,0.9415,0.9395,0.0585,NA,NA,9.826445916693153e-4,6.95008428097128e-4,5.95925985221232e-5,5.224299832585131,6.73695831025249e-5,1.576970494971173,0.0052477495176503994,0.005331029450303197,0.0052477495176503994,0.992391510824919,0.01576970494971173
29,500,0.5,0.01,0.1,0,FCS-MI,2000,0.0015363814703422238,0.0015363814703422238,0.04381889260830075,0.0019214957697654962,80.57885666325444,0.04444992789307552,1.4400986588493536,0.9475,0.9475,0.054,NA,NA,9.798202257092355e-4,6.930108003048135e-4,5.993966229301438e-5,5.095483356868649,5.672749556012265e-5,1.6095247556604977,0.004987171041783106,0.004987171041783106,0.005053909377897471,1.0144009865884935,0.016095247556604977
29,500,0.5,0.01,0.1,0,IPW,2000,0.0015994554218312308,0.0015994554218312308,0.06018652083538207,0.003623164339269172,-4.282528737417646,0.05701152536081714,-5.275260025826967,0.933,0.933,0.067,NA,NA,0.0013458115191712174,9.518704487705202e-4,1.1652389683688803e-4,0.7669374794984279,1.239543454075443e-4,1.5121943632436572,0.0055906618570612885,0.0055906618570612885,0.005590661857061291,0.9472473997417303,0.015121943632436572
29,500,0.5,0.01,0.1,0,JM-MI,2000,0.0012368822116538818,0.0012368822116538818,0.04374440761898052,0.0019141462889420591,81.19433489995009,0.04442246728284383,1.5500487965668608,0.9505,0.9520000000000001,0.0505,NA,NA,9.781546907150016e-4,6.918327946778586e-4,5.974992397931132e-5,5.0789259705590055,5.5943803339119215e-5,1.6111325561440086,0.004850244839180801,0.004779958158812687,0.00489641450451246,1.0155004879656686,0.016111325561440085
29,500,0.5,0.01,0.1,0,Naive,2000,0.00797183347299736,0.00797183347299736,0.042072381275307574,0.0018327503524629652,95.88244109368627,0.04245846234986448,0.9176591931664646,0.9470000000000001,0.9515,0.0545,NA,NA,9.407670450687703e-4,6.653891251648592e-4,5.7517941172862896e-5,6.654933816684662,4.3650770565135846e-5,1.5994160069375307,0.005009540897128196,0.004803527349771207,0.005075911248239078,1.0091765919316646,0.015994160069375308
30,500,0.65,0.01,0.1,0,CCA,2000,3.4169596513630214e-4,3.4169596513630214e-4,0.05133049778461917,0.0026336193489479754,0,0.05120107836469563,-0.2521296802274864,0.9515,0.9515,0.049,NA,NA,0.0011477848236531082,8.118094098759757e-4,8.485836588313701e-5,0,6.718006718906332e-5,1.5829664091924687,0.004803527349771207,0.004803527349771207,0.0048269555622566076,0.9974787031977251,0.015829664091924687
30,500,0.65,0.01,0.1,0,AIPW,2000,4.33154647238674e-4,4.3315464723867405e-4,0.04201201849274089,0.0017643148159339095,49.280766335143355,0.04186772847783817,-0.34344937491552763,0.9470000000000001,0.9465,0.053,NA,NA,9.394172922174688e-4,6.644344670764154e-4,5.6172504342663285e-5,3.706618329849185,6.0918275129423105e-5,1.5827585588886803,0.005009540897128196,0.005031786462082825,0.005009540897128199,0.9965655062508447,0.015827585588886802
30,500,0.65,0.01,0.1,0,FCS-MI,2000,6.556156274176682e-4,6.556156274176682e-4,0.0419423491220769,0.0017587109014041602,49.77711120353021,0.042736176325402456,1.8926627142772823,0.9530000000000001,0.9540000000000001,0.047,NA,NA,9.378594377299259e-4,6.633326221084886e-4,5.6180536020642756e-5,3.652633263924202,4.6245279765811024e-5,1.6152350211588729,0.004732388403332927,0.004684228858627636,0.00473238840333293,1.0189266271427728,0.01615235021158873
30,500,0.65,0.01,0.1,0,IPW,2000,4.005095643901002e-4,4.005095643901002e-4,0.051671569437301584,0.00266877652048099,-1.315795089036742,0.049913296582148665,-3.4027858536141653,0.9375,0.9375,0.0625,NA,NA,0.001155411417659069,8.172035749248193e-4,8.593118472217378e-5,0.5887313460332296,9.326974182038727e-5,1.5383447091783713,0.005412658773652742,0.005412658773652742,0.005412658773652742,0.9659721414638583,0.015383447091783712
30,500,0.65,0.01,0.1,0,JM-MI,2000,5.08847891135682e-4,5.088478911356819e-4,0.04191951799244164,0.0017566262919005925,49.94030543999539,0.04270873827359435,1.8827036162367472,0.9540000000000001,0.9560000000000001,0.046,NA,NA,9.373489181512503e-4,6.629715399706575e-4,5.615647699435887e-5,3.644165961977073,4.636255773307095e-5,1.6151011167477234,0.004684228858627636,0.004586065852122053,0.00468422885862764,1.0188270361623675,0.016151011167477233
30,500,0.65,0.01,0.1,0,Naive,2000,0.007296671097444855,0.0072966710974448545,0.042334978564447096,0.001844595693951456,47.01182312688441,0.042518414749132497,0.4332969825558086,0.9515,0.9505,0.049,NA,NA,9.466388989610016e-4,6.695421912665338e-4,6.0612339655798965e-5,4.452352876680251,4.175837731935246e-5,1.591446740522174,0.004803527349771207,0.004850244839180801,0.0048269555622566076,1.004332969825558,0.01591446740522174
31,800,0.25,0.01,0.1,0,CCA,2000,0.0017187088721740212,0.0017187088721740214,0.06809697866696077,0.004637833864504015,0,0.06632873532851251,-2.5966546138502467,0.9425,0.9430000000000001,0.059000000000000004,NA,NA,0.001522694733616773,0.001076977049743849,1.4829377939368997e-4,0,0.00012233796229851141,1.550907632153629,0.005205465877325487,0.005184158562389848,0.0052687284993630104,0.9740334538614975,0.01550907632153629
31,800,0.25,0.01,0.1,0,AIPW,2000,6.127001036693795e-4,6.127001036693796e-4,0.04098562626504201,0.0016793570509745694,176.05304117160355,0.040237300461968745,-1.8258249812606597,0.9455,0.9445,0.0545,NA,NA,9.164664642903476e-4,6.482017223217136e-4,5.67150246604014e-5,9.677100691425476,6.975813428306723e-5,1.5619590490461501,0.005075911248239078,0.005119558086397692,0.005075911248239078,0.9817417501873934,0.0156195904904615
31,800,0.25,0.01,0.1,0,FCS-MI,2000,0.0013627250875699248,0.0013627250875699248,0.03968677684595784,0.001576109755956937,194.41777660376428,0.040879953585584695,3.006484361927675,0.9570000000000001,0.9580000000000001,0.0445,NA,NA,8.874233083542642e-4,6.276599737330134e-4,5.388863864153521e-5,9.867643723556235,7.968958159492493e-5,1.6414109987519823,0.004536022486716746,0.004485309353879615,0.004610843198374892,1.0300648436192767,0.016414109987519823
31,800,0.25,0.01,0.1,0,IPW,2000,0.0016283774183411812,0.0016283774183411812,0.07022996465136147,0.004932433423980579,-5.982047846243788,0.06383728317876372,-9.102498490968303,0.9175,0.9165,0.0825,NA,NA,0.0015703897501785156,0.0011107109539139526,1.5645705668128272e-4,0.9965270769076917,1.632985373013638e-4,1.4562581123543246,0.0061519813881382975,0.006185780063985464,0.006151981388138297,0.908975015090317,0.014562581123543245
31,800,0.25,0.01,0.1,0,JM-MI,2000,8.571050343824034e-4,8.571050343824034e-4,0.03999075630717165,0.0015991955887645433,189.95890554094808,0.04094698950347906,2.3911355638351006,0.9570000000000001,0.9570000000000001,0.045,NA,NA,8.942204957446428e-4,6.324675130648518e-4,5.495078458053891e-5,9.743539035384691,7.927612037865396e-5,1.6314395070565808,0.004536022486716746,0.004536022486716746,0.004635461142108733,1.023911355638351,0.01631439507056581
31,800,0.25,0.01,0.1,0,Naive,2000,0.007610183230184176,0.007610183230184176,0.03343190939299346,0.0011750486081754702,314.8903415873344,0.033482355608817765,0.15089241607861847,0.9515,0.9540000000000001,0.049,NA,NA,7.475602202034711e-4,5.287371018538131e-4,3.645710663391257e-5,16.59633126100727,2.577704738224811e-5,1.5857962061387605,0.004803527349771207,0.004684228858627636,0.0048269555622566076,1.0015089241607862,0.015857962061387607
32,800,0.5,0.01,0.1,0,CCA,2000,-0.0017780864314607518,-0.0017780864314607518,0.04549149875292703,0.002071603311915913,0,0.0459249036594887,0.9527162622528174,0.9525,0.9515,0.0495,NA,NA,0.0010172208360989176,7.194636395685477e-4,6.34304042444718e-5,0,5.420975947047988e-5,1.6010426287657469,0.00475624589355933,0.004803527349771207,0.004850244839180801,1.0095271626225282,0.01601042628765747
32,800,0.5,0.01,0.1,0,AIPW,2000,-9.159527235961016e-4,-9.159527235961016e-4,0.03517031154945553,0.0012371713084703855,67.30466842757205,0.034105527339831625,-3.0275086080105873,0.9400000000000001,0.9410000000000001,0.06,NA,NA,7.864320741442852e-4,5.562305275884739e-4,3.936125427893593e-5,4.9500399426282895,3.966315192718815e-5,1.5377939267998797,0.005310367218940699,0.005268728499363008,0.0053103672189407005,0.9697249139198941,0.015377939267998797
32,800,0.5,0.01,0.1,0,FCS-MI,2000,-5.890628333770348e-4,-5.890628333770348e-4,0.03495578360974066,0.0012216428493887945,69.36450845729173,0.034579751166924334,-1.0757374144847898,0.9445,0.9445,0.0555,NA,NA,7.81635083581531e-4,5.528376947179923e-4,3.884964290448226e-5,4.938687044869376,3.404682141281793e-5,1.567549996923041,0.005119558086397692,0.005119558086397692,0.005119558086397693,0.9892426258551521,0.01567549996923041
32,800,0.5,0.01,0.1,0,IPW,2000,-0.0015863124892439098,-0.0015863124892439098,0.04602317499004805,0.0021195899571600334,-2.2971260886252565,0.04523307212497906,-1.716750018311075,0.9405,0.9420000000000001,0.059500000000000004,NA,NA,0.0010291094781811566,7.278722814272991e-4,6.538958715734697e-5,0.7346161753507967,7.927846343969479e-5,1.5638989980751268,0.005289600646551685,0.005226662414964255,0.005289600646551685,0.9828324998168892,0.015638989980751267
32,800,0.5,0.01,0.1,0,JM-MI,2000,-7.639842957298449e-4,-7.639842957298449e-4,0.03485654866974304,0.001214955167677704,70.3302266174202,0.03458150152562429,-0.7890831267454379,0.9495,0.9490000000000001,0.0525,NA,NA,7.794161228657531e-4,5.512682601409778e-4,3.876529717140905e-5,4.956075469207459,3.404147458883741e-5,1.5720910493597158,0.0048964145045124596,0.004919298730510272,0.004987171041783107,0.9921091687325456,0.015720910493597157
32,800,0.5,0.01,0.1,0,Naive,2000,0.005802631007949395,0.005802631007949395,0.03329975908708415,0.0011419900448946304,86.62864692374814,0.03351629615596388,0.6502661725373171,0.9465,0.9505,0.054,NA,NA,7.44605249530865e-4,5.266470994870853e-4,3.747954039087063e-5,6.330964522582194,2.6288337991561557e-5,1.5937748278228459,0.005031786462082825,0.004850244839180801,0.005053909377897471,1.0065026617253732,0.01593774827822846
33,800,0.65,0.01,0.1,0,CCA,2000,-0.0010487063568562556,-0.0010487063568562556,0.04040369160287243,0.0016327418510153648,0,0.040057251638509275,-0.8574463139861321,0.9465,0.9465,0.0545,NA,NA,9.034540096596019e-4,6.389982262507321e-4,5.1897732669087165e-5,0,4.272049853296255e-5,1.5715344310557666,0.005031786462082825,0.005031786462082825,0.005075911248239078,0.9914255368601387,0.015715344310557666
33,800,0.65,0.01,0.1,0,AIPW,2000,-6.439426632245082e-4,-6.439426632245082e-4,0.03405675128544838,0.0011596970391183515,40.74586989447122,0.03294626434819318,-3.260695443166617,0.9455,0.9460000000000001,0.0545,NA,NA,7.615321096706594e-4,5.386191904730981e-4,3.6418892332312997e-5,3.337499527682638,3.8188540354384644e-5,1.5340688575139365,0.005075911248239078,0.005053909377897468,0.005075911248239078,0.9673930455683338,0.015340688575139365
33,800,0.65,0.01,0.1,0,FCS-MI,2000,-3.349352200798587e-4,-3.349352200798587e-4,0.03407317833894439,0.0011605131729781005,40.61019234885561,0.03334069678304577,-2.1497306433002183,0.9475,0.9470000000000001,0.0525,NA,NA,7.618994297535303e-4,5.388789899525528e-4,3.6404448554604964e-5,3.2894982016253302,2.9052700420693256e-5,1.5498827243349513,0.004987171041783106,0.005009540897128196,0.004987171041783107,0.9785026935669978,0.015498827243349514
33,800,0.65,0.01,0.1,0,IPW,2000,-7.902843025067974e-4,-7.902843025067975e-4,0.040681557447428275,0.0016547861710690215,-1.3613878777701705,0.039544884443553675,-2.794074453377293,0.9450000000000001,0.9440000000000001,0.055,NA,NA,9.096672788301245e-4,6.433927697877941e-4,5.3040623253232485e-5,0.54203747578444,5.925359968127966e-5,1.544229348318419,0.005097793640389926,0.005141206084179078,0.005097793640389928,0.9720592554662271,0.01544229348318419
33,800,0.65,0.01,0.1,0,JM-MI,2000,-5.567440128652527e-4,-5.567440128652527e-4,0.03400113920538228,0.0011558093924260134,41.206652786317456,0.03332940602911952,-1.9756196173463136,0.9495,0.9505,0.051000000000000004,NA,NA,7.602885857566796e-4,5.377396663724382e-4,3.621485075067549e-5,3.308912471661604,2.8900383242624818e-5,1.552617529549818,0.0048964145045124596,0.004850244839180801,0.004919298730510275,0.9802438038265369,0.01552617529549818
33,800,0.65,0.01,0.1,0,Naive,2000,0.006718163152829983,0.006718163152829983,0.03423854070232175,0.0012168252467378733,39.25525817969204,0.033487924669146386,-2.1923131587336053,0.9425,0.9400000000000001,0.0575,NA,NA,7.655970446078483e-4,5.414942523876132e-4,3.759617687060012e-5,3.9901757820940476,2.6978026635944875e-5,1.5488675985777471,0.005205465877325487,0.005310367218940699,0.005205465877325487,0.978076868412664,0.015488675985777472
34,1500,0.25,0.01,0.1,0,CCA,2000,-9.158398765272642e-4,-9.158398765272641e-4,0.04867372924528779,0.0023687861153636994,0,0.04741899186797125,-2.5778533857419794,0.9460000000000001,0.9465,0.0545,NA,NA,0.0010883776731088304,7.697917051355801e-4,7.240954190406755e-5,0,6.0962317426671235e-5,1.545846828260233,0.005053909377897468,0.005031786462082825,0.005075911248239078,0.9742214661425802,0.015458468282602328
34,1500,0.25,0.01,0.1,0,AIPW,2000,-3.774395461362866e-4,-3.774395461362866e-4,0.029094244660622756,8.461942954469772e-4,179.88206575348866,0.028106149205381903,-3.396188719682347,0.9490000000000001,0.9485,0.051000000000000004,NA,NA,6.505670881516278e-4,4.6013544789360455e-4,2.5666824966521336e-5,9.658789348492812,3.3748130175895904e-5,1.5322193894090514,0.004919298730510272,0.004942051699446293,0.004919298730510275,0.9660381128031765,0.015322193894090515
34,1500,0.25,0.01,0.1,0,FCS-MI,2000,3.085418974671629e-4,3.0854189746716294e-4,0.028594480043991188,8.173306649442101e-4,189.7509284362579,0.028412899586109586,-0.6350192680623978,0.9540000000000001,0.9545,0.047,NA,NA,6.393920115962548e-4,4.522314992467996e-4,2.472113917005665e-5,9.75461940622383,4.227342969360346e-5,1.5784298005203556,0.004684228858627636,0.004659922209651143,0.00473238840333293,0.993649807319376,0.015784298005203555
34,1500,0.25,0.01,0.1,0,IPW,2000,-2.12965313288859e-4,-2.12965313288859e-4,0.04979654481551683,0.002478501381850659,-4.458770852093108,0.04695013158995151,-5.7160857969373975,0.934,0.934,0.066,NA,NA,0.0011134845925211037,7.875494180900086e-4,7.800162310354328e-5,0.9317917524908713,8.763561395112264e-5,1.5014817350370124,0.005551756478809205,0.005551756478809205,0.005551756478809206,0.942839142030626,0.015014817350370125
34,1500,0.25,0.01,0.1,0,JM-MI,2000,-1.6014105820034112e-4,-1.601410582003411e-4,0.02870237019921088,8.23439787183544e-4,187.57671648203282,0.028472929147924864,-0.7993801546477219,0.9540000000000001,0.9550000000000001,0.0465,NA,NA,6.41804508807997e-4,4.5393781901809484e-4,2.4892014994618402e-5,9.73141070182404,4.520861567519198e-5,1.576778462583566,0.004684228858627636,0.00463546114210873,0.004708383480558906,0.9920061984535228,0.015767784625835658
34,1500,0.25,0.01,0.1,0,Naive,2000,0.006450641715429399,0.0064506417154294,0.02500835238827272,6.667157588722759e-4,278.80794861508684,0.024395224710355688,-2.4516916124572408,0.9380000000000001,0.9460000000000001,0.062,NA,NA,5.592037594544702e-4,3.9551566165363556e-4,2.1252596878594143e-5,14.6438305810315,1.4595533182873364e-5,1.5438634552495702,0.005392402062161164,0.005053909377897468,0.005392402062161166,0.9754830838754276,0.015438634552495702
35,1500,0.5,0.01,0.1,0,CCA,2000,-4.158034701888309e-4,-4.158034701888309e-4,0.033578959961932865,0.001127155671374849,0,0.033248058348923776,-0.9854433055229261,0.9480000000000001,0.9500000000000001,0.052000000000000005,NA,NA,7.508483708862565e-4,5.310627569856516e-4,3.490308828139316e-5,0,2.9342049379161236e-5,1.5683852730151842,0.004964675215963273,0.0048733971724044785,0.004964675215963276,0.9901455669447707,0.01568385273015184
35,1500,0.5,0.01,0.1,0,AIPW,2000,0.0011644624253686604,0.0011644624253686604,0.024523211281228398,6.024431703380913e-4,87.49073068808704,0.024739033825278423,0.8800745610964444,0.9515,0.9510000000000001,0.0485,NA,NA,5.483556745141641e-4,3.8784298882141847e-4,1.8979531966816523e-5,5.641869955125585,2.0809720185574978e-5,1.5977079980537963,0.004803527349771207,0.004826955562256604,0.004803527349771208,1.0088007456109644,0.01597707998053796
35,1500,0.5,0.01,0.1,0,FCS-MI,2000,0.0013853184953159167,0.0013853184953159167,0.024557629642138232,6.046947423870705e-4,86.96554958609146,0.024958673480238443,1.6330722628541627,0.9535,0.9530000000000001,0.0465,NA,NA,5.491252924608492e-4,3.8838732699199985e-4,1.9077587697702895e-5,5.599636319902883,1.83328927693189e-5,1.6090945128471408,0.004708383480558906,0.004732388403332927,0.004708383480558906,1.0163307226285416,0.01609094512847141
35,1500,0.5,0.01,0.1,0,IPW,2000,2.4589347233535693e-4,2.4589347233535693e-4,0.033848164509063375,0.0011451858551120382,-1.5843341522026266,0.0331141636603867,-2.1685100486915188,0.9435,0.9435,0.0565,NA,NA,7.568679675586151e-4,5.353203191363041e-4,3.528893335374412e-5,0.6439968204723222,4.0996685125756724e-5,1.551971965899283,0.005162739098579358,0.005162739098579358,0.005162739098579358,0.9783148995130848,0.01551971965899283
35,1500,0.5,0.01,0.1,0,JM-MI,2000,0.0011784245142251713,0.0011784245142251713,0.024467819632228695,5.997635447922252e-4,88.34059605867407,0.024928983357773795,1.8847765451796228,0.9520000000000001,0.9545,0.0505,NA,NA,5.471170795886727e-4,3.8696695091360023e-4,1.9094005724198022e-5,5.61472040095088,1.88443833359551e-5,1.6131821829741881,0.004779958158812687,0.004659922209651143,0.00489641450451246,1.0188477654517962,0.01613182182974188
35,1500,0.5,0.01,0.1,0,Naive,2000,0.007756225290967403,0.007756225290967404,0.024106291309682015,6.409817548311395e-4,94.03214305355351,0.02443904173977715,1.3803468390074958,0.9425,0.9535,0.0585,NA,NA,5.390330605386142e-4,3.8124925662176703e-4,1.951958249445831e-5,6.5776361205191005,1.4123704370975827e-5,1.6044350331094197,0.005205465877325487,0.004708383480558906,0.0052477495176503994,1.013803468390075,0.016044350331094196
36,1500,0.65,0.01,0.1,0,CCA,2000,-2.6150984706865284e-4,-2.6150984706865284e-4,0.028908928186732987,8.35376653241346e-4,0,0.029095221429656513,0.6444142159826693,0.9520000000000001,0.9520000000000001,0.048,NA,NA,6.464232858219469e-4,4.572046043638964e-4,2.725685111855997e-5,0,2.2319708173081744e-5,1.5935972641953682,0.004779958158812687,0.004779958158812687,0.0047799581588126895,1.0064441421598267,0.01593597264195368
36,1500,0.65,0.01,0.1,0,AIPW,2000,2.575158684122193e-4,2.575158684122193e-4,0.023647393019113148,5.589859114245851e-4,49.45052388959126,0.024010021919381272,1.5334836274553787,0.9545,0.9555,0.0455,NA,NA,5.287717828139099e-4,3.7399162292370785e-4,1.840010226917267e-5,3.7614236720041654,2.0430652739679124e-5,1.6081093875507806,0.004659922209651143,0.004610843198374891,0.004659922209651144,1.0153348362745538,0.016081093875507806
36,1500,0.65,0.01,0.1,0,FCS-MI,2000,4.7302484471560107e-4,4.7302484471560107e-4,0.023671558492500782,5.602862626268722e-4,49.14554192487432,0.024193996327493864,2.2070276241363374,0.9555,0.9570000000000001,0.045,NA,NA,5.29312139225942e-4,3.7437380816517004e-4,1.8597222951062328e-5,3.745257820864267,1.5670695918422583e-5,1.617794199268568,0.004610843198374891,0.004536022486716746,0.004635461142108733,1.0220702762413634,0.01617794199268568
36,1500,0.65,0.01,0.1,0,IPW,2000,1.1672080917508944e-4,1.1672080917508942e-4,0.029053508631221924,8.436979343498891e-4,-0.9927937092228278,0.0289468984528447,-0.36694424666718906,0.9475,0.9475,0.0525,NA,NA,6.496562028428909e-4,4.5949119363120994e-4,2.757637176794558e-5,0.48551129095226314,3.0989903188137504e-5,1.579336987430609,0.004987171041783106,0.004987171041783106,0.004987171041783107,0.9963305575333281,0.015793369874306087
36,1500,0.65,0.01,0.1,0,JM-MI,2000,3.434200460190574e-4,3.434200460190574e-4,0.02366286911355494,5.597693463258975e-4,49.25509922988183,0.024188664928932065,2.2220290060934733,0.9590000000000001,0.96,0.0415,NA,NA,5.291178388058904e-4,3.7423638265989223e-4,1.849304759321491e-5,3.733894121202521,1.5586096517453358e-5,1.6180176538027844,0.004433903472111224,0.004381780460041331,0.004459694496263169,1.0222202900609347,0.016180176538027845
36,1500,0.65,0.01,0.1,0,Naive,2000,0.006713252067255798,0.0067132520672557984,0.02378365968179627,6.10447389944086e-4,47.74289905924276,0.0244414933829153,2.76590613017611,0.9500000000000001,0.9540000000000001,0.05,NA,NA,5.318187980221748e-4,3.7614672688320423e-4,2.073055846006401e-5,4.376970385263775,1.4528224378844413e-5,1.626425526985528,0.0048733971724044785,0.004684228858627636,0.004873397172404482,1.027659061301761,0.01626425526985528
37,500,0.25,0.05,0,0,CCA,2000,-0.0023771420404851366,-0.0023771420404851366,0.09422904522048323,0.008880324210962933,0,0.09410979769212913,-0.12655071276067575,0.9505,0.9510000000000001,0.05,NA,NA,0.0021070255056790214,0.0014902646359400517,2.74098569397221e-4,0,2.2733476277154503e-4,1.5978514245384512,0.004850244839180801,0.004826955562256604,0.004873397172404482,0.9987344928723932,0.01597851424538451
37,500,0.25,0.05,0,0,AIPW,2000,-2.3935406517377377e-4,-2.393540651737738e-4,0.05757113175279148,0.003312835284060142,167.89218666575093,0.0559582659127511,-2.8015183841894498,0.9430000000000001,0.9430000000000001,0.057,NA,NA,0.0012873296414083837,9.105071743163585e-4,1.0944051321136443e-4,9.28236241556518,1.5007058158266848e-4,1.5591717386442812,0.005184158562389848,0.005184158562389848,0.00518415856238985,0.9719848161581055,0.015591717386442812
37,500,0.25,0.05,0,0,FCS-MI,2000,1.340252145349711e-4,1.3402521453497108e-4,0.05462173647236442,0.0029820602909669284,197.6038711030966,0.0567925862851949,3.9743332106052742,0.9625,0.9625,0.041,NA,NA,0.0012213791580128642,8.638614774025849e-4,9.56762367861593e-5,9.554419302957138,1.384357496232092e-4,1.6638063530324012,0.004248161366991606,0.004248161366991606,0.004433903472111228,1.0397433321060527,0.016638063530324012
37,500,0.25,0.05,0,0,IPW,2000,-0.0014286031192679218,-0.0014286031192679218,0.09870088715878135,0.009739035100239905,-8.856129207436659,0.08751239685840033,-11.335754543302091,0.906,0.9065,0.094,NA,NA,0.002207018931265712,0.0015609883483852529,3.06847810635048e-4,1.0482863286941262,2.9839997002717515e-4,1.4344762845040422,0.0065254884874620675,0.006509905913298595,0.006525488487462069,0.8866424545669791,0.014344762845040422
37,500,0.25,0.05,0,0,JM-MI,2000,-2.0158180189091383e-4,-2.0158180189091383e-4,0.05499741117341401,0.0030232435133825293,193.55202956424154,0.05692940949907872,3.5128895786983083,0.9585,0.9590000000000001,0.0445,NA,NA,0.001229779499702602,8.698029015174271e-4,9.722404100823738e-5,9.383507378534318,1.4328159323606356e-4,1.6576919186388694,0.004459694496263168,0.004433903472111224,0.004610843198374892,1.035128895786983,0.016576919186388695
37,500,0.25,0.05,0,0,Naive,2000,-3.9467058620679173e-4,-3.9467058620679173e-4,0.04451154142734532,0.0019804424464497762,348.15094143893106,0.043291042017895215,-2.7419841468359074,0.9510000000000001,0.9495,0.0495,NA,NA,9.953083241484215e-4,7.039652787008589e-4,6.327342776770825e-5,17.46997588780389,4.4606004635510894e-5,1.541429817742173,0.004826955562256604,0.0048964145045124596,0.004850244839180801,0.9725801585316409,0.01541429817742173
38,500,0.5,0.05,0,0,CCA,2000,5.629096925552102e-5,5.629096925552101e-5,0.06506651656477229,0.004231537920758069,0,0.06436786776013993,-1.0737455169232302,0.9475,0.9475,0.053,NA,NA,0.0014549315409794694,0.0010290492532679242,1.3351549638483795e-4,9.426678795130648e-8,1.0012974091133302e-4,1.5721025636347892,0.004987171041783106,0.004987171041783106,0.005009540897128199,0.9892625448307677,0.01572102563634789
38,500,0.5,0.05,0,0,AIPW,2000,0.0010676113505026772,0.0010676113505026772,0.049102949357217374,0.0024110338797553874,75.59007165872825,0.046620049309286045,-5.056519171320161,0.936,0.9365,0.064,NA,NA,0.0010979753265846764,7.765799682697993e-4,7.343679929310597e-5,5.151760821316906,7.280361369070166e-5,1.5088660228195627,0.00547284204047586,0.005452877680637995,0.005472842040475863,0.9494348082867984,0.015088660228195628
38,500,0.5,0.05,0,0,FCS-MI,2000,0.0010512598994726458,0.0010512598994726458,0.04871295352724464,0.002372870512803062,78.41287396164263,0.047552848586151913,-2.3815122202432093,0.9445,0.9445,0.0565,NA,NA,0.0010892547547170718,7.704120505941768e-4,7.240971968936232e-5,5.069759077933675,5.9494378267116045e-5,1.5486931325733102,0.005119558086397692,0.005119558086397692,0.005162739098579358,0.9761848777975679,0.015486931325733103
38,500,0.5,0.05,0,0,IPW,2000,2.837085211275346e-4,2.8370852112753465e-4,0.06628203672012696,0.004391192228097336,-3.6340907502332653,0.06241194971443077,-5.838817268149832,0.9345,0.9345,0.0655,NA,NA,0.0014821113979334112,0.0010482731209995656,1.383581616224041e-4,0.7501836663447213,1.3933288263950192e-4,1.503954809608286,0.005532167296819575,0.005532167296819575,0.005532167296819575,0.9416118273185017,0.01503954809608286
38,500,0.5,0.05,0,0,JM-MI,2000,9.217249432637909e-4,9.217249432637909e-4,0.048831059034240856,0.0023841296671133477,77.55087911864447,0.047577735242080386,-2.566652898684063,0.9485,0.9485,0.051500000000000004,NA,NA,0.0010918956741386779,7.722799296539125e-4,7.247824532364052e-5,5.024679687948686,5.9552145669967776e-5,1.5457602234275971,0.004942051699446293,0.004942051699446293,0.004942051699446294,0.9743334710131594,0.015457602234275971
38,500,0.5,0.05,0,0,Naive,2000,6.144209391957779e-4,6.144209391957779e-4,0.04419018651752911,0.0019521737112523068,116.80207985188926,0.04326508381007236,-2.093457349608119,0.9485,0.9470000000000001,0.0525,NA,NA,9.881226099158979e-4,6.988829406960088e-4,5.9619411795231194e-5,7.117345720860131,4.352853373484875e-5,1.5515554676533057,0.004942051699446293,0.005009540897128196,0.004987171041783107,0.9790654265039188,0.015515554676533056
39,500,0.65,0.05,0,0,CCA,2000,-9.878646513715233e-4,-9.878646513715233e-4,0.05535253377716497,0.0030633469206238417,0,0.055965524429465535,1.1074301580634272,0.9550000000000001,0.9560000000000001,0.0455,NA,NA,0.0012377202825259407,8.754192871717092e-4,9.655667911883029e-5,6.665668500104314e-8,7.414498455720589e-5,1.6046492818104456,0.00463546114210873,0.004586065852122053,0.004659922209651144,1.0110743015806343,0.016046492818104455
39,500,0.65,0.05,0,0,AIPW,2000,-9.291437240350923e-4,-9.291437240350923e-4,0.046089780444683676,0.0021240690355683405,44.23336393539656,0.04516148401050451,-2.0141047000501455,0.9460000000000001,0.9470000000000001,0.054,NA,NA,0.0010305988214235318,7.289256695134452e-4,6.507693104310481e-5,3.597519294987695,6.502447791134016e-5,1.5560892848608048,0.005053909377897468,0.005009540897128196,0.005053909377897471,0.9798589529994985,0.015560892848608048
39,500,0.65,0.05,0,0,FCS-MI,2000,-9.368390600931637e-4,-9.368390600931637e-4,0.045946732246316034,0.0021109243204371166,45.13285948830279,0.045998494473143484,0.11265703630447543,0.9525,0.9520000000000001,0.0485,NA,NA,0.0010274001664674426,7.266633132435347e-4,6.455244059735911e-5,3.5315836263012366,4.986457275354299e-5,1.5870310524800613,0.00475624589355933,0.004779958158812687,0.004803527349771208,1.0011265703630448,0.01587031052480061
39,500,0.65,0.05,0,0,IPW,2000,-3.892116498234218e-4,-3.892116498234218e-4,0.05629448806206158,0.0031676363371848674,-3.3185259709481607,0.05455352173509944,-3.092605309853469,0.9385,0.9375,0.0615,NA,NA,0.001258783020653201,8.903166169299489e-4,1.0074338776579256e-4,0.5774379406639684,1.0104551168606618e-4,1.5430986782187401,0.005372045699731156,0.005412658773652742,0.005372045699731156,0.9690739469014653,0.0154309867821874
39,500,0.65,0.05,0,0,JM-MI,2000,-9.172096134476576e-4,-9.172096134476577e-4,0.045900756620264486,0.0021066672920585987,45.42374427086799,0.04598775986986276,0.18954643889217415,0.9550000000000001,0.9560000000000001,0.046,NA,NA,0.001026372120215849,7.259361929648616e-4,6.435475097687334e-5,3.553972817396448,4.98461992483685e-5,1.5882489344418944,0.00463546114210873,0.004586065852122053,0.00468422885862764,1.0018954643889217,0.015882489344418944
39,500,0.65,0.05,0,0,Naive,2000,-9.744952895753797e-4,-9.744952895753797e-4,0.04305355483252991,0.0018536314204952052,65.29395809157951,0.043265814312766604,0.49301267006254257,0.9520000000000001,0.9520000000000001,0.048,NA,NA,9.627067527855145e-4,6.80906721152663e-4,5.673474507267899e-5,4.699756325906149,4.373560081037443e-5,1.5925745608219526,0.004779958158812687,0.004779958158812687,0.0047799581588126895,1.0049301267006254,0.015925745608219525
40,800,0.25,0.05,0,0,CCA,2000,0.001296983539779434,0.001296983539779434,0.07041565906606867,0.004957568025490426,4.440892098500626e-14,0.07262260970756995,3.1341759358249677,0.963,0.964,0.0385,NA,NA,0.0015745420035217892,0.0011136477747071827,1.4999854031684976e-4,0,1.3570120413154804e-4,1.6424474718290996,0.004220841148396847,0.0041655731898503495,0.004302194207610809,1.0313417593582497,0.016424474718290994
40,800,0.25,0.05,0,0,AIPW,2000,8.716979126164113e-4,8.716979126164113e-4,0.04145151931600467,0.0017181291966291662,188.5742598026127,0.04172549016390145,0.6609428373617998,0.9490000000000001,0.9495,0.051000000000000004,NA,NA,9.268841496123205e-4,6.555699805520214e-4,5.517867138030647e-5,10.323395031170975,8.297210443477927e-5,1.6045218104087144,0.004919298730510272,0.0048964145045124596,0.004919298730510275,1.006609428373618,0.016045218104087145
40,800,0.25,0.05,0,0,FCS-MI,2000,0.0010899312748803534,0.0010899312748803534,0.040217105688529084,0.0016177948323512997,206.56097743093588,0.042447931431833376,5.546957457807755,0.9605,0.9585,0.0405,NA,NA,8.992818217784451e-4,6.360473060853011e-4,5.248803906035321e-5,10.50029344702125,8.207932452102473e-5,1.6816914814845527,0.004355441998236229,0.004459694496263168,0.004407933189148856,1.0554695745780776,0.016816914814845527
40,800,0.25,0.05,0,0,IPW,2000,0.0014189617665393125,0.0014189617665393125,0.07350302820972354,0.005402007260916316,-8.224230711910296,0.06990317180645533,-4.897562033766645,0.935,0.936,0.065,NA,NA,0.0016435776762902651,0.0011624755755420067,1.6652620325055954e-4,1.0320417559551276,1.8323316962967913e-4,1.5245961235517171,0.005512485827646179,0.00547284204047586,0.005512485827646181,0.9510243796623336,0.01524596123551717
40,800,0.25,0.05,0,0,JM-MI,2000,7.648465101523422e-4,7.64846510152342e-4,0.04075433574629367,0.0016606704143646612,198.5319783549229,0.04260358118177415,4.537542819965257,0.9605,0.9605,0.0415,NA,NA,9.112946510656226e-4,6.445437835204408e-4,5.4260251239767216e-5,10.195859712772515,8.398309968842566e-5,1.6660902293772526,0.004355441998236229,0.004355441998236229,0.004459694496263169,1.0453754281996526,0.016660902293772525
40,800,0.25,0.05,0,0,Naive,2000,2.517480666751193e-4,2.517480666751193e-4,0.03384549923439703,0.0011450084366054322,332.8492287028523,0.034133042782598884,0.8495769148224808,0.9505,0.9505,0.0495,NA,NA,7.568083702052886e-4,5.352781669042505e-4,3.6898001812186494e-5,17.02550985642516,2.649708770434059e-5,1.5968908305113878,0.004850244839180801,0.004850244839180801,0.004850244839180801,1.0084957691482248,0.01596890830511388
41,800,0.5,0.05,0,0,CCA,2000,-0.002331510223473978,-0.002331510223473978,0.04980835395762868,0.002485067627828604,0,0.050364266797545736,1.1161036166542848,0.9510000000000001,0.9515,0.05,NA,NA,0.001113748652966284,7.877361837186839e-4,8.000218713520658e-5,0,6.0528439196792115e-5,1.6037964516885765,0.004826955562256604,0.004803527349771207,0.004873397172404482,1.0111610361665428,0.016037964516885765
41,800,0.5,0.05,0,0,AIPW,2000,-0.0015660155774463809,-0.001566015577446381,0.03651963148273384,0.0013354690466816726,86.0165589819939,0.036426679922890635,-0.25452491186049864,0.9500000000000001,0.9490000000000001,0.05,NA,NA,8.166037850863432e-4,5.775704846519097e-4,4.2621383245868286e-5,5.684517970446813,4.498097745614586e-5,1.5823099872439295,0.0048733971724044785,0.004919298730510272,0.004873397172404482,0.997454750881395,0.015823099872439295
41,800,0.5,0.05,0,0,FCS-MI,2000,-0.0015086573845859987,-0.0015086573845859987,0.03637509252666604,0.00132476182974942,87.4977954731929,0.03689546874053425,1.4305838905749324,0.9530000000000001,0.9525,0.048,NA,NA,8.133717957746985e-4,5.752845515381915e-4,4.2287058948007435e-5,5.608030058969419,3.623063064269554e-5,1.607248652062851,0.004732388403332927,0.00475624589355933,0.0047799581588126895,1.0143058389057493,0.01607248652062851
41,800,0.5,0.05,0,0,IPW,2000,-0.0018607744275990767,-0.0018607744275990767,0.0509325857697004,0.0025962937105117006,-4.365866156923371,0.04963177286290636,-2.553989527796352,0.9380000000000001,0.9380000000000001,0.062,NA,NA,0.0011388872405088855,8.055162950231026e-4,8.23697571696228e-5,0.7070925272611134,8.667747229465248e-5,1.5505096893894466,0.005392402062161164,0.005392402062161164,0.005392402062161166,0.9744601047220365,0.015505096893894465
41,800,0.5,0.05,0,0,JM-MI,2000,-0.0014610153298920165,-0.0014610153298920167,0.03654404547404377,0.0013369340917733536,85.7680977289415,0.03687216722442921,0.897880204911905,0.9560000000000001,0.9545,0.0445,NA,NA,8.17149698528054e-4,5.779566002894627e-4,4.2524029690562795e-5,5.544970621726791,3.549756331309627e-5,1.598688280554517,0.004586065852122053,0.004659922209651143,0.004610843198374892,1.008978802049119,0.01598688280554517
41,800,0.5,0.05,0,0,Naive,2000,-0.0014241186387191046,-0.0014241186387191046,0.034008341344830044,0.0011580171112831107,114.50305266863512,0.034124104688217326,0.3403969109033955,0.9495,0.9490000000000001,0.0505,NA,NA,7.60449630490566e-4,5.378535706754798e-4,3.6913266626719317e-5,7.029684551171178,2.706363044345827e-5,1.588911843459698,0.0048964145045124596,0.004919298730510272,0.00489641450451246,1.003403969109034,0.01588911843459698
42,800,0.65,0.05,0,0,CCA,2000,-5.726361999128746e-5,-5.7263619991287466e-5,0.04344651689370432,0.0018866593094020126,4.440892098500626e-14,0.04389823429474206,1.0397091259188862,0.9510000000000001,0.9510000000000001,0.0495,NA,NA,9.714936515991589e-4,6.871215507910625e-4,6.127407235980967e-5,6.665668500104317e-8,4.649542895437982e-5,1.6015571306029572,0.004826955562256604,0.004826955562256604,0.004850244839180801,1.0103970912591889,0.016015571306029572
42,800,0.65,0.05,0,0,AIPW,2000,5.589038236854195e-4,5.589038236854195e-4,0.03517731830837597,0.0012371373749912491,52.54025654242722,0.0355670251862168,1.1078356639483866,0.9535,0.9520000000000001,0.0465,NA,NA,7.865887500367658e-4,5.563413418815323e-4,4.112201604665e-5,4.007788222526628,4.12200101387813e-5,1.6033426755228493,0.004708383480558906,0.004779958158812687,0.004708383480558906,1.0110783566394839,0.016033426755228494
42,800,0.65,0.05,0,0,FCS-MI,2000,5.027505238093059e-4,5.02750523809306e-4,0.03513237181398484,0.0012339191655906289,52.93081004782392,0.03601318960586308,2.507140128602492,0.9565,0.9570000000000001,0.043500000000000004,NA,NA,7.855837158686769e-4,5.556304976726809e-4,4.09800312646225e-5,3.9613557657630394,3.1344085539398485e-5,1.6236385859211555,0.004561126505590477,0.004536022486716746,0.004561126505590478,1.025071401286025,0.016236385859211555
42,800,0.65,0.05,0,0,IPW,2000,2.5042052776074635e-4,2.5042052776074635e-4,0.04374069523426643,0.0019123545058079138,-1.3405781036899156,0.04327824735880593,-1.057248571344649,0.9450000000000001,0.9445,0.055,NA,NA,9.780716792692084e-4,6.917740820416278e-4,6.16782810241534e-5,0.5388735860227579,6.400301260376271e-5,1.5716398973343717,0.005097793640389926,0.005119558086397692,0.005097793640389928,0.9894275142865535,0.015716398973343718
42,800,0.65,0.05,0,0,JM-MI,2000,5.52670149838654e-4,5.52670149838654e-4,0.035152642948633954,0.0012353958964155304,52.75448264051468,0.03601131160170558,2.442685900819286,0.9570000000000001,0.9570000000000001,0.043500000000000004,NA,NA,7.860369922192418e-4,5.559510926126729e-4,4.103548154999914e-5,3.9549492080392485,3.110184186030177e-5,1.6225802109062386,0.004536022486716746,0.004536022486716746,0.004561126505590478,1.0244268590081929,0.016225802109062385
42,800,0.65,0.05,0,0,Naive,2000,4.663350019929241e-4,4.663350019929242e-4,0.03329215665248834,0.0011080309790606202,70.30447922976803,0.03413248003131639,2.5240881436416007,0.9575,0.9570000000000001,0.0425,NA,NA,7.444352539253576e-4,5.265268643791239e-4,3.667331051783591e-5,4.912882077337435,2.7050125627165345e-5,1.6234880356811714,0.004510751046111944,0.004536022486716746,0.0045107510461119445,1.025240881436416,0.016234880356811712
43,1500,0.25,0.05,0,0,CCA,2000,4.228260398019677e-4,4.228260398019677e-4,0.05204829352586922,0.0027078491283854976,4.440892098500626e-14,0.052064116896616594,0.030401324761042403,0.9565,0.9565,0.043500000000000004,NA,NA,0.001163835224367058,8.231615954628122e-4,8.361927453349387e-5,0,6.720778593976453e-5,1.587276019032033,0.004561126505590477,0.004561126505590477,0.004561126505590478,1.0003040132476104,0.01587276019032033
43,1500,0.25,0.05,0,0,AIPW,2000,4.727805112593976e-5,4.727805112593976e-5,0.02852726510068389,8.13400186911753e-4,232.88384128266014,0.028998417025140544,1.6515846254233413,0.9555,0.9555,0.0445,NA,NA,6.378890397728657e-4,4.5116847188848136e-4,2.5921736254036417e-5,12.363328572829719,3.7694337058322776e-5,1.6130756171372334,0.004610843198374891,0.004610843198374891,0.004610843198374892,1.0165158462542334,0.016130756171372333
43,1500,0.25,0.05,0,0,FCS-MI,2000,-7.637388720914668e-5,-7.637388720914668e-5,0.028129778478203575,7.908946279848362e-4,242.35790968273702,0.029400022115849658,4.51565460648875,0.9595,0.9595,0.041,NA,NA,6.290009686927378e-4,4.448820847627748e-4,2.5155321706635573e-5,12.4276287429939,4.2424115763663086e-5,1.6598168592078018,0.004407933189148855,0.004407933189148855,0.004433903472111228,1.0451565460648875,0.01659816859207802
43,1500,0.25,0.05,0,0,IPW,2000,4.920413967019129e-4,4.920413967019129e-4,0.053444662278986955,0.0028551458648879823,-5.157211100472137,0.051529965628127436,-3.5825778837643263,0.9465,0.9465,0.0535,NA,NA,0.0011950589789033368,8.452456457323856e-4,8.83013436101585e-5,0.9493424561410864,9.63384748394879e-5,1.535491947733028,0.005031786462082825,0.005031786462082825,0.005031786462082826,0.9641742211623567,0.01535491947733028
43,1500,0.25,0.05,0,0,JM-MI,2000,6.795086629174346e-5,6.795086629174346e-5,0.02822833132995167,7.964448876489239e-4,239.97155184130708,0.0294720929289489,4.406075529082143,0.9585,0.9585,0.042,NA,NA,6.312046774515897e-4,4.464407318804185e-4,2.552396138491074e-5,12.308863205162877,4.263027262914567e-5,1.6581095525852958,0.004459694496263168,0.004459694496263168,0.004485309353879618,1.0440607552908214,0.01658109552585296
43,1500,0.25,0.05,0,0,Naive,2000,-2.48442776738504e-4,-2.48442776738504e-4,0.024526669767985305,6.01318474956164e-4,350.3351257809423,0.024891655725422394,1.4881186923856538,0.9575,0.9575,0.0425,NA,NA,5.484330086290414e-4,3.878976859744632e-4,1.9463949897261946e-5,17.891796167731048,1.4341484260131813e-5,1.606134109193851,0.004510751046111944,0.004510751046111944,0.0045107510461119445,1.0148811869238565,0.01606134109193851
44,1500,0.5,0.05,0,0,CCA,2000,-4.1734845219101825e-4,-4.1734845219101825e-4,0.03608290269117469,0.0013014990584180178,4.440892098500626e-14,0.0364411283184564,0.992784949558212,0.9515,0.9515,0.0485,NA,NA,8.068382324297671e-4,5.706634691766433e-4,4.252094249668199e-5,9.426678795130652e-8,3.1900867875015393e-05,1.59968045207458,0.004803527349771207,0.004803527349771207,0.004803527349771208,1.0099278494955821,0.0159968045207458
44,1500,0.5,0.05,0,0,AIPW,2000,-4.763851979928978e-4,-4.763851979928978e-4,0.026328875830247664,6.930900404902241e-4,87.8184713737048,0.026378805193326974,0.18963727658265483,0.9475,0.9465,0.0525,NA,NA,5.887315612758499e-4,4.164001923405422e-4,2.2451169360928702e-5,5.812078895179134,2.2902563662594198e-5,1.5869193035925682,0.004987171041783106,0.005031786462082825,0.004987171041783107,1.0018963727658265,0.015869193035925683
44,1500,0.5,0.05,0,0,FCS-MI,2000,-5.286826678255146e-4,-5.286826678255146e-4,0.02638639694121088,6.961733279306323e-4,87.00049296119212,0.02655813762372646,0.6508682594983162,0.9485,0.9480000000000001,0.052000000000000005,NA,NA,5.900177724184005e-4,4.173099084189327e-4,2.2594913711599736e-5,5.732734872056807,1.850262576063729e-5,1.593371692433807,0.004942051699446293,0.004964675215963273,0.004964675215963276,1.0065086825949832,0.015933716924338072
44,1500,0.5,0.05,0,0,IPW,2000,-8.780864642419326e-6,-8.780864642419322e-6,0.03657211526540095,0.001336850932281864,-2.657437540859464,0.03631705878422651,-0.6974069706482955,0.9460000000000001,0.9460000000000001,0.054,NA,NA,8.177773581439429e-4,5.784005336573531e-4,4.337008638210795e-5,0.6444264601637071,4.546984556283352e-5,1.5754181211091343,0.005053909377897468,0.005053909377897468,0.005053909377897471,0.993025930293517,0.01575418121109134
44,1500,0.5,0.05,0,0,JM-MI,2000,-4.3619291221266707e-4,-4.3619291221266707e-4,0.026307014345575867,6.9190323853311e-4,88.13076045721138,0.02656496350461951,0.9805337681241699,0.9515,0.9510000000000001,0.0485,NA,NA,5.882427236176979e-4,4.160544454700386e-4,2.2402664834127367e-5,5.758386728289755,1.8830990068670946e-5,1.598645129837528,0.004803527349771207,0.004826955562256604,0.004803527349771208,1.0098053376812417,0.015986451298375278
44,1500,0.5,0.05,0,0,Naive,2000,-5.362382346721922e-4,-5.362382346721922e-4,0.024597086553284103,6.050017100206192e-4,115.1966942118964,0.024882594650353786,1.1607394902286128,0.9560000000000001,0.9575,0.044,NA,NA,5.500075758158926e-4,3.890113515609269e-4,1.9553160735879285e-5,7.117421402570385,1.4398899534164736e-5,1.6009623512568814,0.004586065852122053,0.004510751046111944,0.0045860658521220555,1.0116073949022861,0.016009623512568814
45,1500,0.65,0.05,0,0,CCA,2000,-2.9977004200695725e-4,-2.9977004200695725e-4,0.030680497775518276,9.409121593597901e-4,4.440892098500626e-14,0.03185548074535512,3.8297389385071545,0.9555,0.9555,0.045,NA,NA,6.860367860958995e-4,4.852225844049345e-4,2.995079741245946e-5,0,2.4084056451071385e-5,1.6439781337490964,0.004610843198374891,0.004610843198374891,0.004635461142108733,1.0382973893850715,0.016439781337490963
45,1500,0.65,0.05,0,0,AIPW,2000,-1.8693192391952112e-4,-1.8693192391952112e-4,0.02506435151880702,6.27942549743975e-4,49.83451195562423,0.02590305789720283,3.346212160192885,0.9565,0.9555,0.043500000000000004,NA,NA,5.60455938080026e-4,3.964013070900654e-4,2.040202816258507e-5,3.8619330968311707,2.1742172820933914e-5,1.6367560538375494,0.004561126505590477,0.004610843198374891,0.004561126505590478,1.0334621216019289,0.016367560538375493
45,1500,0.65,0.05,0,0,FCS-MI,2000,-2.0063693341836717e-4,-2.006369334183672e-4,0.02507530792875297,6.284969373669722e-4,49.70360311967874,0.02606796275310811,3.958694454224032,0.9580000000000001,0.9590000000000001,0.0425,NA,NA,5.60700930854311e-4,3.9657458646736465e-4,2.0428444521601282e-5,3.830400922666633,1.6246785944883302e-5,1.6454185302164441,0.004485309353879615,0.004433903472111224,0.0045107510461119445,1.0395869445422403,0.016454185302164442
45,1500,0.65,0.05,0,0,IPW,2000,1.1704538866964833e-4,1.1704538866964833e-4,0.03086056854104879,9.519122029544408e-4,-1.1635910773010294,0.03170447955181055,2.734593206341107,0.9555,0.9555,0.0445,NA,NA,6.900632908207661e-4,4.880704652595995e-4,3.0119284083201615e-5,0.5105101767967517,3.33231949900127e-5,1.6283669019736793,0.004610843198374891,0.004610843198374891,0.004610843198374892,1.027345932063411,0.016283669019736793
45,1500,0.65,0.05,0,0,JM-MI,2000,-1.4818107498695764e-4,-1.4818107498695767e-4,0.024998362706685266,6.246276365769696e-4,50.62659994851981,0.026066424634357703,4.272527525919956,0.96,0.96,0.04,NA,NA,5.58980383383439e-4,3.9535767141655684e-4,2.037506475570386e-5,3.8598414377084533,1.643964102583192e-5,1.650416471456148,0.004381780460041331,0.004381780460041331,0.004381780460041329,1.0427252752591996,0.01650416471456148
45,1500,0.65,0.05,0,0,Naive,2000,-2.0808881004848135e-4,-2.0808881004848135e-4,0.024259854778450635,5.882895845474459e-4,59.936802580825784,0.024869537664810804,2.5131349380612678,0.9605,0.961,0.0395,NA,NA,5.424668440888872e-4,3.83677915495925e-4,1.9056453093998297e-5,4.507215487847673,1.4256176582296063e-5,1.6223449840769715,0.004355441998236229,0.004328914413568374,0.00435544199823623,1.0251313493806127,0.016223449840769715
46,500,0.25,0.05,0.02,0,CCA,2000,-3.625910052018614e-4,-3.625910052018614e-4,0.09303215619553705,0.008650786067584664,4.440892098500626e-14,0.09310143128134181,0.074463592630436,0.9450000000000001,0.9450000000000001,0.057,NA,NA,0.0020802622534659906,0.0014713354259194209,2.75668628151275e-4,0,2.2419830635766962e-4,1.6009538697544927,0.005097793640389926,0.005097793640389926,0.00518415856238985,1.0007446359263044,0.01600953869754493
46,500,0.25,0.05,0.02,0,AIPW,2000,-7.970882655782713e-4,-7.970882655782713e-4,0.057391715984705695,0.0032927975088404113,162.765142699244,0.0561964078332726,-2.0827189620042597,0.9450000000000001,0.9435,0.055,NA,NA,0.0012833177828716323,9.076696524707043e-4,1.0041388531888651e-4,9.03427041268812,1.5996853963522263e-4,1.573479761654358,0.005097793640389926,0.005162739098579358,0.005097793640389928,0.9791728103799574,0.015734797616543582
46,500,0.25,0.05,0.02,0,FCS-MI,2000,4.968537863190109e-4,4.96853786319011e-4,0.05386115170050969,0.002899820014359045,198.34234716018767,0.05699959787683455,5.826919917672613,0.962,0.9625,0.041,NA,NA,0.0012043719654876808,8.518325686358933e-4,8.943486978890495e-5,9.474486884094304,1.4433049327605398e-4,1.6950048832794675,0.004275277768753747,0.004248161366991606,0.004433903472111228,1.0582691991767261,0.016950048832794676
46,500,0.25,0.05,0.02,0,IPW,2000,-7.542432526518535e-4,-7.542432526518536e-4,0.0979228270363851,0.009584654497654565,-9.73938523654503,0.08621001607540447,-11.961267168714906,0.9105,0.9095,0.0895,NA,NA,0.0021896209780231136,0.001548683060962153,3.0310579755359296e-4,1.0191171823726495,2.797046051664656e-4,1.4213595277958289,0.006383171233799076,0.006415206543830059,0.006383171233799075,0.8803873283128509,0.014213595277958289
46,500,0.25,0.05,0.02,0,JM-MI,2000,-1.3260032440464718e-5,-1.3260032440464721e-5,0.05432274771104965,0.002949485614247371,193.29368718581796,0.05703387703137468,4.990780905903192,0.9625,0.963,0.041,NA,NA,0.0012146935660647812,8.591328676996174e-4,9.140479971924774e-5,9.299750032173284,1.510301366552322e-4,1.6835800524322047,0.004248161366991606,0.004220841148396847,0.004433903472111228,1.049907809059032,0.016835800524322046
46,500,0.25,0.05,0.02,0,Naive,2000,0.006015671802441448,0.006015671802441448,0.04226368428105822,0.0018215142067391527,384.54204343020473,0.04295952474220433,1.6464264130847894,0.962,0.9550000000000001,0.0385,NA,NA,9.450447103203552e-4,6.684146477471176e-4,5.582687024764355e-5,19.306719413545395,4.2898669486323816e-5,1.6107743140849158,0.004275277768753747,0.00463546114210873,0.004302194207610809,1.016464264130848,0.01610774314084916
47,500,0.5,0.05,0.02,0,CCA,2000,5.905397545919821e-4,5.905397545919821e-4,0.06344344582570788,0.004023407020032164,0,0.06327507734225846,-0.26538357313057315,0.9495,0.9495,0.052000000000000005,NA,NA,0.0014186385759310809,0.0010033798334155093,1.2854362408847887e-4,0,9.661427167964824e-5,1.5846712174933564,0.0048964145045124596,0.0048964145045124596,0.004964675215963276,0.9973461642686943,0.015846712174933563
47,500,0.5,0.05,0.02,0,AIPW,2000,0.00125994323154922,0.00125994323154922,0.04587140624697155,0.00210472127506589,91.2887448326155,0.04619436434023704,0.7040509975357656,0.9495,0.9480000000000001,0.0505,NA,NA,0.001025715825917369,7.254720067548904e-4,6.557504653086393e-5,5.602067968246724,7.126027765129224e-5,1.6002274047561347,0.0048964145045124596,0.004964675215963273,0.00489641450451246,1.0070405099753577,0.016002274047561348
47,500,0.5,0.05,0.02,0,FCS-MI,2000,0.0014114475375146566,0.0014114475375146566,0.04554579396653285,0.002075374322518995,94.03361340796307,0.04706136935792308,3.3275858414146375,0.9565,0.9550000000000001,0.043500000000000004,NA,NA,0.0010184349139836723,7.20322336974939e-4,6.49447308898408e-5,5.498399162962784,5.9913789620584624e-5,1.6394472115509338,0.004561126505590477,0.00463546114210873,0.004561126505590478,1.0332758584141464,0.01639447211550934
47,500,0.5,0.05,0.02,0,IPW,2000,0.0010734087777349583,0.0010734087777349583,0.06431799902894492,0.004135888802991935,-2.700977707977026,0.06133185804851538,-4.6427765563504035,0.9315,0.932,0.0685,NA,NA,0.0014381941800548632,0.0010172111919736129,1.3319267277986163e-4,0.8001210186957339,1.3081113887704524e-4,1.5217593068088375,0.0056483515294287415,0.0056292095359828254,0.0056483515294287415,0.953572234436496,0.015217593068088375
47,500,0.5,0.05,0.02,0,JM-MI,2000,0.0013380557440921214,0.0013380557440921214,0.04575360826360469,0.002094136365979124,92.2750030406029,0.0471418234638867,3.0341108668062944,0.9540000000000001,0.9535,0.0475,NA,NA,0.001023081782933162,7.2360899128672e-4,6.501061821150528e-5,5.445918412499204,6.052684900368535e-5,1.6348807190026158,0.004684228858627636,0.004708383480558906,0.004756245893559331,1.030341108668063,0.016348807190026158
47,500,0.5,0.05,0.02,0,Naive,2000,0.007325355355727825,0.007325355355727825,0.041799035307839384,0.0017999466040773608,130.37800256156626,0.043020361413277926,2.9219002219639245,0.9510000000000001,0.9540000000000001,0.0495,NA,NA,9.346548434224272e-4,6.610660650325879e-4,5.573950274524374e-5,7.636962686465874,4.3546716356338465e-5,1.6310756805748858,0.004826955562256604,0.004684228858627636,0.004850244839180801,1.0292190022196392,0.01631075680574886
48,500,0.65,0.05,0.02,0,CCA,2000,3.3375916796878714e-4,3.337591679687872e-4,0.054316961801707295,0.0029489685683806483,0,0.05505909894785097,1.3663082792682024,0.9540000000000001,0.9550000000000001,0.047,NA,NA,0.0012145641891987697,8.590413615609371e-4,9.327152890228755e-5,6.665668500104314e-8,7.530013045078762e-5,1.6091257541497281,0.004684228858627636,0.00463546114210873,0.00473238840333293,1.013663082792682,0.016091257541497282
48,500,0.65,0.05,0.02,0,AIPW,2000,0.001120090526172797,0.001120090526172797,0.04516151352241842,0.0020397971252705863,44.65517106827637,0.044627736430050684,-1.1819291488155415,0.9450000000000001,0.9455,0.055,NA,NA,0.0010098421420290356,7.142448100849331e-4,6.322590038832789e-5,3.567917194452245,6.79366621161144e-5,1.5700647550505107,0.005097793640389926,0.005075911248239078,0.005097793640389928,0.9881807085118446,0.01570064755050511
48,500,0.65,0.05,0.02,0,FCS-MI,2000,0.0014297012524707056,0.0014297012524707056,0.045029407680971946,0.002028677777992442,45.50518557791332,0.04539919351210523,0.8212096276130731,0.9515,0.9525,0.049,NA,NA,0.0010068881656120445,7.1215551093892e-4,6.306163502087178e-5,3.5003141137949325,5.2389197766937933e-5,1.5987608792804042,0.004803527349771207,0.00475624589355933,0.0048269555622566076,1.0082120962761307,0.01598760879280404
48,500,0.65,0.05,0.02,0,IPW,2000,4.2937530495708185e-4,4.2937530495708185e-4,0.05461426880675556,0.0029814113612704127,-1.085788668219323,0.05373950641091264,-1.601710349612362,0.9480000000000001,0.9485,0.052000000000000005,NA,NA,0.0012212121759335177,8.63743373712328e-4,9.46875413494156e-5,0.6103726942463461,1.0321529639705604e-4,1.5676363766850452,0.004964675215963273,0.004942051699446293,0.004964675215963276,0.9839828965038764,0.015676363766850453
48,500,0.65,0.05,0.02,0,JM-MI,2000,0.0012439628916416537,0.0012439628916416537,0.045163765049021316,0.0020402932342422795,44.64074858391533,0.045430027861204994,0.5895496354094254,0.9540000000000001,0.9525,0.046,NA,NA,0.001009892487694408,7.142804187496004e-4,6.323950080740649e-5,3.466143300304783,5.204104445393876e-5,1.5950257517725024,0.004684228858627636,0.00475624589355933,0.00468422885862764,1.0058954963540943,0.015950257517725025
48,500,0.65,0.05,0.02,0,Naive,2000,0.007953067720591367,0.007953067720591367,0.04315935054806943,0.0019250494611295881,58.38758533855475,0.04291203759775553,-0.5730228726181785,0.9445,0.9520000000000001,0.058,NA,NA,9.650724169022605e-4,6.825799166427967e-4,6.144371312629879e-5,4.517387685006086,4.3821761473858204e-5,1.575746361250336,0.005119558086397692,0.004779958158812687,0.0052266624149642565,0.9942697712738182,0.01575746361250336
49,800,0.25,0.05,0.02,0,CCA,2000,-3.298813429467538e-4,-3.298813429467538e-4,0.07219008593759967,0.005208911625124611,4.440892098500626e-14,0.07137158054058525,-1.1338196739673179,0.9480000000000001,0.9485,0.0525,NA,NA,0.001614219394580245,0.0011417109436538374,1.65739754350333e-4,0,1.3008738877468205e-4,1.573952126269258,0.004964675215963273,0.004942051699446293,0.004987171041783107,0.9886618032603268,0.01573952126269258
49,800,0.25,0.05,0.02,0,AIPW,2000,-0.001570584406067352,-0.001570584406067352,0.041061557664452374,0.0016876752274488141,209.089517880315,0.04183274321162768,1.8781205366763976,0.9540000000000001,0.9545,0.046,NA,NA,9.181643419974301e-4,6.494026034198285e-4,5.559010388339315e-5,11.261865282678086,8.046030857496477e-5,1.6231088947794579,0.004684228858627636,0.004659922209651143,0.00468422885862764,1.018781205366764,0.01623108894779458
49,800,0.25,0.05,0.02,0,FCS-MI,2000,-2.974519023276439e-4,-2.974519023276439e-4,0.039817497679442364,0.0015847288825258702,228.7056664303766,0.04238390033164513,6.445414206749089,0.9635,0.9635,0.038,NA,NA,8.903463150517326e-4,6.297273685035618e-4,5.147994848903936e-5,11.401330748180273,8.510419033486738e-5,1.6969845371578165,0.004193313129257102,0.004193313129257102,0.004275277768753745,1.064454142067491,0.016969845371578165
49,800,0.25,0.05,0.02,0,IPW,2000,-2.5231933619241444e-4,-2.523193361924145e-4,0.07469630858086203,0.005576812411396975,-6.597857634633819,0.06874745783874059,-7.964049168081111,0.926,0.9265,0.074,NA,NA,0.0016702602365510834,0.0011813477134662328,1.7971173496265079e-4,0.9780487430779177,1.7555870493459337e-4,1.474432942071608,0.005853375094763702,0.005835141386461857,0.005853375094763704,0.9203595083191889,0.01474432942071608
49,800,0.25,0.05,0.02,0,JM-MI,2000,-8.417505733683085e-4,-8.417505733683085e-4,0.03987377822960622,0.001589831775236433,227.7784064274511,0.04259183820573445,6.816660213328052,0.962,0.963,0.0395,NA,NA,8.916047864115074e-4,6.306174646878561e-4,5.170303362374476e-5,11.3434871797536,8.447453567565885e-5,1.7025742695590187,0.004275277768753747,0.004220841148396847,0.00435544199823623,1.0681666021332805,0.017025742695590186
49,800,0.25,0.05,0.02,0,Naive,2000,0.005977754239287332,0.005977754239287332,0.03328761290792136,0.0011432446862663765,370.3160639064601,0.03393054202645646,1.931436538611364,0.9490000000000001,0.9505,0.051000000000000004,NA,NA,7.443336527081161e-4,5.264550035019701e-4,3.6714407347846e-5,18.882516971657004,2.7342805068960786e-5,1.614171923249854,0.004919298730510272,0.004850244839180801,0.004919298730510275,1.0193143653861136,0.01614171923249854
50,800,0.5,0.05,0.02,0,CCA,2000,-5.694201481065002e-4,-5.694201481065002e-4,0.05112689216278245,0.0026129763619787425,0,0.049553250560869996,-3.0779136680206376,0.9395,0.9380000000000001,0.062,NA,NA,0.001143232063542828,8.085893172050601e-4,8.171082664640942e-5,0,6.094433210646491e-5,1.537483876512488,0.005331029450303197,0.005392402062161164,0.005392402062161166,0.9692208633197936,0.01537483876512488
50,800,0.5,0.05,0.02,0,AIPW,2000,-1.523329338889079e-4,-1.5233293388890786e-4,0.03688871393368779,0.001360120032396358,92.09309739329841,0.03612555777006943,-2.0688066409423556,0.9430000000000001,0.9425,0.057,NA,NA,8.248567195826957e-4,5.834076500727812e-4,4.392184789116113e-5,5.63629285894769,4.628675179130519e-5,1.5538897909310347,0.005184158562389848,0.005205465877325487,0.00518415856238985,0.9793119335905764,0.015538897909310347
50,800,0.5,0.05,0.02,0,FCS-MI,2000,1.960230067154358e-4,1.9602300671543583e-4,0.03687385515725206,0.0013590397785800874,92.2479411685549,0.036603499588794414,-0.7331904063317851,0.9490000000000001,0.9495,0.051500000000000004,NA,NA,8.245244672409681e-4,5.831726534323749e-4,4.425220027275749e-5,5.532091852511749,3.7712804508399685e-5,1.5732664870649136,0.004919298730510272,0.0048964145045124596,0.004942051699446294,0.9926680959366821,0.015732664870649136
50,800,0.5,0.05,0.02,0,IPW,2000,-4.7286678683807925e-5,-4.728667868380793e-5,0.05177776785691007,0.002679599011651929,-2.4983106994796556,0.048774390000650814,-5.800516284439327,0.925,0.925,0.075,NA,NA,0.0011577860865125452,8.188831393177826e-4,8.478369207699632e-5,0.6895393418695401,8.579975630760673e-5,1.4989844821733107,0.0058896094946948715,0.0058896094946948715,0.005889609494694873,0.9419948371556067,0.014989844821733107
50,800,0.5,0.05,0.02,0,JM-MI,2000,-6.0099800173213274e-5,-6.009980017321327e-5,0.036782639517512684,0.0013522897005763294,93.2026177535522,0.03661407629299913,-0.4582684296848827,0.9475,0.9475,0.0525,NA,NA,8.224848235302844e-4,5.817300468366042e-4,4.389277560995916e-5,5.556859231776371,3.790591154922075e-5,1.5776559694544277,0.004987171041783106,0.004987171041783106,0.004987171041783107,0.9954173157031512,0.015776559694544275
50,800,0.5,0.05,0.02,0,Naive,2000,0.007183520111097035,0.007183520111097036,0.03449240174095742,0.001240733876157208,119.71105870526526,0.033915014142143686,-1.6739559139719917,0.9345,0.9450000000000001,0.0675,NA,NA,7.712735500001288e-4,5.455091516942605e-4,4.0218598253471915e-5,7.239546316157371,2.779693873276312e-5,1.557146866055411,0.005532167296819575,0.005097793640389926,0.005609979946488223,0.9832604408602801,0.015571468660554111
51,800,0.65,0.05,0.02,0,CCA,2000,-6.904980276361133e-5,-6.904980276361136e-5,0.04332837983130091,0.001876414592431343,4.440892098500626e-14,0.04318986851529125,-0.31967804138753886,0.9510000000000001,0.9505,0.0505,NA,NA,9.688520265771972e-4,6.8525317267175e-4,6.030660646588359e-5,6.665668500104317e-8,4.49131372605776e-5,1.5798826463981313,0.004826955562256604,0.004850244839180801,0.00489641450451246,0.9968032195861246,0.015798826463981314
51,800,0.65,0.05,0.02,0,AIPW,2000,2.5024152054865654e-4,2.5024152054865654e-4,0.03531829384964568,0.0012468208103283017,50.5031080079775,0.035208452826135196,-0.31100319845033253,0.9460000000000001,0.9455,0.054,NA,NA,7.897410589712048e-4,5.585709183692827e-4,4.271535743619428e-5,3.751657307083287,4.246237665361126e-5,1.5811930881536802,0.005053909377897468,0.005075911248239078,0.005053909377897471,0.9968899680154967,0.015811930881536804
51,800,0.65,0.05,0.02,0,FCS-MI,2000,4.669605760717383e-4,4.669605760717383e-4,0.035219039449364775,0.0012399786015456495,51.35259994485146,0.03556321402279436,0.9772400917532398,0.9495,0.9500000000000001,0.051500000000000004,NA,NA,7.87521663110264e-4,5.570011760212205e-4,4.243451111818567e-5,3.7368242167309824,3.1341013143843405e-5,1.5994670846828072,0.0048964145045124596,0.0048733971724044785,0.004942051699446294,1.0097724009175324,0.015994670846828072
51,800,0.65,0.05,0.02,0,IPW,2000,2.9190364427449e-4,2.9190364427449003e-4,0.0438648181460626,0.0019232454175891905,-2.4309147545837684,0.04268632970525261,-2.6866370148528107,0.9470000000000001,0.9460000000000001,0.053,NA,NA,9.808471519526228e-4,6.937371284200234e-4,6.259537560487044e-5,0.5400620091148862,6.451452274132692e-5,1.5460557127604135,0.005009540897128196,0.005053909377897468,0.005009540897128199,0.9731336298514719,0.015460557127604135
51,800,0.65,0.05,0.02,0,JM-MI,2000,3.346001825135823e-4,3.346001825135823e-4,0.035259397995908534,0.0012427154917425002,51.00631637676527,0.03557540241183176,0.8962274851087804,0.9505,0.9500000000000001,0.05,NA,NA,7.884241076457134e-4,5.576394602628932e-4,4.233401080843592e-5,3.7161437042580863,3.1652284327990054e-5,1.5982315027573963,0.004850244839180801,0.0048733971724044785,0.004873397172404482,1.0089622748510878,0.015982315027573964
51,800,0.65,0.05,0.02,0,Naive,2000,0.007117099432488629,0.00711709943248863,0.0338199607057854,0.001193870951601728,64.1340562550937,0.03388459506150871,0.19111304204517676,0.9445,0.9470000000000001,0.057,NA,NA,7.562373113450793e-4,5.348742663239698e-4,4.150740740114172e-5,4.64351619002506,2.750898169517877e-5,1.586643093132741,0.005119558086397692,0.005009540897128196,0.00518415856238985,1.0019111304204518,0.015866430931327412
52,1500,0.25,0.05,0.02,0,CCA,2000,-0.0023313489350547303,-0.0023313489350547303,0.050660013879162,0.0025705889755907488,0,0.05108097165258634,0.8309468181916468,0.9450000000000001,0.9445,0.0565,NA,NA,0.0011327923477488905,8.012054771826983e-4,8.546657794455074e-5,0,6.366706690375151e-5,1.5996204885167682,0.005097793640389926,0.005119558086397692,0.005162739098579358,1.0083094681819165,0.015996204885167682
52,1500,0.25,0.05,0.02,0,AIPW,2000,-5.407017718655862e-4,-5.407017718655862e-4,0.028765618771189973,8.27339451283891e-4,210.15812882045947,0.0291021748509488,1.1699942296944599,0.9540000000000001,0.9550000000000001,0.046,NA,NA,6.432187898722476e-4,4.549381168548564e-4,2.8651832117112717e-5,11.441741305407724,3.804605467144803e-5,1.6054953431682022,0.004684228858627636,0.00463546114210873,0.00468422885862764,1.0116999422969446,0.01605495343168202
52,1500,0.25,0.05,0.02,0,FCS-MI,2000,-7.036826562884897e-5,-7.036826562884897e-5,0.028065219004244225,7.872676411901208e-4,225.83200270441907,0.029437151608497657,4.8883730572206074,0.9645,0.9645,0.037,NA,NA,6.275573749690904e-4,4.4386105456204004e-4,2.6810594722263968e-5,11.742295507490555,4.3923298755396066e-5,1.6662119336564214,0.0041376170678302255,0.0041376170678302255,0.0042208411483968455,1.048883730572206,0.016662119336564214
52,1500,0.25,0.05,0.02,0,IPW,2000,-0.001811005597763281,-0.0018110055977632808,0.05193902809692097,0.0026995935496080493,-4.864419719759772,0.05066378023009364,-2.4552786479709487,0.9450000000000001,0.9460000000000001,0.055,NA,NA,0.0011613919750998684,8.214335252662885e-4,9.060523855004096e-5,0.9581129921739739,9.945101866868656e-5,1.554540566168757,0.005097793640389926,0.005053909377897468,0.005097793640389928,0.9754472135202905,0.015545405661687571
52,1500,0.25,0.05,0.02,0,JM-MI,2000,-4.943751989509794e-4,-4.943751989509795e-4,0.028192508308666365,7.946645228091929e-4,222.89637890094,0.029481840569460314,4.573315175356751,0.962,0.9615,0.039,NA,NA,6.304036503440563e-4,4.4587417852471906e-4,2.6919641737569932e-5,11.608613051043335,4.373127342783477e-5,1.6611211174329314,0.004275277768753747,0.004302194207610808,0.004328914413568372,1.0457331517535675,0.016611211174329316
52,1500,0.25,0.05,0.02,0,Naive,2000,0.006922821953839702,0.006922821953839702,0.02467524320220342,6.564886570789071e-4,321.5098474707438,0.02468130810338005,0.02457889118632206,0.9410000000000001,0.9495,0.059000000000000004,NA,NA,5.517552116146644e-4,3.9024742574246513e-4,2.0513478141816222e-05,16.646158557087677,1.41068997327815e-5,1.5829557081423884,0.005268728499363008,0.0048964145045124596,0.0052687284993630104,1.0002457889118632,0.015829557081423883
53,1500,0.5,0.05,0.02,0,CCA,2000,-0.0015572146166803595,-0.0015572146166803597,0.036015056635704645,0.0012988606796831795,0,0.03574675353450885,-0.7449748140331947,0.9540000000000001,0.9540000000000001,0.047,NA,NA,8.053211485094047e-4,5.695904605632328e-4,3.9834896364362406e-5,0,3.1335733662966395e-5,1.5721616774396856,0.004684228858627636,0.004684228858627636,0.00473238840333293,0.992550251859668,0.015721616774396856
53,1500,0.5,0.05,0.02,0,AIPW,2000,-6.555050093478303e-4,-6.555050093478303e-4,0.026224626962308782,6.878168805998767e-4,88.60342090266042,0.026131129181658688,-0.35652663728820144,0.9425,0.9440000000000001,0.0575,NA,NA,5.864004857229626e-4,4.147514607752103e-4,2.1713589556626896e-5,5.774809752504027,2.3514408181371867e-5,1.5784445025681042,0.005205465877325487,0.005141206084179078,0.005205465877325487,0.996434733627118,0.015784445025681042
53,1500,0.5,0.05,0.02,0,FCS-MI,2000,-3.2849565535034267e-4,-3.284956553503427e-4,0.026174121701894513,6.848500139377368e-4,89.33197677213502,0.026307933433200408,0.5112367583138822,0.9480000000000001,0.9485,0.0525,NA,NA,5.852711537678863e-4,4.1395270277709816e-4,2.152891383491524e-5,5.738416346487976,1.9021093547380555e-5,1.5912799101357284,0.004964675215963273,0.004942051699446293,0.004987171041783107,1.0051123675831388,0.015912799101357285
53,1500,0.5,0.05,0.02,0,IPW,2000,-0.0013370372490697916,-0.0013370372490697918,0.0365109178177857,0.001334168264942553,-2.6977902646730167,0.03559171477631259,-2.5176114335458744,0.9425,0.9440000000000001,0.0575,NA,NA,8.164089416147711e-4,5.774326750551843e-4,4.0579605000302446e-5,0.6364403128663582,4.4688498323132924e-5,1.5465683451977013,0.005205465877325487,0.005141206084179078,0.005205465877325487,0.9748238856645413,0.015465683451977012
53,1500,0.5,0.05,0.02,0,JM-MI,2000,-6.294640175215556e-4,-6.294640175215556e-4,0.02620535652821663,6.867735753649148e-4,88.88090662313704,0.02631267497474901,0.409528664175296,0.9490000000000001,0.9480000000000001,0.051500000000000004,NA,NA,5.859695857171026e-4,4.1444669225739763e-4,2.1593743468057292e-5,5.725170843396286,1.8715194311650276e-5,1.5896162120931945,0.004919298730510272,0.004964675215963273,0.004942051699446294,1.004095286641753,0.015896162120931943
53,1500,0.5,0.05,0.02,0,Naive,2000,0.006080596524459108,0.006080596524459108,0.02450753087100719,6.37292413951938e-4,115.95789587284959,0.024678984475316693,0.6995955864013137,0.9440000000000001,0.9505,0.056,NA,NA,5.480050498824671e-4,3.875949977611777e-4,2.0482864306452127e-5,7.229364396716759,1.3582534618853378e-5,1.5935626463625088,0.005141206084179078,0.004850244839180801,0.005141206084179081,1.0069959558640131,0.015935626463625088
54,1500,0.65,0.05,0.02,0,CCA,2000,-4.0969443875658304e-4,-4.096944387565831e-4,0.03172397737834248,0.0010060753848643831,0,0.0313131526063353,-1.2949976830069487,0.9455,0.9460000000000001,0.0545,NA,NA,7.093696993463936e-4,5.017255718519054e-4,3.236449006141825e-5,0,2.384660665028756e-5,1.5628621813363779,0.005075911248239078,0.005053909377897468,0.005075911248239078,0.9870500231699305,0.015628621813363778
54,1500,0.65,0.05,0.02,0,AIPW,2000,2.63662700101954e-4,2.6366270010195396e-4,0.02611598800868248,6.817733252742374e-4,47.557857918085425,0.02557792892239925,-2.0602670138474166,0.9405,0.9400000000000001,0.059500000000000004,NA,NA,5.83971244869834e-4,4.1303329850055304e-4,2.2439258295955215e-5,3.694344949260305,2.17302851363947e-5,1.5511836848821166,0.005289600646551685,0.005310367218940699,0.005289600646551685,0.9793973298615258,0.015511836848821165
54,1500,0.65,0.05,0.02,0,FCS-MI,2000,4.970377695615781e-4,4.970377695615781e-4,0.026114852342277693,6.81891566646908e-4,47.570692005258095,0.025753382844820247,-1.3841529437723765,0.9400000000000001,0.9400000000000001,0.0605,NA,NA,5.839458505970253e-4,4.130153375472469e-4,2.2561333093824526e-5,3.6667256512318187,1.626979161312139e-5,1.5608872381699466,0.005310367218940699,0.005310367218940699,0.005331029450303197,0.9861584705622762,0.015608872381699467
54,1500,0.65,0.05,0.02,0,IPW,2000,5.6210778818618706e-5,5.6210778818618706e-5,0.03174742315392772,0.001007398087127744,-0.14764737287097374,0.031142329027899956,-1.9059629598722427,0.9420000000000001,0.9425,0.058,NA,NA,7.098939628263315e-4,5.02096374826032e-4,3.248652745315656e-5,0.47754258609698697,3.3273887262055214e-5,1.5549270661295274,0.005226662414964255,0.005205465877325487,0.0052266624149642565,0.9809403704012776,0.015549270661295274
54,1500,0.65,0.05,0.02,0,JM-MI,2000,3.2091742886365525e-4,3.2091742886365525e-4,0.026178578724737774,6.850783130514181e-4,46.85310529252562,0.025755420084430266,-1.6164309176480929,0.9405,0.9400000000000001,0.059500000000000004,NA,NA,5.853708158284342e-4,4.1402319212047786e-4,2.254203999570118e-5,3.6543363227078967,1.6399339415946785e-5,1.557230385267618,0.005289600646551685,0.005310367218940699,0.005289600646551685,0.9838356908235191,0.015572303852676179
54,1500,0.65,0.05,0.02,0,Naive,2000,0.006912864571699217,0.006912864571699218,0.0249256332080483,6.687642438134032e-4,61.988007409228054,0.02469671391108548,-0.9184091535492156,0.9355,0.9400000000000001,0.065,NA,NA,5.573541023542216e-4,3.9420742947624313e-4,2.156066385368951e-5,4.458134296906086,1.4277439889798824e-5,1.568055861805629,0.005492711079239468,0.005310367218940699,0.005512485827646181,0.9908159084645078,0.01568055861805629
55,500,0.25,0.05,0.05,0,CCA,2000,-0.00395723592874419,-0.00395723592874419,0.09312920111259104,0.008684371292015238,0,0.09062998282287468,-2.6836032735799598,0.9375,0.9385,0.065,NA,NA,0.002082432243780026,0.0014728702245332124,2.885546548557642e-4,0,2.156844940167886e-4,1.5564195673412293,0.005412658773652742,0.005372045699731156,0.005512485827646181,0.9731639672642004,0.015564195673412294
55,500,0.25,0.05,0.05,0,AIPW,2000,-0.002825366769923702,-0.0028253667699237026,0.05725516520865631,0.003284497563483582,164.5711046670889,0.05600000024515353,-2.192230096496195,0.9420000000000001,0.9415,0.058,NA,NA,0.0012802644146953643,9.055100551609744e-4,1.1300808649756622e-4,8.67520777167463,1.4600029112518583e-4,1.5677407368338718,0.005226662414964255,0.0052477495176503994,0.0052266624149642565,0.978077699035038,0.015677407368338718
55,500,0.25,0.05,0.05,0,FCS-MI,2000,-7.635140641120965e-4,-7.635140641120966e-4,0.05462940997022597,0.0029834632012042746,190.61547419304884,0.056837531706576495,4.042001803706086,0.9560000000000001,0.9565,0.047,NA,NA,0.0012215507426413005,8.639828364004424e-4,1.0281797251366526e-4,8.835552461681253,1.4530672338186704e-4,1.6668194243711902,0.004586065852122053,0.004561126505590477,0.00473238840333293,1.0404200180370609,0.016668194243711902
55,500,0.25,0.05,0.05,0,IPW,2000,-0.003207042843507858,-0.003207042843507858,0.09584391035431616,0.009191747248230285,-5.5846284792305685,0.08392329432575517,-12.437530965183718,0.9035,0.9035,0.0965,NA,NA,0.002143134987816469,0.0015158042813342375,3.088758664635765e-4,1.1230397597323438,2.7728013312876493e-4,1.4147268632172654,0.006602565789145914,0.006602565789145914,0.006602565789145913,0.8756246903481628,0.014147268632172654
55,500,0.25,0.05,0.05,0,JM-MI,2000,-0.0013127446740523767,-0.0013127446740523767,0.05506952722419496,0.0030328598008612546,185.98882199113183,0.05686536733264148,3.2610414488132955,0.961,0.961,0.0455,NA,NA,0.0012313920636207523,8.709434415697119e-4,0.00010398946878092383,8.578675494984862,1.4666735588557035e-4,1.6546832092272283,0.004328914413568374,0.004328914413568374,0.004659922209651144,1.032610414488133,0.016546832092272284
55,500,0.25,0.05,0.05,0,Naive,2000,0.00971719718472654,0.00971719718472654,0.042116026976562686,0.0018672967695532682,388.96408919081705,0.04274295324453137,1.4885693475255035,0.9510000000000001,0.9500000000000001,0.05,NA,NA,9.417429926180911e-4,6.660793968845727e-4,5.985449733451476e-5,19.452546641165135,4.377480810974534e-5,1.6084383092163863,0.004826955562256604,0.0048733971724044785,0.004873397172404482,1.014885693475255,0.016084383092163864
56,500,0.5,0.05,0.05,0,CCA,2000,-0.0013416153257682587,-0.0013416153257682587,0.06151813348725716,0.0037843884390644494,0,0.061853229508933884,0.544710970052642,0.9590000000000001,0.9580000000000001,0.046,NA,NA,0.0013755872832641321,9.72930359111503e-4,1.2171506236285733e-4,0,9.820559023031628e-5,1.598142023222278,0.004433903472111224,0.004485309353879615,0.00468422885862764,1.0054471097005264,0.01598142023222278
56,500,0.5,0.05,0.05,0,AIPW,2000,-3.4252793954115047e-4,-3.4252793954115047e-4,0.046926786661432525,0.002201139570103784,71.85598721074726,0.045663626560437875,-2.6917677319525435,0.9440000000000001,0.9440000000000001,0.056,NA,NA,0.0010493148494059353,7.42163209615482e-4,7.10383388233339e-5,4.970276576399148,7.209114871243389e-5,1.5466117087595088,0.005141206084179078,0.005141206084179078,0.005141206084179081,0.9730823226804746,0.015466117087595089
56,500,0.5,0.05,0.05,0,FCS-MI,2000,3.9423935902106315e-4,3.9423935902106315e-4,0.046344454472221235,0.002146889980769824,76.20196668647183,0.04664236207443134,0.6428117573132219,0.9490000000000001,0.9480000000000001,0.053,NA,NA,0.0010362935058003083,7.329534265181309e-4,6.892495431087663e-5,4.921380407198512,6.166091735329874e-5,1.5972516175070886,0.004919298730510272,0.004964675215963273,0.005009540897128199,1.0064281175731322,0.015972516175070884
56,500,0.5,0.05,0.05,0,IPW,2000,-5.896504711294234e-4,-5.896504711294234e-4,0.06242988607266949,0.003895889617387073,-2.8995560660104225,0.05982071910424227,-4.179355646092498,0.9440000000000001,0.9450000000000001,0.056,NA,NA,0.0013959746908605635,9.873500386443647e-4,1.2389942670353038e-4,0.7740439971924691,1.316456161593505e-4,1.5300369960760611,0.005141206084179078,0.005097793640389926,0.005141206084179081,0.958206443539075,0.015300369960760611
56,500,0.5,0.05,0.05,0,JM-MI,2000,-2.5907538578413432e-5,-2.5907538578413425e-5,0.04647814582076779,0.002159138601117642,75.18975767923122,0.04659280284185426,0.2466901789254239,0.9525,0.9525,0.049,NA,NA,0.0010392829352338455,7.350678010021755e-4,6.97186715963132e-5,4.886206622180386,6.209399239302121e-5,1.5910546880343301,0.00475624589355933,0.00475624589355933,0.0048269555622566076,1.0024669017892542,0.015910546880343303
56,500,0.5,0.05,0.05,0,Naive,2000,0.01043161550145446,0.01043161550145446,0.04211285814401021,0.0018814246766171833,113.39137676911034,0.04273668239614749,1.4813153977914162,0.9465,0.9510000000000001,0.055,NA,NA,9.416721353681245e-4,6.660292807120154e-4,5.997931850317728e-5,7.1795941023494025,4.4035230294180116e-5,1.6083644159358872,0.005031786462082825,0.004826955562256604,0.005097793640389928,1.0148131539779142,0.01608364415935887
57,500,0.65,0.05,0.05,0,CCA,2000,0.0012036858171058464,0.0012036858171058464,0.05447689104126382,0.0029676966512392714,4.440892098500626e-14,0.05387934132308129,-1.0968866004668176,0.9480000000000001,0.9475,0.053,NA,NA,0.001218140315711152,8.615706972812152e-4,9.29870780790695e-5,6.665668500104317e-8,7.158335972700618e-5,1.569696183860994,0.004964675215963273,0.004987171041783106,0.005009540897128199,0.9890311339953318,0.01569696183860994
57,500,0.65,0.05,0.05,0,AIPW,2000,0.0011930017680256745,0.0011930017680256747,0.04541837638931119,0.0020632207526027325,43.867076789979386,0.04405555532538227,-3.0005939715838092,0.9415,0.9415,0.0585,NA,NA,0.0010155857703417128,7.183071843339853e-4,6.300164519299052e-5,3.5148802139150224,6.468649372483285e-5,1.540675948291927,0.0052477495176503994,0.0052477495176503994,0.0052477495176503994,0.9699940602841619,0.01540675948291927
57,500,0.65,0.05,0.05,0,FCS-MI,2000,0.0017295315601988518,0.0017295315601988518,0.045322560903243415,0.002056098738982519,44.47601258639124,0.04478770789694825,-1.18010323255342,0.9485,0.9490000000000001,0.052000000000000005,NA,NA,0.0010134432709402656,7.167918295924818e-4,6.302525853993645e-5,3.4532818769845526,5.0384022188028816e-5,1.5668192384637982,0.004942051699446293,0.004919298730510272,0.004964675215963276,0.9881989676744658,0.015668192384637982
57,500,0.65,0.05,0.05,0,IPW,2000,0.0017498059726459472,0.0017498059726459472,0.05491959349701955,0.003017715489944841,-1.6056861790685661,0.05267843199233771,-4.080804976831209,0.9400000000000001,0.9400000000000001,0.06,NA,NA,0.0012280394435599112,8.685721883025121e-4,9.58085544515036e-5,0.5914941395928224,9.92105601004438e-5,1.5277129782528687,0.005310367218940699,0.005310367218940699,0.0053103672189407005,0.9591919502316879,0.015277129782528686
57,500,0.65,0.05,0.05,0,JM-MI,2000,0.0013728475905396404,0.0013728475905396401,0.045390654564618466,0.0020611660765504675,44.04286080594502,0.04476901370814885,-1.3695349019138825,0.9510000000000001,0.9520000000000001,0.049,NA,NA,0.00101496589149698,7.178687541781175e-4,6.305740099319778e-5,3.4447767209897324,5.033778209153961e-5,1.5638118026131076,0.004826955562256604,0.004779958158812687,0.0048269555622566076,0.9863046509808612,0.015638118026131076
57,500,0.65,0.05,0.05,0,Naive,2000,0.01223035845952235,0.012230358459522347,0.042747419745755,0.0019760098920207146,62.407027703594494,0.04268571506956905,-0.14434713616153783,0.9385,0.9490000000000001,0.0615,NA,NA,9.558613641422496e-4,6.76065089863992e-4,6.134707452903126e-5,4.831313607786985,4.279483532580373e-5,1.582421266926246,0.005372045699731156,0.004919298730510272,0.005372045699731156,0.9985565286383846,0.015824212669262462
58,800,0.25,0.05,0.05,0,CCA,2000,0.0016492919679160104,0.0016492919679160104,0.069196935858025,0.004788541988168989,0,0.07006817543479454,1.2590724805461306,0.9525,0.9530000000000001,0.048,NA,NA,0.0015472905241323664,0.0010943732495998,1.5091305676096184e-4,0,1.279621521139373e-4,1.6120885091049302,0.00475624589355933,0.004732388403332927,0.0047799581588126895,1.0125907248054613,0.0161208850910493
58,800,0.25,0.05,0.05,0,AIPW,2000,0.0010959011129370569,0.0010959011129370569,0.041260511796616106,0.0017027796180511742,181.25775508060164,0.041965667435937506,1.7090327012842188,0.9520000000000001,0.9525,0.048,NA,NA,9.226130916366559e-4,6.525491311878219e-4,5.2697392316244175e-5,10.022230606164651,8.084691348658002e-5,1.6204533525354463,0.004779958158812687,0.00475624589355933,0.0047799581588126895,1.0170903270128422,0.01620453352535446
58,800,0.25,0.05,0.05,0,FCS-MI,2000,0.002763656587437339,0.002763656587437339,0.039851044624132116,0.0015949495024890378,201.50485313216885,0.042585877210548816,6.862637133382954,0.963,0.967,0.038,NA,NA,8.910964475393698e-4,6.302579249280485e-4,4.924651667593082e-5,10.289718737649514,8.713721158187048e-5,1.7041552095817916,0.004220841148396847,0.003994433626936366,0.004275277768753745,1.0686263713338295,0.017041552095817914
58,800,0.25,0.05,0.05,0,IPW,2000,0.0017067143938850375,0.0017067143938850377,0.07108114335618827,0.0050529155503748705,-5.2313012311080325,0.06756716984260626,-4.943608596689931,0.9355,0.935,0.0645,NA,NA,0.0015894226846284451,0.001124172636770874,1.6044843286498763e-4,1.0706735829116276,1.797050919600792e-4,1.5244591712793758,0.005492711079239468,0.005512485827646179,0.005492711079239468,0.9505639140331007,0.015244591712793758
58,800,0.25,0.05,0.05,0,JM-MI,2000,0.002059434361280759,0.002059434361280759,0.04045395786110831,0.0016399457151634368,192.58475380427979,0.04266512227897449,5.465879075312818,0.9585,0.9595,0.044,NA,NA,9.045779973635017e-4,6.397932043475035e-4,5.042125311345821e-5,10.025896597543774,8.76597010913478e-5,1.6819954121788234,0.004459694496263168,0.004407933189148855,0.0045860658521220555,1.0546587907531282,0.016819954121788234
58,800,0.25,0.05,0.05,0,Naive,2000,0.011864612629702648,0.011864612629702648,0.03320447343184644,0.0012427548202111525,334.29070311754356,0.03372244609711167,1.5599484398642671,0.9435,0.9505,0.057,NA,NA,7.424745975069437e-4,5.251401242016956e-4,3.71357853096393e-5,17.55875184740188,2.6700726058375547e-5,1.608217020936137,0.005162739098579358,0.004850244839180801,0.00518415856238985,1.0155994843986427,0.016082170209361372
59,800,0.5,0.05,0.05,0,CCA,2000,-0.0027530411984864173,-0.0027530411984864177,0.04912960619715568,0.0024200905818256174,0,0.04852231745099207,-1.23609528585793,0.9445,0.9450000000000001,0.0555,NA,NA,0.0010985713916463503,7.770015553268795e-4,7.541674009479267e-5,0,5.792508693076256e-5,1.5664284669564148,0.005119558086397692,0.005097793640389926,0.005119558086397693,0.9876390471414207,0.015664284669564148
59,800,0.5,0.05,0.05,0,AIPW,2000,-0.0019880628876537314,-0.0019880628876537314,0.03572083873280866,0.0012792927246607015,89.16608281499718,0.03584234232606225,0.34014764928236296,0.9525,0.9540000000000001,0.0475,NA,NA,7.98742236198676e-4,5.649373036208018e-4,4.0503608520096165e-5,5.523572865664409,4.3618220532633775e-5,1.5916048405720562,0.00475624589355933,0.004684228858627636,0.004756245893559331,1.0034014764928236,0.015916048405720563
59,800,0.5,0.05,0.05,0,FCS-MI,2000,-0.001289960417220741,-0.001289960417220741,0.03541949543686953,0.001255577384551917,92.39856369859673,0.036311433335503615,2.5182117577700724,0.9560000000000001,0.9560000000000001,0.044,NA,NA,7.920039952558389e-4,5.60171456146014e-4,3.963287001581939e-5,5.521039133103839,3.666902485590294e-5,1.6246625330554811,0.004586065852122053,0.004586065852122053,0.0045860658521220555,1.0251821175777007,0.01624662533055481
59,800,0.5,0.05,0.05,0,IPW,2000,-0.0022526349037646546,-0.0022526349037646546,0.04968625439590399,0.0024725638779662003,-2.2281013824180906,0.047796498554230224,-3.803377543044484,0.9400000000000001,0.9380000000000001,0.06,NA,NA,0.0011110184237658907,7.858051373149309e-4,7.827364976541878e-5,0.7145512345367232,8.115721219058854e-5,1.5301256789755295,0.005310367218940699,0.005392402062161164,0.0053103672189407005,0.9619662245695552,0.015301256789755295
59,800,0.5,0.05,0.05,0,JM-MI,2000,-0.0017665197332375833,-0.0017665197332375833,0.03571467830992532,0.0012780210696259771,89.23134693750683,0.036306023121229096,1.655747270554131,0.9570000000000001,0.9560000000000001,0.044,NA,NA,7.986044849553032e-4,5.648398744221509e-4,4.034548315933681e-5,5.401936668320569,3.7356136350890715e-5,1.6111193161130517,0.004536022486716746,0.004586065852122053,0.0045860658521220555,1.0165574727055413,0.016111193161130518
59,800,0.5,0.05,0.05,0,Naive,2000,0.00961231312728892,0.009612313127288922,0.03333874496116079,0.0012033127432845828,117.16412005034633,0.033717009673143665,1.134609933347952,0.937,0.9505,0.063,NA,NA,7.454770001768413e-4,5.272636744433708e-4,3.85763850795835e-5,7.246271767532678,2.668376691802528e-5,1.601479824371571,0.00543281694887652,0.004850244839180801,0.005432816948876522,1.0113460993334795,0.01601479824371571
60,800,0.65,0.05,0.05,0,CCA,2000,-0.0019181106393936053,-0.0019181106393936053,0.04280054324570611,0.0018346497073014505,4.440892098500626e-14,0.04221363229258808,-1.371269868582592,0.9485,0.9510000000000001,0.051500000000000004,NA,NA,9.570492417131835e-4,6.769052562174689e-4,5.853965506917056e-5,6.665668500104317e-8,4.2892234392626966e-5,1.563063036187679,0.004942051699446293,0.004826955562256604,0.004942051699446294,0.9862873013141741,0.01563063036187679
60,800,0.65,0.05,0.05,0,AIPW,2000,-0.0013050119538677845,-0.0013050119538677845,0.03609438320584235,0.0013038561529604275,40.61100522137704,0.03463542999381958,-4.042050542053932,0.9435,0.9440000000000001,0.0565,NA,NA,8.070949445419029e-4,5.70845037449691e-4,4.123867387732501e-5,3.4780149328469263,3.950840314024569e-5,1.5215501194142087,0.005162739098579358,0.005141206084179078,0.005162739098579358,0.9595794945794607,0.015215501194142087
60,800,0.65,0.05,0.05,0,FCS-MI,2000,-8.808214239040921e-4,-8.808214239040921e-4,0.03596297254078644,0.0012934645726531834,41.64048325510832,0.03507819603527423,-2.4602429749342014,0.9485,0.9485,0.051500000000000004,NA,NA,8.04156512741568e-4,5.687667327564835e-4,4.125929955505173e-5,3.457004975486723,3.067277741210868e-5,1.54498066648621,0.004942051699446293,0.004942051699446293,0.004942051699446294,0.975397570250658,0.0154498066648621
60,800,0.65,0.05,0.05,0,IPW,2000,-0.0014812220712733962,-0.0014812220712733962,0.043291863576279864,0.0018754423780057011,-2.2569244541207345,0.04166906786373377,-3.748500476739103,0.9420000000000001,0.9425,0.058,NA,NA,9.680354982920894e-4,6.846756555869966e-4,5.997645719635413e-5,0.5307146960487747,6.030876470623568e-5,1.5286114489617568,0.005226662414964255,0.005205465877325487,0.0052266624149642565,0.962514995232609,0.015286114489617569
60,800,0.65,0.05,0.05,0,JM-MI,2000,-0.001199377695295855,-0.0011993776952958551,0.0360068502299543,0.001297283523706592,41.29548943487311,0.03507557391564235,-2.5863865024694954,0.9500000000000001,0.9515,0.051000000000000004,NA,NA,8.051376476983174e-4,5.694606734445233e-4,4.111990316491523e-5,3.4356223094818645,3.0445164267952445e-5,1.5429481976386354,0.0048733971724044785,0.004803527349771207,0.004919298730510275,0.974136134975305,0.015429481976386354
60,800,0.65,0.05,0.05,0,Naive,2000,0.009818568443325735,0.009818568443325735,0.03469400033288044,0.0012994761085446311,52.19129273797225,0.033697373008910715,-2.872621532274544,0.9315,0.9410000000000001,0.0685,NA,NA,7.7578143155721e-4,5.486975024994206e-4,4.178549304091367e-5,4.419401859070698,2.6068715322917756e-5,1.537939395109704,0.0056483515294287415,0.005268728499363008,0.0056483515294287415,0.9712737846772546,0.01537939395109704
61,1500,0.25,0.05,0.05,0,CCA,2000,-0.0013279298728505666,-0.0013279298728505666,0.05032099015403065,0.0025326993468042175,0,0.05005222940448508,-0.5340927289445352,0.9530000000000001,0.9525,0.0485,NA,NA,0.0011252115467951015,7.958437008097582e-4,7.732453822076552e-5,9.426678795130648e-8,6.53244912881715e-5,1.5784346889369707,0.004732388403332927,0.00475624589355933,0.004803527349771208,0.9946590727105546,0.015784346889369708
61,1500,0.25,0.05,0.05,0,AIPW,2000,-2.662049701752921e-4,-2.6620497017529213e-4,0.029451249729462267,8.670132876579838e-4,191.9381821861748,0.02936442744197744,-0.2948000111451021,0.9480000000000001,0.9470000000000001,0.052000000000000005,NA,NA,6.585499641739992e-4,4.657816053782526e-4,2.7199879412985336e-5,10.493125162341135,3.9007358193960056e-5,1.582424485336086,0.004964675215963273,0.005009540897128196,0.004964675215963276,0.997051999888549,0.01582424485336086
61,1500,0.25,0.05,0.05,0,FCS-MI,2000,5.374390714075318e-4,5.374390714075318e-4,0.028908914124463992,8.355962939531813e-4,202.99453684606007,0.029667570574122802,2.6242993645229973,0.9510000000000001,0.9510000000000001,0.05,NA,NA,6.46422971380053e-4,4.572043819642941e-4,2.6218052415262213e-5,10.697159904606004,4.732573552680547e-5,1.6312736157155376,0.004826955562256604,0.004826955562256604,0.004873397172404482,1.02624299364523,0.016312736157155377
61,1500,0.25,0.05,0.05,0,IPW,2000,-0.001238893476700489,-0.001238893476700489,0.0520847942762411,0.0027130042389475694,-6.658140196935647,0.04945106973065619,-5.05660928910745,0.932,0.933,0.068,NA,NA,0.0011646514059576705,8.237388673362267e-4,8.248821269280296e-5,0.8996752137869279,9.22385157353919e-5,1.5119692883973141,0.0056292095359828254,0.0055906618570612885,0.005629209535982827,0.9494339071089255,0.015119692883973142
61,1500,0.25,0.05,0.05,0,JM-MI,2000,-8.981821153727744e-5,-8.981821153727744e-5,0.029053547741220095,8.436946493443036e-4,199.98532665504393,0.029741914043029966,2.369302048552391,0.9570000000000001,0.9570000000000001,0.046,NA,NA,6.496570773690361e-4,4.5949181216923125e-4,2.6504029849517676e-5,10.580617336655273,4.831006660594911e-5,1.627522021627226,0.004536022486716746,0.004536022486716746,0.00468422885862764,1.023693020485524,0.01627522021627226
61,1500,0.25,0.05,0.05,0,Naive,2000,0.0103844684491282,0.010384468449128199,0.024164456018984978,6.914661591970518e-4,333.6549521745403,0.02455724711156864,1.6254911439970599,0.9380000000000001,0.9550000000000001,0.062,NA,NA,5.403336629775437e-4,3.8216915142841735e-4,2.1349436923808062e-5,17.159305001332118,1.4159116214582362e-5,1.6083096956933098,0.005392402062161164,0.00463546114210873,0.005392402062161166,1.0162549114399706,0.016083096956933097
62,1500,0.5,0.05,0.05,0,CCA,2000,-0.0014221330157817387,-0.0014221330157817387,0.03485230698553453,0.0012160984228774083,0,0.03502501865929456,0.49555306003621347,0.9505,0.9505,0.05,NA,NA,7.793212759234599e-4,5.512011764518883e-4,3.9581402135048174e-5,0,3.1252069330385134e-5,1.5918991202554007,0.004850244839180801,0.004850244839180801,0.004873397172404482,1.0049555306003621,0.01591899120255401
62,1500,0.5,0.05,0.05,0,AIPW,2000,-4.033023365168584e-4,-4.0330233651685846e-4,0.02573501776254166,6.621226464433558e-4,83.40624390821236,0.02596567664792475,0.8962841506906738,0.9515,0.9515,0.0485,NA,NA,5.75452491192077e-4,4.070081235256757e-4,2.0956807830335016e-5,5.367965421933484,2.2729460605612654e-5,1.5981516844154235,0.004803527349771207,0.004803527349771207,0.004803527349771208,1.0089628415069067,0.015981516844154234
62,1500,0.5,0.05,0.05,0,FCS-MI,2000,2.1642634529089584e-6,2.164263452908986e-6,0.025621677510727893,6.56142127968544e-4,85.03246743029185,0.026152056613105924,2.0700405043969416,0.9560000000000001,0.9560000000000001,0.044,NA,NA,5.729181261156517e-4,4.052156086093738e-4,2.074250526345669e-5,5.374763420222729,2.024246462888655e-5,1.6162048311533617,0.004586065852122053,0.004586065852122053,0.0045860658521220555,1.0207004050439694,0.016162048311533617
62,1500,0.5,0.05,0.05,0,IPW,2000,-7.857657885447207e-4,-7.857657885447207e-4,0.035311992923242996,0.0012469308036635051,-2.5866219405545565,0.03488734198463813,-1.202568599081677,0.9435,0.9415,0.0565,NA,NA,7.896001659736285e-4,5.584712670593325e-4,4.063845387558638e-5,0.6670900933717442,4.291795469700587e-5,1.5672350318731847,0.005162739098579358,0.0052477495176503994,0.005162739098579358,0.9879743140091832,0.015672350318731848
62,1500,0.5,0.05,0.05,0,JM-MI,2000,-2.9294975054773895e-4,-2.92949750547739e-4,0.025706247966382906,6.605665984732569e-4,83.81700108725863,0.02615527051181577,1.746744783680887,0.9565,0.9570000000000001,0.043500000000000004,NA,NA,5.748091789929791e-4,4.0655311934200517e-4,2.080561248327523e-5,5.3167588796771765,2.002580630486957e-5,1.6110442306936608,0.004561126505590477,0.004536022486716746,0.004561126505590478,1.0174674478368089,0.016110442306936607
62,1500,0.5,0.05,0.05,0,Naive,2000,0.010354008067282618,0.010354008067282617,0.023925937206019224,6.793697290081354e-4,112.19011309337704,0.02457497532646745,2.7126967477158814,0.9335,0.9590000000000001,0.0665,NA,NA,5.350002201805038e-4,3.783968946774597e-4,2.091319040376388e-5,7.137584575458924,1.398328003676941e-5,1.6254875019445836,0.005571254347092763,0.004433903472111224,0.005571254347092763,1.0271269674771588,0.016254875019445836
63,1500,0.65,0.05,0.05,0,CCA,2000,4.6951119624373154e-4,4.695111962437316e-4,0.030645419929530945,9.388926325393621e-4,0,0.03064622645790609,0.0026318072227304867,0.9515,0.9510000000000001,0.0485,NA,NA,6.852524216145801e-4,4.846678162518926e-4,2.8501014099894897e-5,0,2.3253867861302153e-5,1.5833951239832762,0.004803527349771207,0.004826955562256604,0.004803527349771208,1.0000263180722273,0.015833951239832764
63,1500,0.65,0.05,0.05,0,AIPW,2000,6.589859019951222e-4,6.589859019951222e-4,0.02498304653609243,6.242748003364761e-4,50.46668735403301,0.02524957004792835,1.0668174974212352,0.9545,0.9565,0.0455,NA,NA,5.586379033974333e-4,3.951154409308386e-4,1.879016388865803e-5,3.6974380420057256,2.1707321133626294e-5,1.6007661951911922,0.004659922209651143,0.004561126505590477,0.004659922209651144,1.0106681749742124,0.016007661951911924
63,1500,0.65,0.05,0.05,0,FCS-MI,2000,0.0010053014758270255,0.0010053014758270257,0.02493654884227293,6.225311834862819e-4,51.02834300611823,0.02542552544861917,1.9608832378493313,0.9580000000000001,0.9590000000000001,0.0425,NA,NA,5.575981833556596e-4,3.9438006397153873e-4,1.8877998285026227e-5,3.700013586569459,1.657693231614791e-5,1.6139159515905777,0.004485309353879615,0.004433903472111224,0.0045107510461119445,1.0196088323784933,0.016139159515905777
63,1500,0.65,0.05,0.05,0,IPW,2000,7.20021940977815e-4,7.20021940977815e-4,0.030842693608685495,9.51314544760219e-4,-1.2751336717617745,0.030472062470850866,-1.201682131064763,0.9475,0.9485,0.0525,NA,NA,6.896635951821907e-4,4.877877670797707e-4,2.8974270300876846e-5,0.47909772331759304,3.330345902405377e-5,1.5662557248073103,0.004987171041783106,0.004942051699446293,0.004987171041783107,0.9879831786893524,0.015662557248073104
63,1500,0.65,0.05,0.05,0,JM-MI,2000,6.905882899491616e-4,6.905882899491616e-4,0.024931271967122866,6.21734449923912e-4,51.092282146648714,0.025422415114066167,1.9699883246670158,0.961,0.961,0.039,NA,NA,5.574801888402163e-4,3.942966083830202e-4,1.8656032769223806e-5,3.6759753334827607,1.6555378410934677e-5,1.6140568499236347,0.004328914413568374,0.004328914413568374,0.004328914413568372,1.0196998832466702,0.016140568499236348
63,1500,0.65,0.05,0.05,0,Naive,2000,0.011360907376101494,0.011360907376101492,0.024007263358618993,7.051307360314623e-4,62.94680156003434,0.02456399542296563,2.319015108178757,0.935,0.9585,0.0655,NA,NA,5.368187282361198e-4,3.7968309564567407e-4,2.119609221465234e-5,4.834721084251207,1.4223725704791859e-5,1.6192945355063213,0.005512485827646179,0.004459694496263168,0.005532167296819575,1.0231901510817876,0.016192945355063212
64,500,0.25,0.05,0.1,0,CCA,2000,4.666676294083821e-4,4.666676294083821e-4,0.08957624189572205,0.00802010893928117,4.440892098500626e-14,0.08811744423924785,-1.6285542076797888,0.9465,0.9455,0.059000000000000004,NA,NA,0.0020029856604779914,0.0014166789571649833,2.453429967344128e-4,0,2.0335940002959562e-4,1.5722548684407225,0.005031786462082825,0.005075911248239078,0.0052687284993630104,0.9837144579232021,0.015722548684407225
64,500,0.25,0.05,0.1,0,AIPW,2000,-0.0022840594852776425,-0.002284059485277642,0.05874617469037186,0.0034546044119635982,132.50189192334383,0.05615051326571734,-4.418434797389336,0.937,0.935,0.063,NA,NA,0.0013136044002574915,9.290908809801558e-4,1.1230372509723941e-4,7.539701321143616,1.413452312341289e-4,1.530683310589063,0.00543281694887652,0.005512485827646179,0.005432816948876522,0.9558156520261066,0.015306833105890628
64,500,0.25,0.05,0.1,0,FCS-MI,2000,2.7833789081550353e-4,2.783378908155035e-4,0.05554762046816092,0.003084072842586476,160.04874187056598,0.0567190507560868,2.1088757323049157,0.9570000000000001,0.9570000000000001,0.046,NA,NA,0.001242082553551665,8.785046500325293e-4,9.797952775107085e-5,7.7976334929523015,1.424795780172235e-4,1.6351304970429246,0.004536022486716746,0.004536022486716746,0.00468422885862764,1.0210887573230492,0.016351304970429244
64,500,0.25,0.05,0.1,0,IPW,2000,0.0011827764897855803,0.0011827764897855803,0.09308614697051681,0.008662097202662538,-7.399023310764219,0.08191060193738985,-12.005594169309209,0.908,0.9055,0.092,NA,NA,0.0020814695238961173,0.001472189308524631,2.685765757065818e-4,1.0593936385287355,2.5638937963084677e-4,1.418656130030367,0.006462816723379983,0.006541014829519959,0.006462816723379984,0.8799440583069079,0.014186561300303671
64,500,0.25,0.05,0.1,0,JM-MI,2000,-6.098814748250898e-4,-6.098814748250898e-4,0.056047417002980854,0.00314011425164301,155.4315101030882,0.05682621738465177,1.3895384003681954,0.9530000000000001,0.9535,0.05,NA,NA,0.0012532583438194273,8.864091034764195e-4,9.854701579464923e-5,7.6294008055135,1.428451172499325e-4,1.6236382894515942,0.004732388403332927,0.004708383480558906,0.004873397172404482,1.013895384003682,0.01623638289451594
64,500,0.25,0.05,0.1,0,Naive,2000,0.015023018606586405,0.015023018606586405,0.04302858763808432,0.0020762247125050803,333.38262297087783,0.04250635740395028,-1.2136820258348946,0.934,0.9450000000000001,0.068,NA,NA,9.621484693456366e-4,6.805118564179749e-4,6.377835472658818e-5,17.298572521457654,4.375463341196811e-5,1.565645210623279,0.005551756478809205,0.005097793640389926,0.005629209535982827,0.987863179741651,0.01565645210623279
65,500,0.5,0.05,0.1,0,CCA,2000,-2.340289212514351e-4,-2.340289212514351e-4,0.06179668434019276,0.003816975549879687,4.440892098500626e-14,0.06002182651070024,-2.8720923273518495,0.9410000000000001,0.9420000000000001,0.0605,NA,NA,0.0013818158696876776,9.773357362907959e-4,1.249017110769142e-4,0,9.522723815310789e-5,1.5438210766054876,0.005268728499363008,0.005226662414964255,0.005331029450303197,0.9712790767264815,0.015438210766054877
65,500,0.5,0.05,0.1,0,AIPW,2000,6.008375657403066e-4,6.008375657403067e-4,0.0469562845524077,0.0022041512184176036,73.19800943194723,0.04506094386076044,-4.036394083803363,0.9425,0.9415,0.0575,NA,NA,0.001049974442300069,7.426297288681418e-4,7.183612912101716e-5,4.756578607695266,7.108499101401087e-5,1.5252287295742148,0.005205465877325487,0.0052477495176503994,0.005205465877325487,0.9596360591619664,0.01525228729574215
65,500,0.5,0.05,0.1,0,FCS-MI,2000,0.0015651439780541478,0.0015651439780541478,0.04666228139149025,0.0021787294960783276,75.38740857465318,0.04606857189359052,-1.272354201712922,0.9505,0.9515,0.05,NA,NA,0.0010434003317659568,7.379799681436787e-4,7.089096119143338e-5,4.663191150178026,6.379291095061574e-5,1.5673851374947751,0.004850244839180801,0.004803527349771207,0.004873397172404482,0.9872764579828708,0.015673851374947752
65,500,0.5,0.05,0.1,0,IPW,2000,6.535154491255264e-5,6.535154491255264e-5,0.062417628430059796,0.0038940166294880152,-1.9797466268531405,0.05805385256301596,-6.991255478303748,0.9205,0.9205,0.0795,NA,NA,0.001395700601639372,9.871561798266459e-4,1.2763738936527637e-4,0.7565516866276093,1.2463716441244506e-4,1.4844566894578481,0.006048956521582876,0.006048956521582876,0.006048956521582875,0.9300874452169625,0.01484456689457848
65,500,0.5,0.05,0.1,0,JM-MI,2000,0.0011490860238063624,0.0011490860238063624,0.04661844362776688,0.002173513045322248,75.7174155921032,0.046056257204258065,-1.205931343392097,0.9525,0.9535,0.0495,NA,NA,0.0010424200895692865,7.372866588902233e-4,7.040363710452107e-5,4.656267216707865,6.331139769972652e-5,1.5683530703509136,0.00475624589355933,0.004708383480558906,0.004850244839180801,0.987940686566079,0.015683530703509137
65,500,0.5,0.05,0.1,0,Naive,2000,0.014809828284729296,0.014809828284729298,0.042552319135678994,0.0020291255277159284,110.90354463135905,0.04254472800005371,-0.01783953443542652,0.936,0.9535,0.0655,NA,NA,9.514987818764333e-4,6.729795068681516e-4,6.349220903503106e-5,7.240098240518441,4.23987482620449e-5,1.5843882833570828,0.00547284204047586,0.004708383480558906,0.005532167296819575,0.9998216046556457,0.015843882833570827
66,500,0.65,0.05,0.1,0,CCA,2000,-0.001181843265422699,-0.001181843265422699,0.05216075982930272,0.00272078124704124,0,0.05223312013898234,0.13872556672185343,0.9495,0.9490000000000001,0.052000000000000005,NA,NA,0.001166350047363612,8.249402885860383e-4,8.462297773301199e-5,6.665668500104314e-8,6.972956827509347e-5,1.5893602723037832,0.0048964145045124596,0.004919298730510272,0.004964675215963276,1.0013872556672185,0.01589360272303783
66,500,0.65,0.05,0.1,0,AIPW,2000,-0.0013213175056313471,-0.0013213175056313474,0.04402058798287991,0.0019385891402259798,40.40292001484402,0.04314752333951639,-1.9833098179039887,0.9440000000000001,0.9420000000000001,0.056,NA,NA,9.843302713922982e-4,6.96200681760841e-4,6.0277788254247606e-5,3.4612957271715605,6.368115963956482e-5,1.5569028730240422,0.005141206084179078,0.005226662414964255,0.005141206084179081,0.9801669018209601,0.015569028730240422
66,500,0.65,0.05,0.1,0,FCS-MI,2000,-5.593932746129134e-4,-5.593932746129134e-4,0.04383777396868245,0.0019211024721517101,41.57638933812555,0.043904536590509094,0.15229473529914106,0.9475,0.9480000000000001,0.0525,NA,NA,9.802424257624469e-4,6.933094154885867e-4,5.962718407823348e-5,3.402600137735259,4.93438384211608e-5,1.5879372616182494,0.004987171041783106,0.004964675215963273,0.004987171041783107,1.0015229473529914,0.015879372616182493
66,500,0.65,0.05,0.1,0,IPW,2000,-0.0011851928412417332,-0.0011851928412417332,0.05242738989329954,0.0027486615774894663,-1.014553896572301,0.051048307506516795,-2.630461652944127,0.9400000000000001,0.9395,0.06,NA,NA,0.0011723120768430324,8.291571344038344e-4,8.611849755777767e-5,0.6007815492051923,9.610575691926175e-5,1.5508048803686252,0.005310367218940699,0.005331029450303197,0.0053103672189407005,0.9736953834705587,0.015508048803686251
66,500,0.65,0.05,0.1,0,JM-MI,2000,-0.0010491283856613682,-0.0010491283856613682,0.043857713687446544,0.0019236379707346914,41.447684423121565,0.04387818599771287,0.0466789272514756,0.9500000000000001,0.9510000000000001,0.051000000000000004,NA,NA,9.806882914285345e-4,6.936247689728037e-4,5.9708726728316615e-5,3.370474053080151,4.9477398175777324e-5,1.5862891154667023,0.0048733971724044785,0.004826955562256604,0.004919298730510275,1.0004667892725148,0.015862891154667023
66,500,0.65,0.05,0.1,0,Naive,2000,0.014025678551800926,0.014025678551800926,0.04253420739941909,0.002004973878535698,50.387288685133754,0.04243411183768784,-0.23532955672901368,0.936,0.9455,0.064,NA,NA,9.510937911417565e-4,6.726930635535615e-4,6.272637681327452e-5,4.6729569269869256,4.2567161389075295e-5,1.5809831164534354,0.00547284204047586,0.005075911248239078,0.005472842040475863,0.9976467044327099,0.015809831164534355
67,800,0.25,0.05,0.1,0,CCA,2000,-0.0017086228176616779,-0.001708622817661678,0.06682440802577388,0.0044661881491741525,4.440892098500626e-14,0.06764567908619579,1.2289986319147683,0.9530000000000001,0.9545,0.048,NA,NA,0.0014942391890181296,0.0010568509090315146,1.394491968418268e-4,0,1.2746272674090956e-4,1.6122939867675279,0.004732388403332927,0.004659922209651143,0.0047799581588126895,1.0122899863191477,0.016122939867675278
67,800,0.25,0.05,0.1,0,AIPW,2000,-4.5455505739518104e-4,-4.5455505739518104e-4,0.042167981378727994,0.0017774562045301764,151.13348157990507,0.042244127274481715,0.18057752176900976,0.9500000000000001,0.9500000000000001,0.05,NA,NA,9.42904728367811e-4,6.669010735559981e-4,5.610809029119599e-5,8.854125481250213,8.054105917658735e-5,1.5958613250443099,0.0048733971724044785,0.0048733971724044785,0.004873397172404482,1.00180577521769,0.0159586132504431
67,800,0.25,0.05,0.1,0,FCS-MI,2000,0.0013667202671573207,0.0013667202671573207,0.04063222330567341,0.0016520200062653874,170.47620676844141,0.042751248728263865,5.21513530443356,0.9615,0.962,0.041,NA,NA,9.085641338843698e-4,6.426125334325418e-4,5.221144338016834e-5,9.17272372475276,8.975066811836674e-5,1.6786098490562515,0.004302194207610808,0.004275277768753747,0.004433903472111228,1.0521513530443356,0.016786098490562517
67,800,0.25,0.05,0.1,0,IPW,2000,-0.0021473269332433283,-0.002147326933243328,0.06881905557573986,0.004738305392089835,-5.712781608433604,0.06513337552474578,-5.355609751048895,0.931,0.932,0.069,NA,NA,0.0015388408641469026,0.0010883969434620174,1.4922492156489676e-4,1.0434677218838855,1.708105168483189e-4,1.5172721627278636,0.0056674068144081545,0.0056292095359828254,0.005667406814408156,0.946443902489511,0.015172721627278635
67,800,0.25,0.05,0.1,0,JM-MI,2000,6.311271450575696e-4,6.311271450575696e-4,0.041151726378686394,0.0016930161731275293,163.6902802885417,0.042823283302219406,4.061936328383919,0.9570000000000001,0.9580000000000001,0.0465,NA,NA,9.201805757421403e-4,6.508286525300231e-4,5.4537892616141046e-5,8.85962526146935,9.099780098615274e-5,1.6605641589089974,0.004536022486716746,0.004485309353879615,0.004708383480558906,1.0406193632838392,0.016605641589089976
67,800,0.25,0.05,0.1,0,Naive,2000,0.014886361477487528,0.014886361477487528,0.03311170326680732,0.0013174404588209086,307.2932357580389,0.03348484245081693,1.1269102679585474,0.929,0.9525,0.07150000000000001,NA,NA,7.404001935538302e-4,5.236729322556812e-4,3.982356914081262e-5,16.48457318096756,2.758872562949317e-5,1.601525590142315,0.005742778073371805,0.00475624589355933,0.005761412587204635,1.0112691026795855,0.01601525590142315
68,800,0.5,0.05,0.1,0,CCA,2000,-8.919137186084901e-4,-8.919137186084902e-4,0.04627925181430792,0.0021414937739993195,0,0.046871687653030576,1.2801327063362233,0.9545,0.9545,0.0465,NA,NA,0.00103483553004623,7.319222241427895e-4,6.860588837426574e-5,0,5.51641728248041e-5,1.6062090311190877,0.004659922209651143,0.004659922209651143,0.004708383480558906,1.0128013270633622,0.016062090311190876
68,800,0.5,0.05,0.1,0,AIPW,2000,-2.776076098387074e-4,-2.7760760983870745e-4,0.03533150701559447,0.001247768296284045,71.57275870287766,0.03537333002775678,0.11837313405240746,0.9475,0.9470000000000001,0.0525,NA,NA,7.900365143437996e-4,5.587798891160011e-4,4.1197126610006786e-5,5.032899443946211,4.2315736097063176e-5,1.587929485672089,0.004987171041783106,0.005009540897128196,0.004987171041783107,1.001183731340524,0.01587929485672089
68,800,0.5,0.05,0.1,0,FCS-MI,2000,5.313647259340652e-4,5.313647259340652e-4,0.03519376902802774,0.0012382644261809325,72.91835661138938,0.035807484109626524,1.743817438564288,0.9515,0.9510000000000001,0.0495,NA,NA,7.869565993109673e-4,5.566015156493493e-4,4.0724247448942594e-5,4.993166580411546,3.820225601060018e-5,1.6127704313244438,0.004803527349771207,0.004826955562256604,0.004850244839180801,1.0174381743856429,0.016127704313244437
68,800,0.5,0.05,0.1,0,IPW,2000,-4.736065791475694e-4,-4.7360657914756937e-4,0.046806893181653444,0.0021900141098858687,-2.241838126477236,0.04621053200117537,-1.2740883659243307,0.9440000000000001,0.9440000000000001,0.056,NA,NA,0.001046633949697485,7.402670531535706e-4,6.919504925823252e-5,0.7352464099510708,7.902325828733251e-5,1.5704850667623516,0.005141206084179078,0.005141206084179078,0.005141206084179081,0.9872591163407567,0.015704850667623515
68,800,0.5,0.05,0.1,0,JM-MI,2000,-1.5337978997063395e-4,-1.5337978997063397e-4,0.03526814215540201,0.0012432434555280695,72.18982836193992,0.03583142710707415,1.5971494874613246,0.9525,0.9530000000000001,0.048,NA,NA,7.886196329960485e-4,5.577777521413014e-4,4.091291165487324e-5,4.9475736004464705,3.887720287904719e-5,1.6105705349880401,0.00475624589355933,0.004732388403332927,0.0047799581588126895,1.0159714948746132,0.0161057053498804
68,800,0.5,0.05,0.1,0,Naive,2000,0.014530669574279533,0.014530669574279535,0.03356567773563407,0.0013372317527684076,90.099868837423,0.03355027861482429,-0.04587758045900836,0.925,0.9495,0.0755,NA,NA,7.5055137127729e-4,5.308526940258356e-4,4.213166215106304e-5,6.614581379312016,2.6596529823550752e-5,1.5827933129951113,0.0058896094946948715,0.0048964145045124596,0.005907611615534657,0.9995412241954099,0.01582793312995111
69,800,0.65,0.05,0.1,0,CCA,2000,-0.0010868702101787706,-0.0010868702101787706,0.04056183214158454,0.001645620882422514,0,0.04092728518042205,0.9009776421387228,0.9555,0.9550000000000001,0.0465,NA,NA,9.069901396051892e-4,6.414992730542918e-4,5.320295333130513e-5,0,4.1647837749782756e-5,1.5990834046023943,0.004610843198374891,0.00463546114210873,0.004708383480558906,1.0090097764213872,0.015990834046023944
69,800,0.65,0.05,0.1,0,AIPW,2000,-0.0010003494354701434,-0.0010003494354701434,0.034137901331629625,0.0011658143081674614,41.17620043384178,0.03396020110084763,-0.5205364824736547,0.9470000000000001,0.9485,0.053,NA,NA,7.633466798670444e-4,5.39902606257964e-4,3.722981333872134e-5,3.5013073376704456,3.946431483572793e-5,1.5775431927059564,0.005009540897128196,0.004942051699446293,0.005009540897128199,0.9947946351752635,0.015775431927059564
69,800,0.65,0.05,0.1,0,FCS-MI,2000,-4.8279609393929294e-4,-4.82796093939293e-4,0.0341554285426293,0.0011662430943495138,41.031345558918495,0.034372631873152766,0.6359262342511052,0.9520000000000001,0.9510000000000001,0.0485,NA,NA,7.637386002195568e-4,5.40179805105287e-4,3.742241825463382e-5,3.458265017992273,3.0295708400516806e-5,1.5940613547967823,0.004779958158812687,0.004826955562256604,0.004803527349771208,1.006359262342511,0.015940613547967823
69,800,0.65,0.05,0.1,0,IPW,2000,-0.0010296280094647876,-0.0010296280094647876,0.04064368198820504,0.0016521430649534383,-0.402362317581173,0.040368868611780746,-0.676152757282289,0.9485,0.9490000000000001,0.051500000000000004,NA,NA,9.088203578151028e-4,6.427937564228777e-4,5.2745213777829034e-5,0.542653637944044,5.948759470790179e-5,1.577644687240184,0.004942051699446293,0.004919298730510272,0.004942051699446294,0.9932384724271771,0.015776446872401838
69,800,0.65,0.05,0.1,0,JM-MI,2000,-9.499102002480525e-4,-9.499102002480525e-4,0.03413837787084788,0.0011657484586195049,41.1722590909408,0.034370711420399595,0.6805641159362663,0.9525,0.9510000000000001,0.0475,NA,NA,7.633573356079039e-4,5.399101428889777e-4,3.7173881681811366e-5,3.4427317330545306,3.052149074078077e-5,1.594805629634885,0.00475624589355933,0.004826955562256604,0.004756245893559331,1.0068056411593627,0.01594805629634885
69,800,0.65,0.05,0.1,0,Naive,2000,0.014236900553238403,0.014236900553238403,0.03317384399954451,0.0013026430111060625,49.50080488140309,0.03349892413271848,0.97992904644523815,0.9285,0.9545,0.07200000000000001,NA,NA,7.417897025795504e-4,5.246557092352522e-4,4.151967713957028e-5,4.5147024145055195,2.6469629084150468e-5,1.599024178325902,0.005761412587204635,0.004659922209651143,0.005779965397820302,1.0097992904644524,0.01599024178325902
70,1500,0.25,0.05,0.1,0,CCA,2000,-9.583139286938731e-4,-9.583139286938731e-4,0.04802471898731963,0.0023061388125800416,0,0.04855378987411122,1.10166368059601,0.9515,0.9515,0.049,NA,NA,0.0010738653625597156,7.595273855348755e-4,7.37979478319528e-5,0,6.176878263680738e-5,1.6041220992734968,0.004803527349771207,0.004803527349771207,0.0048269555622566076,1.01101663680596,0.01604122099273497
70,1500,0.25,0.05,0.1,0,AIPW,2000,-2.3927562711380902e-4,-2.3927562711380902e-4,0.02961083458776377,8.764203770471463e-4,163.04398066065744,0.029813155320516482,0.6832658909124989,0.9500000000000001,0.9505,0.05,NA,NA,6.621183900874176e-4,4.683054945909869e-4,2.7230684961490327e-5,9.317151103888065,3.931544920917325e-5,1.5978662899114302,0.0048733971724044785,0.004850244839180801,0.004873397172404482,1.006832658909125,0.0159786628991143
70,1500,0.25,0.05,0.1,0,FCS-MI,2000,0.001193636795043367,0.001193636795043367,0.02883150096679844,8.322645890729817e-4,177.45666381667823,0.03005651875067282,4.248886609424463,0.9565,0.9590000000000001,0.045,NA,NA,6.446919605511222e-4,4.5598006635167717e-4,2.616071225124883e-5,9.585590095989422,5.395498403467814e-5,1.6593184611132221,0.004561126505590477,0.004433903472111224,0.004635461142108733,1.0424888660942446,0.01659318461113222
70,1500,0.25,0.05,0.1,0,IPW,2000,-8.494149431672177e-4,-8.494149431672177e-4,0.04887145324861179,0.002387946238905609,-3.435130552508636,0.048040608240983884,-1.7000620042979975,0.9425,0.9440000000000001,0.0575,NA,NA,0.0010927989162309892,7.72918777994493e-4,7.660922510175229e-5,0.9488560784145388,8.971562044478244e-5,1.5654480459256581,0.005205465877325487,0.005141206084179078,0.005205465877325487,0.98299937995702,0.015654480459256583
70,1500,0.25,0.05,0.1,0,JM-MI,2000,3.495185174951881e-4,3.495185174951881e-4,0.029112624289967637,8.472432837963613e-4,172.12406714108832,0.030102209138693055,3.399160580196936,0.9580000000000001,0.9575,0.044,NA,NA,6.509780691577919e-4,4.604261280291219e-4,2.64836942190046e-5,9.400376895288233,5.162747976800731e-5,1.6448805842147711,0.004485309353879615,0.004510751046111944,0.0045860658521220555,1.0339916058019694,0.01644880584214771
70,1500,0.25,0.05,0.1,0,Naive,2000,0.015248981948281852,0.015248981948281854,0.024229300690125695,8.19296932885585e-4,292.86913017802465,0.024426627091664477,0.8144122856141633,0.8975,0.9495,0.10250000000000001,NA,NA,0.00054178363390403625,3.831946921202928e-4,2.4191432248189186e-5,15.844381272675152,1.4397463470173824e-5,1.5955213721068724,0.006782099601155973,0.0048964145045124596,0.006782099601155972,1.0081441228561416,0.015955213721068725
71,1500,0.5,0.05,0.1,0,CCA,2000,1.277277435803599e-4,1.2772774358035992e-4,0.03321730166881727,0.0011028537499686124,4.440892098500626e-14,0.03392591311956994,2.1332601239488325,0.9530000000000001,0.9535,0.047,NA,NA,7.427614456059263e-4,5.253430071647391e-4,3.4315685455634574e-5,9.426678795130652e-8,2.9669052782428334e-5,1.6177400830041229,0.004732388403332927,0.004708383480558906,0.00473238840333293,1.0213326012394883,0.016177400830041228
71,1500,0.5,0.05,0.1,0,AIPW,2000,4.4910285975980133e-4,4.491028597598014e-4,0.02594302486518183,6.729057122645095e-4,63.94096134859666,0.02563931159776332,-1.1706933520544305,0.9520000000000001,0.9520000000000001,0.048,NA,NA,5.80103671405139e-4,4.102978271235809e-4,2.0672321846338254e-5,4.84208617375954,2.3006594820131135e-5,1.565533084699982,0.004779958158812687,0.004779958158812687,0.0047799581588126895,0.9882930664794557,0.01565533084699982
71,1500,0.5,0.05,0.1,0,FCS-MI,2000,0.0010543054489845225,0.0010543054489845225,0.025840069102467975,6.684868766144683e-4,65.24995877181567,0.025827279691108377,-0.049494493644275384,0.9540000000000001,0.9550000000000001,0.047,NA,NA,5.778015105641038e-4,4.086695464604405e-4,2.0919419732845185e-5,4.832383534153028,2.150458524859656e-5,1.5829406662267236,0.004684228858627636,0.00463546114210873,0.00473238840333293,0.9995050550635572,0.015829406662267235
71,1500,0.5,0.05,0.1,0,IPW,2000,4.187049253133813e-4,4.1870492531338136e-4,0.03353787718188514,0.00112440212507876,-1.902585444310112,0.03383567066846916,0.8879318299396477,0.9525,0.9515,0.0475,NA,NA,7.499297319973426e-4,5.304130187429689e-4,3.506351571299133e-5,0.685759225535245,4.279051034280437e-5,1.600670323084746,0.00475624589355933,0.004803527349771207,0.004756245893559331,1.0088793182993965,0.01600670323084746
71,1500,0.5,0.05,0.1,0,JM-MI,2000,5.814405349622555e-4,5.814405349622556e-4,0.025842188154375518,6.678228523575405e-4,65.22285898589868,0.025822223039977873,-0.07725783234134864,0.9555,0.9545,0.0445,NA,NA,5.778488940052349e-4,4.0870305999241084e-4,2.0530131816468722e-5,4.83038816115203,2.1710054270071266e-5,1.5825438367166706,0.004610843198374891,0.004659922209651143,0.004610843198374892,0.9992274216765865,0.015825438367166707
71,1500,0.5,0.05,0.1,0,Naive,2000,0.015370254497157012,0.015370254497157012,0.024574480283321168,8.398478519621186e-4,82.70903234879485,0.024412712758286773,-0.6582744504435634,0.9005,0.9530000000000001,0.0995,NA,NA,5.495020842523442e-4,3.886538256558575e-4,2.5713935209322323e-5,6.275017526720776,1.3957349360261263e-5,1.5721496816613105,0.006693270874542581,0.004732388403332927,0.006693270874542581,0.9934172554955644,0.015721496816613105
72,1500,0.65,0.05,0.1,0,CCA,2000,-9.647671041221753e-6,-9.647671041221744e-6,0.029690899428427342,8.811088271921092e-4,0,0.029641241181953742,-0.16725073146842684,0.9490000000000001,0.9490000000000001,0.052000000000000005,NA,NA,6.639086943507319e-4,4.695717474787659e-4,2.921476250553946e-5,0,2.2633740302896115e-5,1.580728345977052,0.004919298730510272,0.004919298730510272,0.004964675215963276,0.9983274926853157,0.01580728345977052
72,1500,0.65,0.05,0.1,0,AIPW,2000,2.4972974544012726e-5,2.4972974544012723e-5,0.025077662811547063,6.285753511530631e-4,40.17565383417334,0.024726697446835397,-1.3995138516260108,0.9480000000000001,0.9480000000000001,0.052000000000000005,NA,NA,5.607535876343773e-4,3.966118297456087e-4,2.0847506563846644e-5,3.3561280487939604,2.1240871383449033e-5,1.5616990694588464,0.004964675215963273,0.004964675215963273,0.004964675215963276,0.9860048614837399,0.015616990694588464
72,1500,0.65,0.05,0.1,0,FCS-MI,2000,4.5548058466187596e-4,4.5548058466187596e-4,0.025108770631691757,6.30342600016593e-4,39.82853545910194,0.024893269038390408,-0.8582721809141325,0.9515,0.9505,0.0485,NA,NA,5.614491796391312e-4,3.97103810579696e-4,2.085871261639171e-5,3.3250494749520567,1.705871155578308e-5,1.5694315980398632,0.004803527349771207,0.004850244839180801,0.004803527349771208,0.9914172781908587,0.01569431598039863
72,1500,0.65,0.05,0.1,0,IPW,2000,2.6833314854938963e-4,2.6833314854938963e-4,0.02971011971901956,8.823218707902262e-4,-0.12934362909066133,0.029530648514507006,-0.604074322856607,0.9485,0.9485,0.051500000000000004,NA,NA,6.643384731138469e-4,4.698757229599464e-4,2.9281424963784292e-5,0.48970801729570035,3.207434597522224e-5,1.5756833201010074,0.004942051699446293,0.004942051699446293,0.004942051699446294,0.9939592567714339,0.015756833201010075
72,1500,0.65,0.05,0.1,0,JM-MI,2000,1.4780860626196444e-4,1.4780860626196444e-4,0.025118622678870828,6.306515800649274e-4,39.718869639861445,0.024891708364058227,-0.9033708484481373,0.9520000000000001,0.9505,0.0485,NA,NA,5.616694781112305e-4,3.972596240814483e-4,2.09437874763052e-5,3.3188144428110182,1.7192948474680754e-5,1.5687410887507305,0.004779958158812687,0.004850244839180801,0.004803527349771208,0.9909662915155186,0.015687410887507306
72,1500,0.65,0.05,0.1,0,Naive,2000,0.015560440166695255,0.015560440166695255,0.024707173786783204,8.52266512493345e-4,44.411097245739285,0.0244138283086126,-1.18728868263972,0.9035,0.9510000000000001,0.097,NA,NA,5.524692011914814e-4,3.9075241887799784e-4,2.626578784734819e-5,4.284052493043771,1.4021314216095255e-5,1.563786955867277,0.006602565789145914,0.004826955562256604,0.006617816860566633,0.9881271131736028,0.01563786955867277
73,500,0.25,0.1,0,0,CCA,2000,-8.122311051349584e-4,-8.122311051349584e-4,0.09796575939200082,0.009593151087612918,0,0.09685555040033161,-1.133262273022162,0.9490000000000001,0.9485,0.053,NA,NA,0.002190580974679023,0.0015493620508761654,3.0567176134256433e-4,0,2.3301212233583346e-4,1.5815983350949463,0.004919298730510272,0.004942051699446293,0.005009540897128199,0.9886673772697784,0.015815983350949463
73,500,0.25,0.1,0,0,AIPW,2000,-0.0014026503855988138,-0.0014026503855988138,0.061965157232271535,0.003839728298568944,149.95021034448123,0.06002755584890902,-3.1269207888871553,0.9440000000000001,0.9440000000000001,0.056,NA,NA,0.0013855830380782187,9.800001928030322e-4,1.2348956129924779e-4,8.499940616181524,1.689126942079545e-4,1.5561423328812733,0.005141206084179078,0.005141206084179078,0.005141206084179081,0.9687307921111284,0.015561423328812734
73,500,0.25,0.1,0,0,FCS-MI,2000,-0.0013646541899780527,-0.0013646541899780527,0.05803178514945427,0.00336786652464683,184.98155896612624,0.06038422139189879,4.053703046332435,0.9615,0.9625,0.0415,NA,NA,0.0012976301644984257,9.177925656186466e-4,1.0685799367353329e-4,8.994905339376103,1.5787316052664278e-4,1.667979732749227,0.004302194207610808,0.004248161366991606,0.004459694496263169,1.0405370304633244,0.01667979732749227
73,500,0.25,0.1,0,0,IPW,2000,-0.0013002873119536923,-0.0013002873119536923,0.10056382284475285,0.010109716671011886,-5.100249638790477,0.08961039419814687,-10.892016966693408,0.9145,0.915,0.0855,NA,NA,0.0022486754395811366,0.0015904513145581346,3.23182137132647e-4,1.1117953788644988,2.980209366119958e-4,1.4400953219214374,0.006252589463574273,0.006235984284778145,0.006252589463574272,0.8910798303330659,0.014400953219214373
73,500,0.25,0.1,0,0,JM-MI,2000,-0.0010814608817554434,-0.0010814608817554434,0.058488194548852554,0.003420328024772401,180.5512368160695,0.060662781636626965,3.7179931857155735,0.9580000000000001,0.9575,0.044,NA,NA,0.0013078357889246698,9.250108366500721e-4,1.0939047136288428e-4,8.81150203979457,1.586990104275987e-4,1.6626255210181942,0.004485309353879615,0.004510751046111944,0.0045860658521220555,1.0371799318571557,0.01662625521018194
73,500,0.25,0.1,0,0,Naive,2000,-0.0013477783084465242,-0.0013477783084465242,0.043359986678169704,0.0018809649068774077,410.4701345379676,0.04326981051129506,-0.2079709284598219,0.9500000000000001,0.9495,0.05,NA,NA,9.695587771587276e-4,6.857530457844608e-4,5.997884588294318e-5,20.80448833829954,4.420935307496258e-5,1.5815351108550966,0.0048733971724044785,0.0048964145045124596,0.004873397172404482,0.9979202907154018,0.015815351108550965
74,500,0.5,0.1,0,0,CCA,2000,-0.001456077680271191,-0.001456077680271191,0.06584819720627705,0.00433593724499008,4.440892098500626e-14,0.06629798134603339,0.6830621927998104,0.9500000000000001,0.9495,0.0525,NA,NA,0.0014724104514904723,0.0010414118004412267,1.4087340288382127e-4,0,1.0031717201438552e-4,1.5996083462731674,0.0048733971724044785,0.0048964145045124596,0.004987171041783107,1.006830621927998,0.015996083462731674
74,500,0.5,0.1,0,0,AIPW,2000,-3.237925456902217e-4,-3.237925456902217e-4,0.049664658416838564,0.002465449848126068,75.78947657748442,0.04898378343064344,-1.3709446674947334,0.9425,0.9425,0.0575,NA,NA,0.0011105355229935811,7.854635895065625e-4,8.171394954979475e-5,5.0073139594432945,8.335316848277283e-5,1.5688552433413314,0.005205465877325487,0.005205465877325487,0.005205465877325487,0.9862905533250527,0.015688552433413314
74,500,0.5,0.1,0,0,FCS-MI,2000,-1.6184066301160518e-4,-1.6184066301160515e-4,0.04923747068248108,0.002423142547348783,78.85303253920975,0.04982654374779657,1.196391807195507,0.9515,0.9520000000000001,0.0485,NA,NA,0.0011009833148618064,7.787074691200012e-4,8.009183480922636e-5,4.9065264316343304,6.934171209177343e-5,1.6066398413094678,0.004803527349771207,0.004779958158812687,0.004803527349771208,1.011963918071955,0.01606639841309468
74,500,0.5,0.1,0,0,IPW,2000,-8.182066436591343e-4,-8.182066436591344e-4,0.06689022651234287,0.00447273471378283,-3.091371907875118,0.06428709848120312,-3.891641824025538,0.9355,0.9365,0.0645,NA,NA,0.0014957109351195735,0.0010578918509480473,1.457758597582137e-4,0.7750167673242728,1.42617144584779e-4,1.5348674619091411,0.005492711079239468,0.005452877680637995,0.005492711079239468,0.9610835817597446,0.015348674619091411
74,500,0.5,0.1,0,0,JM-MI,2000,-1.2316864283939483e-4,-1.2316864283939486e-4,0.049350185023531425,0.002434238211990436,78.03697561549352,0.04987807595704631,1.0696837980712193,0.9540000000000001,0.9545,0.0475,NA,NA,0.0011035036841480833,7.804900850431232e-4,8.042710769278151e-5,4.923194000016282,7.006868904174293e-5,1.6047450999977595,0.004684228858627636,0.004659922209651143,0.004756245893559331,1.0106968379807122,0.016047450999977595
74,500,0.5,0.1,0,0,Naive,2000,-2.660696666168665e-4,-2.660696666168665e-4,0.042587595292508953,0.0018128672142296253,139.06805155764874,0.04334630813428781,1.7815348262039787,0.9550000000000001,0.9545,0.0455,NA,NA,9.522875807230007e-4,6.735374113751171e-4,5.721405911551387e-5,8.087552379908935,4.3908178467241575e-5,1.6130082389228646,0.00463546114210873,0.004659922209651143,0.004659922209651144,1.0178153482620398,0.016130082389228646
75,500,0.65,0.1,0,0,CCA,2000,-0.0023463068829012424,-0.002346306882901243,0.05707167872786316,0.0032610530805487698,0,0.05761470028782283,0.9514729057629179,0.9465,0.9455,0.054,NA,NA,0.0012761615322553074,9.026081535991014e-4,1.0076797805315735e-4,0,7.652874464828881e-5,1.6022032521154062,0.005031786462082825,0.005075911248239078,0.005053909377897471,1.0095147290576292,0.016022032521154063
75,500,0.65,0.1,0,0,AIPW,2000,-0.0015538821543517867,-0.0015538821543517867,0.04743092208407096,0.00225098207330995,44.78319598805063,0.04707982690287622,-0.7402242372021028,0.9430000000000001,0.9450000000000001,0.057,NA,NA,0.0010605876601547865,7.501362840568585e-4,7.078605350198391e-5,3.4126578023910974,7.101915964885484e-5,1.5769519819413838,0.005184158562389848,0.005097793640389926,0.00518415856238985,0.992597757627979,0.015769519819413838
75,500,0.65,0.1,0,0,FCS-MI,2000,-0.0015403446513001452,-0.0015403446513001452,0.04713050634620324,0.0022225466477800685,46.634810825211304,0.04790119693485662,1.6352266258125248,0.9525,0.9525,0.049,NA,NA,0.001053870160040957,7.453851062307801e-4,7.016476482705701e-5,3.351569526690469,5.6013300214766974e-5,1.6117835919268544,0.00475624589355933,0.00475624589355933,0.0048269555622566076,1.0163522662581252,0.016117835919268544
75,500,0.65,0.1,0,0,IPW,2000,-0.001945982991009435,-0.001945982991009435,0.057652448830427264,0.00332592980351826,-2.0045804796699707,0.05627815958026741,-2.3837482674882393,0.9365,0.9365,0.0635,NA,NA,0.0012891479465416363,9.117932317609081e-4,1.0295417754497384e-4,0.6060182784713578,1.044381706614334e-4,1.5544261522700893,0.005452877680637995,0.005452877680637995,0.005452877680637995,0.9761625173251176,0.015544261522700893
75,500,0.65,0.1,0,0,JM-MI,2000,-0.0015262665081919545,-0.0015262665081919547,0.047246313063878616,0.0022334274805349908,45.91685069747717,0.047876967254164,1.3348220197261007,0.9510000000000001,0.9525,0.049,NA,NA,0.0010564596769706896,7.472166291497706e-4,7.06129665099331e-5,3.3462242074408164,5.585630155409865e-5,1.6069995638213175,0.004826955562256604,0.00475624589355933,0.0048269555622566076,1.013348220197261,0.016069995638213173
75,500,0.65,0.1,0,0,Naive,2000,-8.747881522035791e-4,-8.747881522035791e-4,0.04255330203530594,0.0018106433766621546,79.8766383413302,0.04328963729767944,1.7303833713364414,0.9570000000000001,0.9575,0.043000000000000003,NA,NA,9.515207601802424e-4,6.729950517625234e-4,5.742755096645226e-5,5.1727554977347925,4.3871339822169076e-5,1.6122006935059117,0.004536022486716746,0.004510751046111944,0.004536022486716749,1.0173038337133644,0.016122006935059118
76,800,0.25,0.1,0,0,CCA,2000,-0.00337537569870853,-0.00337537569870853,0.07560951276255021,0.0057253331820875785,0,0.07490724400537072,-0.9288100551380962,0.9470000000000001,0.9490000000000001,0.053,NA,NA,0.0016906801028270019,0.001195790350491559,1.8931757272852893e-4,0,1.3503127780869554e-4,1.5769899100247666,0.005009540897128196,0.004919298730510272,0.005009540897128199,0.990711899448619,0.015769899100247665
76,800,0.25,0.1,0,0,AIPW,2000,-0.0010706568361635437,-0.001070656836163544,0.04576664811354556,0.002094685092570153,172.93213088768752,0.04508573940791142,-1.4877836452974025,0.9495,0.9495,0.0505,NA,NA,0.001023373362842004,7.238152209813898e-4,6.586561038590006e-5,9.302596988154328,9.538205648218605e-5,1.5718818066712636,0.0048964145045124596,0.0048964145045124596,0.00489641450451246,0.985122163547026,0.015718818066712638
76,800,0.25,0.1,0,0,FCS-MI,2000,-0.001248400472217023,-0.001248400472217023,0.04394703166507404,0.0019319344251139666,196.00141390648514,0.04537987339772698,3.2603834169570467,0.9585,0.9585,0.0455,NA,NA,9.826855021244133e-4,6.950373633920774e-4,6.05055779510514e-5,9.625302147173391,9.994988552893038e-5,1.6488589380525056,0.004459694496263168,0.004459694496263168,0.004659922209651144,1.0326038341695705,0.016488589380525057
76,800,0.25,0.1,0,0,IPW,2000,-0.003770045932485334,-0.003770045932485334,0.07806423686154586,0.006105191310570197,-6.190106732952438,0.07224861804722245,-7.449786288999338,0.9295,0.926,0.07050000000000001,NA,NA,0.001745569402340614,0.001234612653181386,2.010146940657123e-4,1.061154158815702,1.8672145975087926e-4,1.483127897704048,0.005724061058374553,0.005853375094763702,0.005724061058374553,0.9255021371100066,0.014831278977040481
76,800,0.25,0.1,0,0,JM-MI,2000,-0.0011889387039420664,-0.0011889387039420664,0.044067954343119047,0.001942427182928963,194.37918406911416,0.04563992874506761,3.567159913321505,0.9575,0.9570000000000001,0.0455,NA,NA,9.85389415405713e-4,6.969497969771995e-4,5.9876284711991105e-5,9.51908516379898,1.005232854770217e-4,1.6537577319351628,0.004510751046111944,0.004536022486716746,0.004659922209651144,1.035671599133215,0.01653757731935163
76,800,0.25,0.1,0,0,Naive,2000,1.1542252803854322e-4,1.1542252803854322e-4,0.03371813961668092,0.0011363578051003613,402.83519722826827,0.03416129459317378,1.3142924892381114,0.9585,0.9595,0.042,NA,NA,7.539605225772725e-4,5.332639309127359e-4,3.6091800061422966e-5,19.651304757114783,2.692050109709089e-5,1.6043081303726785,0.004459694496263168,0.004407933189148855,0.004485309353879618,1.0131429248923811,0.016043081303726784
77,800,0.5,0.1,0,0,CCA,2000,2.2905908538905207e-4,2.290590853890521e-4,0.05301829905655529,0.002809587032897506,0,0.051686507793544764,-2.511946416066446,0.9470000000000001,0.9475,0.053,NA,NA,0.0011855252074187061,8.385025652844345e-4,9.288691284228904e-5,0,6.293465793135418e-5,1.5463697130970862,0.005009540897128196,0.004987171041783106,0.005009540897128199,0.9748805358393355,0.015463697130970861
77,800,0.5,0.1,0,0,AIPW,2000,5.699644416243536e-4,5.699644416243536e-4,0.03930454152405255,0.00154439942038848,81.95588710120742,0.038237927427321176,-2.7137171822209316,0.9425,0.9420000000000001,0.0575,NA,NA,8.788762667224471e-4,6.21614791151467e-4,4.8306875638297e-5,5.236100007473425,4.998783965078849e-5,1.5438632832841417,0.005205465877325487,0.005226662414964255,0.005205465877325487,0.9728628281777907,0.015438632832841416
77,800,0.5,0.1,0,0,FCS-MI,2000,5.745416380500465e-4,5.745416380500465e-4,0.03916417399291601,0.0015333957063789782,83.26251333598367,0.03870758574613164,-1.1658314225316158,0.9465,0.9465,0.0545,NA,NA,8.757375533078956e-4,6.193948305522958e-4,4.774900717563894e-5,5.185948201757617,4.3396170934557086e-5,1.567018754451005,0.005031786462082825,0.005031786462082825,0.005075911248239078,0.9883416857746838,0.01567018754451005
77,800,0.5,0.1,0,0,IPW,2000,5.424651690216594e-4,5.424651690216593e-4,0.053979562705026296,0.002912630561690555,-3.5298714862354585,0.050827404731767493,-5.839539661489868,0.933,0.9325,0.067,NA,NA,0.0012070197160415123,8.537052792435869e-4,9.547345694782317e-5,0.6774963410926812,8.931916119573306e-5,1.4983446595062695,0.0055906618570612885,0.005609979946488223,0.005590661857061291,0.9416046033851013,0.014983446595062695
77,800,0.5,0.1,0,0,JM-MI,2000,4.93821862580064e-4,4.938218625800641e-4,0.03911117959898308,0.001529163387471061,83.75947945009285,0.03874357177898154,-0.9399047120815962,0.9475,0.9475,0.0535,NA,NA,0.00087455256263529145,6.185567060547321e-4,4.8246835094861276e-5,5.203341055354399,4.2632875466681145e-5,1.5704568723370766,0.004987171041783106,0.004987171041783106,0.005031786462082826,0.990600952879184,0.015704568723370768
77,800,0.5,0.1,0,0,Naive,2000,4.703196895621588e-4,4.703196895621588e-4,0.03397837073075602,0.001154173613288329,143.47057417323765,0.03414659862033335,0.49510287267851005,0.9520000000000001,0.9515,0.0485,NA,NA,7.597794671865967e-4,5.37379575145042e-4,3.5768815511777696e-5,8.206024665032869,2.7047169107788933e-5,1.5913565929539883,0.004779958158812687,0.004803527349771207,0.004803527349771208,1.004951028726785,0.015913565929539884
78,800,0.65,0.1,0,0,CCA,2000,2.4094294727109385e-4,2.4094294727109383e-4,0.04444002586091065,0.0019739864940729883,0,0.04511588129040186,1.5208259140228941,0.9475,0.9470000000000001,0.0535,NA,NA,9.937091874684483e-4,7.028342355142551e-4,6.509112064391224e-5,9.426678795130648e-8,4.549785618053611e-5,1.608847480300249,0.004987171041783106,0.005009540897128196,0.005031786462082826,1.015208259140229,0.01608847480300249
78,800,0.65,0.1,0,0,AIPW,2000,7.028880898850424e-4,7.028880898850424e-4,0.0367722804567933,0.0013520185613549683,46.05198991357793,0.037076198395846784,0.8264865145107825,0.9500000000000001,0.9485,0.05,NA,NA,8.222531878907684e-4,5.815662147419933e-4,4.1646885369586646e-5,3.664176294945176,4.4454244609270175e-5,1.5991813610139887,0.0048733971724044785,0.004942051699446293,0.004873397172404482,1.0082648651451078,0.015991813610139887
78,800,0.65,0.1,0,0,FCS-MI,2000,6.111254631902168e-4,6.111254631902168e-4,0.03662644038462841,0.001341198861512874,47.217412456594275,0.03742600424041584,2.1830236501033218,0.9545,0.9555,0.047,NA,NA,8.189921047387267e-4,5.792597040313974e-4,4.1318961575767646e-5,3.641672209302199,3.362013515551401e-5,1.6186643174314959,0.004659922209651143,0.004610843198374891,0.00473238840333293,1.0218302365010332,0.01618664317431496
78,800,0.65,0.1,0,0,IPW,2000,7.919160663057258e-4,7.919160663057259e-4,0.04481109642861798,0.0020076574770094054,-1.6492977024949007,0.04458143498466409,-0.5125102089830191,0.9460000000000001,0.9450000000000001,0.054,NA,NA,0.0010020065776068787,7.087028436827715e-4,6.60199251035125e-5,0.5292460158237764,6.501250383590509e-5,1.5801033407867,0.005053909377897468,0.005097793640389926,0.005053909377897471,0.9948748979101698,0.015801033407867
78,800,0.65,0.1,0,0,JM-MI,2000,6.797644330190373e-4,6.797644330190373e-4,0.03673056024723385,0.0013489215687320353,46.38396307799015,0.03745199954840551,1.9641391155366117,0.9515,0.9500000000000001,0.0485,NA,NA,8.213202956446636e-4,5.809063953331796e-4,4.154628651808825e-5,3.6218075768095703,3.4112066821227196e-5,1.6152698502503318,0.004803527349771207,0.0048733971724044785,0.004803527349771208,1.0196413911553661,0.016152698502503317
78,800,0.65,0.1,0,0,Naive,2000,5.126459451656859e-4,5.12645945165686e-4,0.03367571312183055,0.0011337494333017932,74.14660153803936,0.03412329791002979,1.3291026282947316,0.9595,0.96,0.041,NA,NA,7.530118373119477e-4,5.325929413600511e-4,3.425038090413299e-5,5.139563183643576,2.6496520536038015e-5,1.6044848431993883,0.004407933189148855,0.004381780460041331,0.004433903472111228,1.0132910262829473,0.016044848431993882
79,1500,0.25,0.1,0,0,CCA,2000,2.3205555724608342e-4,2.3205555724608342e-4,0.05252790081029349,0.0027578546231359128,0,0.0534590149839732,1.7726087647067068,0.9535,0.9535,0.0475,NA,NA,0.0011745595692718254,8.307467489942347e-4,8.762575306190937e-5,6.665668500104314e-8,7.000843326606873e-5,1.6150772444913188,0.004708383480558906,0.004708383480558906,0.004756245893559331,1.017726087647067,0.016150772444913187
79,1500,0.25,0.1,0,0,AIPW,2000,4.7913425311239556e-4,4.7913425311239556e-4,0.031955616774790065,0.0010208804323680212,170.2002098898829,0.031445172597426,-1.5973535449541276,0.9465,0.9465,0.0535,NA,NA,7.145493137136318e-4,5.053890282735278e-4,3.189893480362064e-5,9.755993908539098,4.5922584659524765e-5,1.5628925150273025,0.005031786462082825,0.005031786462082825,0.005031786462082826,0.9840264645504587,0.015628925150273025
79,1500,0.25,0.1,0,0,FCS-MI,2000,2.8059923474853965e-4,2.8059923474853965e-4,0.03141162916922976,9.862758377722147e-4,179.6399186536048,0.031728810067710965,1.009756280937868,0.9530000000000001,0.9520000000000001,0.0485,NA,NA,7.023853810641298e-4,4.967856779046544e-4,3.134116694923099e-5,9.863487258610704,5.5433925609817684e-5,1.6072219620473973,0.004732388403332927,0.004779958158812687,0.004803527349771208,1.0100975628093787,0.016072219620473973
79,1500,0.25,0.1,0,0,IPW,2000,7.746253734452619e-4,7.746253734452619e-4,0.05377664273768919,0.002891081384954176,-4.59025855909746,0.05290594967472051,-1.6190915212311197,0.9455,0.9445,0.0545,NA,NA,0.0012024822876319343,8.504960304335091e-4,9.225691319670321e-5,0.9660059669735758,1.0014495861630047e-4,1.567032412844585,0.005075911248239078,0.005119558086397692,0.005075911248239078,0.9838090847876888,0.01567032412844585
79,1500,0.25,0.1,0,0,JM-MI,2000,4.726999976345841e-4,4.726999976345841e-4,0.03159505284579476,9.979716859341633e-4,176.40246918076247,0.03176358348712063,0.5334083223358155,0.9540000000000001,0.9510000000000001,0.05,NA,NA,7.064868591589527e-4,4.996865861961406e-4,3.1501950126157745e-5,9.727682003472179,5.379018943363777e-5,1.5990591591045005,0.004684228858627636,0.004826955562256604,0.004873397172404482,1.0053340832233582,0.015990591591045003
79,1500,0.25,0.1,0,0,Naive,2000,-1.2614446638600899e-4,-1.2614446638600899e-4,0.024856938108420566,6.175743508661874e-4,346.56515103601004,0.024869753381547108,0.05155612115477215,0.9580000000000001,0.9580000000000001,0.042,NA,NA,5.558180332293342e-4,3.9312099293856997e-4,1.912793930896962e-5,17.65138145907015,1.4389656892048258e-5,1.583408231130094,0.004485309353879615,0.004485309353879615,0.004485309353879618,1.0005155612115477,0.015834082311300943
80,1500,0.5,0.1,0,0,CCA,2000,-0.001746469563551301,-0.001746469563551301,0.036847270506413864,0.001360092639037362,0,0.037418968371912234,1.5515338250057242,0.9560000000000001,0.9525,0.0445,NA,NA,8.239300163766451e-4,5.827522080706472e-4,4.322357727357159e-5,0,3.225214328737915e-5,1.6084556602742262,0.004586065852122053,0.00475624589355933,0.004610843198374892,1.0155153382500572,0.016084556602742262
80,1500,0.5,0.1,0,0,AIPW,2000,-7.782066956318878e-4,-7.782066956318878e-4,0.02800232198962614,7.843435774534209e-4,73.15002359750318,0.027761823297732628,-0.8588526765123561,0.9480000000000001,0.9470000000000001,0.052000000000000005,NA,NA,6.261509549664122e-4,4.428663167253973e-4,2.547941510627228e-5,5.041443204249715,2.5436220136224406e-5,1.5705802136865643,0.004964675215963273,0.005009540897128196,0.004964675215963276,0.9914114732348764,0.01570580213686564
80,1500,0.5,0.1,0,0,FCS-MI,2000,-8.371082119935858e-4,-8.371082119935859e-4,0.027942602346942874,7.81099381565005e-4,73.89093579717303,0.027936963280012165,-0.020180893893462226,0.9510000000000001,0.9505,0.0495,NA,NA,6.248155831600944e-4,4.4192183011456933e-4,2.539438196295585e-5,5.009903725112328,2.3095314586184246e-5,1.5833738175529541,0.004826955562256604,0.004850244839180801,0.004850244839180801,0.9997981910610654,0.015833738175529542
80,1500,0.5,0.1,0,0,IPW,2000,-0.0013521931135081252,-0.0013521931135081254,0.037282824153633286,0.0013911423985985252,-2.3228363007116837,0.03726969717854632,-0.03520917576649296,0.9490000000000001,0.9505,0.051000000000000004,NA,NA,8.336692920069509e-4,5.896406382355398e-4,4.420195189552572e-5,0.649533209900113,4.563401657271804e-5,1.5857084381276694,0.004919298730510272,0.004850244839180801,0.004919298730510275,0.9996479082423351,0.015857084381276695
80,1500,0.5,0.1,0,0,JM-MI,2000,-8.942782233275058e-4,-8.942782233275058e-4,0.027942997641748454,7.81220445188874e-4,73.88601594581432,0.02796321664024332,0.07235801524978491,0.9515,0.9505,0.0485,NA,NA,6.248244222206586e-4,4.4192808183735977e-4,2.530083564132002e-5,5.016214388250823,2.376546102395067e-5,1.58496218012061,0.004803527349771207,0.004850244839180801,0.004803527349771208,1.0007235801524978,0.0158496218012061
80,1500,0.5,0.1,0,0,Naive,2000,-0.0011095942020378636,-0.0011095942020378639,0.025013407232351532,6.265889053939663e-4,117.00260024976438,0.02488555496448798,-0.5111349552498923,0.9490000000000001,0.9475,0.051000000000000004,NA,NA,5.59316789204229e-4,3.9559560574468753e-4,2.0188171806514264e-5,7.16453865841738,1.4750258758750132e-5,1.5745551217892595,0.004919298730510272,0.004987171041783106,0.004919298730510275,0.9948886504475011,0.015745551217892596
81,1500,0.65,0.1,0,0,CCA,2000,-2.3817347949598765e-4,-2.3817347949598767e-4,0.031585889558990304,9.972263116294516e-4,0,0.03273364521165741,3.63376073522812,0.9590000000000001,0.9595,0.0415,NA,NA,7.062819618370318e-4,4.995416656757034e-4,3.277294756268585e-5,0,2.4923473551845874e-5,1.6409017550266543,0.004433903472111224,0.004407933189148855,0.004459694496263169,1.0363376073522812,0.016409017550266542
81,1500,0.65,0.1,0,0,AIPW,2000,-1.1817195314121324e-5,-1.1817195314121329e-5,0.02686270547492381,7.212442826058904e-4,38.25687109652078,0.02696214721768447,0.37018513586983826,0.9510000000000001,0.9510000000000001,0.049,NA,NA,6.006683550148542e-4,4.2484289107760177e-4,2.3817282214763558e-5,3.4700166239349572,2.3092459868748393e-5,1.589714866714363,0.004826955562256604,0.004826955562256604,0.0048269555622566076,1.0037018513586984,0.015897148667143632
81,1500,0.65,0.1,0,0,FCS-MI,2000,-8.047930661751437e-6,-8.047930661751444e-6,0.02689403860486682,7.229277325930147e-4,37.93490405821913,0.027135664381204343,0.8984361920779005,0.9525,0.9525,0.048,NA,NA,6.013689850998582e-4,4.253384352633475e-4,2.3726224888874805e-5,3.454093692255802,1.7982178536939507e-5,1.59714353593439,0.00475624589355933,0.00475624589355933,0.0047799581588126895,1.008984361920779,0.0159714353593439
81,1500,0.65,0.1,0,0,IPW,2000,1.6373872615134077e-4,1.6373872615134074e-4,0.03183250215466258,0.0010128283497003263,-1.5434370604443415,0.03259820599151705,2.405415173253389,0.9535,0.9530000000000001,0.0465,NA,NA,7.117963871173406e-4,5.034419283733443e-4,3.36066516011898e-5,0.49795032910968434,3.411310695609031e-5,1.6231182905783037,0.004708383480558906,0.004732388403332927,0.004708383480558906,1.024054151732534,0.016231182905783036
81,1500,0.65,0.1,0,0,JM-MI,2000,-5.564721036129108e-6,-5.564721036129115e-6,0.02687233673547556,7.217614513500971e-4,38.157784118278634,0.027150136876580334,1.0337773891395008,0.9505,0.9505,0.0495,NA,NA,6.008837165478813e-4,4.249952127631947e-4,2.362921490883405e-5,3.4382949792975936,1.837958940950469e-5,1.5993469496599315,0.004850244839180801,0.004850244839180801,0.004850244839180801,1.010337773891395,0.015993469496599313
81,1500,0.65,0.1,0,0,Naive,2000,1.921234094952824e-4,1.921234094952824e-4,0.024787810383548416,6.141652372434215e-4,62.37153426540098,0.02487562677542274,0.35427248520751853,0.9520000000000001,0.9520000000000001,0.048,NA,NA,5.542722903098939e-4,3.920277142844256e-4,1.9692389396140323e-5,4.707197156067069,1.4549810604147476e-5,1.5882222430910407,0.004779958158812687,0.004779958158812687,0.0047799581588126895,1.0035427248520752,0.015882222430910406
82,500,0.25,0.1,0.02,0,CCA,2000,-0.004718339143144773,-0.004718339143144774,0.09406658473849366,0.008866360827451758,0,0.09543980822161587,1.4598419693239384,0.9555,0.9555,0.0445,NA,NA,0.002103392778865161,0.0014876952677534134,2.8862118932471224e-4,0,2.265072509805876e-4,1.622588772869227,0.004610843198374891,0.004610843198374891,0.004610843198374892,1.0145984196932394,0.01622588772869227
82,500,0.25,0.1,0.02,0,AIPW,2000,-0.003322319386565453,-0.0033223193865654535,0.06036532154236037,0.003653187864996449,142.8262965605858,0.0600502884069582,-0.5218776730628427,0.9435,0.9420000000000001,0.0565,NA,NA,0.0013498096245235023,9.546982432140207e-4,1.202211943876952e-4,8.33767158830429,1.6964915628372366e-4,1.598184549996675,0.005162739098579358,0.005226662414964255,0.005162739098579358,0.9947812232693716,0.01598184549996675
82,500,0.25,0.1,0.02,0,FCS-MI,2000,-0.0012526498466089897,-0.0012526498466089897,0.05642493784449509,0.0031837508555879667,177.92561426079217,0.06036504481415338,6.982917695925628,0.965,0.9645,0.038,NA,NA,0.001261699966464915,8.923797249352551e-4,1.0222923132151011e-4,8.773140018790876,1.6580908885414783e-4,1.7173001974787074,0.00410944035119139,0.0041376170678302255,0.004275277768753745,1.0698291769592563,0.017173001974787074
82,500,0.25,0.1,0.02,0,IPW,2000,-0.0051928213956375325,-0.005192821395637532,0.09804865151899879,0.009635696689708708,-7.957691488624697,0.08834128263276644,-9.900563379345773,0.914,0.9145,0.08600000000000001,NA,NA,0.002192434498986693,0.0015506730182660382,3.1234970006179127e-4,1.1177658472025644,2.9138483830203505e-4,1.455613498058983,0.006269130721240385,0.006252589463574273,0.006269130721240386,0.9009943662065423,0.01455613498058983
82,500,0.25,0.1,0.02,0,JM-MI,2000,-0.002670980109804116,-0.002670980109804116,0.05694270535495847,0.003247984592042014,172.89435966643447,0.06064433711298596,6.500625031692775,0.9615,0.962,0.0395,NA,NA,0.0012732775999642844,9.005683955163569e-4,1.0398037628485285e-4,8.65208252495467,1.6196586131340444e-4,1.7081915688489173,0.004302194207610808,0.004275277768753747,0.00435544199823623,1.0650062503169277,0.01708191568848917
82,500,0.25,0.1,0.02,0,Naive,2000,0.007453764999928786,0.007453764999928786,0.04375436581403017,0.001969045918198242,362.1978979243737,0.04297626528067728,-1.7783380443909702,0.9435,0.9515,0.0565,NA,NA,9.78377362725644e-4,6.919902869445538e-4,6.13349950390878e-5,18.448825850851858,4.287852698118448e-5,1.5564973250273633,0.005162739098579358,0.004803527349771207,0.005162739098579358,0.9822166195560903,0.015564973250273633
83,500,0.5,0.1,0.02,0,CCA,2000,-0.0036768585322989183,-0.0036768585322989183,0.06569020079140395,0.0043265641674415005,0,0.0650657506767859,-0.9505985780146387,0.9510000000000001,0.9480000000000001,0.05,NA,NA,0.0014688775442518972,0.0010389130330055623,1.338900277133672e-4,0,1.0311670372255139e-4,1.5743455335214678,0.004826955562256604,0.004964675215963273,0.004873397172404482,0.9904940142198536,0.01574345533521468
83,500,0.5,0.1,0.02,0,AIPW,2000,-0.0010173185804105585,-0.0010173185804105585,0.049182408144051594,0.002418734753306697,78.39455708489854,0.048463018231452,-1.4626976184097251,0.9485,0.9475,0.051500000000000004,NA,NA,0.0010997520790723865,7.778366362086144e-4,7.718749020563501e-5,5.061688529811949,7.916184225639071e-5,1.5666911003375246,0.004942051699446293,0.004987171041783106,0.004942051699446294,0.9853730238159027,0.015666911003375247
83,500,0.5,0.1,0.02,0,FCS-MI,2000,-2.589303665235484e-4,-2.589303665235485e-4,0.04873600209028274,0.0023740773457288796,81.67759749534905,0.049270637679947646,1.0970033788871403,0.9500000000000001,0.9500000000000001,0.0505,NA,NA,0.0010897701362544406,7.707765715157731e-4,7.666058414766473e-5,4.968866971515707,6.70253877090926e-5,1.604787537653855,0.0048733971724044785,0.0048733971724044785,0.00489641450451246,1.0109700337888714,0.01604787537653855
83,500,0.5,0.1,0.02,0,IPW,2000,-0.003239031212724127,-0.0032390312127241272,0.06649431311985639,0.004429774253639867,-2.4039658320146984,0.06311096968260924,-5.088169617074856,0.931,0.935,0.069,NA,NA,0.00148685804253155,0.0010516303449937302,1.3583734826164327e-4,0.7877662408831084,1.3983473865418453e-4,1.515722533862078,0.0056674068144081545,0.005512485827646179,0.005667406814408156,0.9491183038292514,0.015157225338620779
83,500,0.5,0.1,0.02,0,JM-MI,2000,-7.429263182698842e-4,-7.429263182698842e-4,0.04876676318521446,0.002377560032481385,81.44847262136882,0.04934101399773473,1.1775454736236757,0.9530000000000001,0.9525,0.0475,NA,NA,0.0010904579752477371,7.712630687718184e-4,7.719374202110815e-5,4.975830074985539,6.90109551624963e-5,1.6064027834201946,0.004732388403332927,0.00475624589355933,0.004756245893559331,1.0117754547362368,0.016064027834201945
83,500,0.5,0.1,0.02,0,Naive,2000,0.009524079131025046,0.009524079131025046,0.04302452094564108,0.0019408919311946343,133.11439474887572,0.0429983129974051,-0.060913980353427544,0.9385,0.9440000000000001,0.0625,NA,NA,9.6205753533817e-4,6.804475402836108e-4,6.056834279874053e-5,7.892377108094087,4.383546407995077e-5,1.5838512718311497,0.005372045699731156,0.005141206084179078,0.005412658773652742,0.9993908601964657,0.015838512718311496
84,500,0.65,0.1,0.02,0,CCA,2000,8.809913477796281e-4,8.809913477796281e-4,0.05521495187497669,0.0030479427108555768,0,0.05666774245136369,2.631154292548432,0.9545,0.9545,0.046,NA,NA,0.0012346438576682735,8.73243382248797e-4,9.552655457955881e-5,0,7.757309497532864e-5,1.629215768301463,0.004659922209651143,0.004659922209651143,0.00468422885862764,1.0263115429254843,0.01629215768301463
84,500,0.65,0.1,0.02,0,AIPW,2000,9.95918777820806e-4,9.95918777820806e-4,0.0461939151419056,0.0021338027114515224,42.87092335251217,0.046480827031549134,0.62110320972395,0.9485,0.9495,0.051500000000000004,NA,NA,0.0010329273440415777,7.3057259542977e-4,6.793749154811261e-5,3.492970132567359,7.057269013220837e-5,1.5986738160628144,0.004942051699446293,0.0048964145045124596,0.004942051699446294,1.0062110320972395,0.015986738160628143
84,500,0.65,0.1,0.02,0,FCS-MI,2000,0.001390928757017364,0.001390928757017364,0.0460510181423576,0.002121570606618873,43.75896024733086,0.04732423850854049,2.764803944718408,0.9545,0.9540000000000001,0.046,NA,NA,0.0010297320699938768,7.283126304209976e-4,6.76333244829878e-5,3.4304692832987542,5.635662016316518e-5,1.6298614988758988,0.004659922209651143,0.004684228858627636,0.00468422885862764,1.027648039447184,0.016298614988758987
84,500,0.65,0.1,0.02,0,IPW,2000,0.001571200282726037,0.0015712002827260373,0.055846510219356146,0.0031197419576572496,-2.2489758120684655,0.055320305565838966,-0.9422337249907486,0.9450000000000001,0.9435,0.055,NA,NA,0.0012487659315661705,8.832316938565322e-4,9.898528704903922e-5,0.6109367118227088,1.0350811157657929e-4,1.5775581772094904,0.005097793640389926,0.005162739098579358,0.005097793640389928,0.9905776627500925,0.015775581772094906
84,500,0.65,0.1,0.02,0,JM-MI,2000,0.0011081172569466563,0.0011081172569466565,0.04600957670856431,0.002117050632181956,44.01804806747754,0.0473259112867399,2.861001279176234,0.9540000000000001,0.9525,0.0465,NA,NA,0.0010288054113634082,7.276572199464428e-4,6.742429616339391e-5,3.4318397617200063,5.579847066235738e-5,1.6312962390102808,0.004684228858627636,0.00475624589355933,0.004708383480558906,1.0286100127917623,0.016312962390102808
84,500,0.65,0.1,0.02,0,Naive,2000,0.010552458282293897,0.010552458282293899,0.04185762645373305,0.0018625392376936363,74.00599053859426,0.04302194055354872,2.781605643842777,0.9435,0.9575,0.057,NA,NA,9.359649812734057e-4,6.619927040800305e-4,6.169491071641302e-5,5.274282968054338,4.400028476123698e-5,1.6289216586018918,0.005162739098579358,0.004510751046111944,0.00518415856238985,1.0278160564384278,0.016289216586018916
85,800,0.25,0.1,0.02,0,CCA,2000,0.0010354303206434122,0.0010354303206434124,0.07294615837474575,0.005319553566571581,0,0.07333043254433451,0.5267915105475973,0.9505,0.9515,0.05,NA,NA,0.0016311256882339709,0.0011536684883010464,1.6720196758815648e-4,0,1.329444861046505e-4,1.6002774471771068,0.004850244839180801,0.004803527349771207,0.004873397172404482,1.005267915105476,0.016002774471771068
85,800,0.25,0.1,0.02,0,AIPW,2000,4.1812372966411576e-4,4.1812372966411576e-4,0.04473075494303522,0.0020000148450082912,165.94534582446664,0.04499114499039361,0.5821275489090283,0.9500000000000001,0.9495,0.05,NA,NA,0.0010002100873751148,7.074322155608084e-4,6.443864954611642e-5,9.235835064055602,9.630938045308473e-5,1.6052458774392941,0.0048733971724044785,0.0048964145045124596,0.004873397172404482,1.0058212754890903,0.01605245877439294
85,800,0.25,0.1,0.02,0,FCS-MI,2000,0.0015316903177214256,0.0015316903177214256,0.043314527335392615,0.0018775562793787318,183.62054765136833,0.04546899946308792,4.974017403013109,0.9595,0.9615,0.0425,NA,NA,9.685422753521073e-4,6.850340907026679e-4,6.185372196721979e-5,9.433417659891392,1.0548880545441912e-4,1.6779680053950277,0.004407933189148855,0.004302194207610808,0.0045107510461119445,1.049740174030131,0.016779680053950276
85,800,0.25,0.1,0.02,0,IPW,2000,0.001058972945462432,0.001058972945462432,0.07535437556350216,0.00567656419930627,-6.289576674415431,0.07056013257136602,-6.362262252569484,0.9275,0.93,0.0725,NA,NA,0.0016849750616203985,0.001191755268270738,1.7835541805722916e-4,1.0587526775248612,1.7913926765495517e-4,1.4998727119532842,0.005798437289477226,0.005705260730238364,0.005798437289477226,0.9363773774743052,0.014998727119532842
85,800,0.25,0.1,0.02,0,JM-MI,2000,9.398548415443385e-4,9.398548415443385e-4,0.04363541555623365,0.00190398079314299,179.46448069976543,0.045534957050169224,4.353210505094429,0.9595,0.961,0.043000000000000003,NA,NA,9.757175541019026e-4,6.901090478614736e-4,6.131631797585579e-5,9.25474197253647,1.0329302480697246e-4,1.6672718977640892,0.004407933189148855,0.004328914413568374,0.004536022486716749,1.0435321050509443,0.01667271897764089
85,800,0.25,0.1,0.02,0,Naive,2000,0.010000530553518704,0.010000530553518702,0.03389296160190254,0.0012481690910768274,363.2184097004344,0.03389234179236348,-0.0018287264073935106,0.9375,0.9465,0.063,NA,NA,7.578696610064426e-4,5.360288005084216e-4,4.0071230206473767e-5,18.741388518509858,2.724239588993689e-5,1.5835465654220444,0.005412658773652742,0.005031786462082825,0.005432816948876522,0.9999817127359261,0.015835465654220445
86,800,0.5,0.1,0.02,0,CCA,2000,-8.927170665614943e-4,-8.927170665614943e-4,0.050449968425855744,0.002544723658273687,0,0.05082118576375528,0.7358128250270379,0.9490000000000001,0.9490000000000001,0.051500000000000004,NA,NA,0.0011280955886293152,7.978835363706072e-4,7.991445991340914e-5,0,6.07511492313711e-5,1.5977157866305687,0.004919298730510272,0.004919298730510272,0.004942051699446294,1.0073581282502704,0.015977157866305686
86,800,0.5,0.1,0.02,0,AIPW,2000,-6.746868956395409e-4,-6.746868956395409e-4,0.03844653161956414,0.0014778519280845062,72.18981674312394,0.037947298338823245,-1.2985131810611894,0.9435,0.9445,0.0565,NA,NA,8.59690582004405e-4,6.080450705313176e-4,4.708425188226455e-5,4.94156442234581,4.739946018102713e-5,1.5658588195087635,0.005162739098579358,0.005119558086397692,0.005162739098579358,0.9870148681893881,0.015658588195087635
86,800,0.5,0.1,0.02,0,FCS-MI,2000,2.7712551265157805e-5,2.771255126515781e-5,0.03820165765096312,0.0014586377319432459,74.4043773311675,0.03830782096327766,0.2779023708461059,0.9485,0.9485,0.051500000000000004,NA,NA,8.542150336072846e-4,6.041723048165158e-4,4.5980384039231856e-5,4.910786266728419,4.3059124043242856e-5,1.589929796354391,0.004942051699446293,0.004942051699446293,0.004942051699446294,1.002779023708461,0.01589929796354391
86,800,0.5,0.1,0.02,0,IPW,2000,-3.117418122665761e-4,-3.117418122665761e-4,0.05095689650909573,0.0025954041821452884,-1.9797382233044836,0.050064376014733736,-1.7515205114634114,0.9440000000000001,0.9430000000000001,0.056,NA,NA,0.0011394308451675979,8.05900777696249e-4,8.156514907740588e-5,0.6958097300992819,8.401591043462935e-5,1.5625563560400486,0.005141206084179078,0.005184158562389848,0.005141206084179081,0.9824847948853659,0.015625563560400485
86,800,0.5,0.1,0.02,0,JM-MI,2000,-6.506885605367307e-4,-6.506885605367307e-4,0.03822973950549705,0.0014612056217696465,74.14825214489021,0.038392199279057994,0.42495652772518433,0.9505,0.9490000000000001,0.051500000000000004,NA,NA,8.548429629640061e-4,6.046164289676797e-4,4.625590025147767e-5,4.907002280690196,4.2005574574750614e-5,1.5920512362358603,0.004850244839180801,0.004919298730510272,0.004942051699446294,1.0042495652772518,0.015920512362358603
86,800,0.5,0.1,0.02,0,Naive,2000,0.009508464070643942,0.009508464070643943,0.03390263096339801,0.0012392245810299602,121.43944941841478,0.03389478814939387,-0.023133349186410523,0.9405,0.9530000000000001,0.059500000000000004,NA,NA,7.580858745024714e-4,5.361817247734941e-4,3.91165868682917e-5,7.451324996490138,2.679103830184247e-5,1.5831418834851179,0.005289600646551685,0.004732388403332927,0.005289600646551685,0.9997686665081359,0.015831418834851178
87,800,0.65,0.1,0.02,0,CCA,2000,-0.0014291078437833797,-0.0014291078437833797,0.04389211478097889,0.0019275968303058158,4.440892098500626e-14,0.0443299316087667,0.9974840127264573,0.9475,0.9505,0.053,NA,NA,9.81457523264921e-4,6.941688340538938e-4,5.942585397084957e-5,6.665668500104317e-8,4.619677586984303e-5,1.6007736760525613,0.004987171041783106,0.004850244839180801,0.005009540897128199,1.0099748401272646,0.016007736760525613
87,800,0.65,0.1,0.02,0,AIPW,2000,-7.284621127729837e-4,-7.284621127729838e-4,0.036725304307572586,0.0013486042595453134,42.837488807142776,0.03662440899053342,-0.2747296964353718,0.9505,0.9500000000000001,0.0495,NA,NA,8.212027692609815e-4,5.808232708465897e-4,4.082759499647768e-5,3.50444130711922,4.2759051019339444e-5,1.581480936420836,0.004850244839180801,0.0048733971724044785,0.004850244839180801,0.9972527030356463,0.01581480936420836
87,800,0.65,0.1,0.02,0,FCS-MI,2000,-4.198547975288062e-4,-4.198547975288062e-4,0.036641056685757296,0.0013420720295823632,43.49508737018009,0.03697756837011617,0.9184005997558309,0.9545,0.9550000000000001,0.0455,NA,NA,8.193189351677647e-4,5.794908658417464e-4,4.0606217021407745e-5,3.4900227397527677,3.353696581073191e-5,1.598681344625259,0.004659922209651143,0.00463546114210873,0.004659922209651144,1.0091840059975583,0.01598681344625259
87,800,0.65,0.1,0.02,0,IPW,2000,-0.0010890100852001083,-0.0010890100852001083,0.04378833287425977,0.0019176453298246927,0.4745779785364501,0.043836942838178794,0.11101122314616241,0.9480000000000001,0.9470000000000001,0.052000000000000005,NA,NA,9.79136889282336e-4,6.925274876402477e-4,5.919934480721592e-5,0.5451795590202481,6.319462643382315e-5,1.589853719515017,0.004964675215963273,0.005009540897128196,0.004964675215963276,1.0011101122314616,0.01589853719515017
87,800,0.65,0.1,0.02,0,JM-MI,2000,-5.471319274721161e-4,-5.471319274721161e-4,0.036720763556073295,0.00134803962224903,42.87281648444103,0.0369898219945337,0.7327147161565462,0.9540000000000001,0.9555,0.046,NA,NA,8.211012349707681e-4,5.807514573058268e-4,4.086142921028685e-5,3.4451389151647294,3.4086653768887095e-5,1.5958244764090004,0.004684228858627636,0.004610843198374891,0.00468422885862764,1.0073271471615655,0.015958244764090003
87,800,0.65,0.1,0.02,0,Naive,2000,0.00908831968817478,0.009088319688174782,0.03362924927261596,0.0012129584981908866,70.34863883590636,0.03390586616588225,0.8225485232331353,0.9500000000000001,0.9570000000000001,0.0505,NA,NA,7.519728740585465e-4,5.318580996647741e-4,3.795924927861838e-5,5.037165229072113,2.722200012115831e-5,1.5965964852851369,0.0048733971724044785,0.004536022486716746,0.00489641450451246,1.0082254852323314,0.01596596485285137
88,1500,0.25,0.1,0.02,0,CCA,2000,2.982239483403564e-4,2.9822394834035635e-4,0.05314946591722089,0.0028235422319455457,0,0.05255327373382593,-1.12172751523697,0.9475,0.9470000000000001,0.0535,NA,NA,0.0011884581875871412,8.405770141276742e-4,8.887943447020794e-5,0,6.854667259965755e-5,1.5691029554489733,0.004987171041783106,0.005009540897128196,0.005031786462082826,0.9887827248476303,0.015691029554489734
88,1500,0.25,0.1,0.02,0,AIPW,2000,2.8453287933154057e-4,2.8453287933154057e-4,0.032238636376349245,0.001038890969528186,171.79688929607977,0.03143935276795675,-2.4792723831795205,0.9455,0.9455,0.0545,NA,NA,7.208778243941441e-4,5.098650802434336e-4,3.204155442933319e-5,9.731443391659413,4.7031375996693616e-5,1.5492078396969822,0.005075911248239078,0.005075911248239078,0.005075911248239078,0.9752072761682048,0.015492078396969821
88,1500,0.25,0.1,0.02,0,FCS-MI,2000,0.001134017334875345,0.001134017334875345,0.0313252067747137,9.820639405046276e-4,187.87895448429782,0.03172471330064929,1.2753516004181176,0.9525,0.9515,0.0485,NA,NA,7.004529175749677e-4,4.954188781244042e-4,3.0442838382829317e-5,10.072730540169413,5.5659371530048226e-5,1.6115296973629243,0.00475624589355933,0.004803527349771207,0.004803527349771208,1.0127535160041812,0.016115296973629244
88,1500,0.25,0.1,0.02,0,IPW,2000,6.032127130065624e-4,6.032127130065624e-4,0.05452979045888813,0.0029723751640436348,-4.998567943566467,0.0519326990317167,-4.762702011718655,0.9375,0.937,0.0625,NA,NA,0.0012193231826489331,8.624073196959163e-4,9.540456678545276e-5,0.9328875338146019,9.493960235608715e-5,1.5162397383623658,0.005412658773652742,0.00543281694887652,0.005412658773652742,0.9523729798828134,0.015162397383623658
88,1500,0.25,0.1,0.02,0,JM-MI,2000,5.488285657310009e-4,5.488285657310009e-4,0.03151016531427214,9.926952856682551e-4,184.50928634088459,0.03183437844839413,1.0289160050046986,0.9550000000000001,0.9565,0.0465,NA,NA,7.045887162496853e-4,4.983440608000232e-4,3.084971120297272e-5,9.967238557075618,5.686513789429245e-5,1.6079660883586633,0.00463546114210873,0.004561126505590477,0.004708383480558906,1.010289160050047,0.016079660883586634
88,1500,0.25,0.1,0.02,0,Naive,2000,0.010099643764509352,0.01009964376450935,0.024893331756331613,7.213709311178153e-4,355.8602826942108,0.024694481727424257,-0.7988084152567465,0.932,0.9480000000000001,0.068,NA,NA,5.566318199361172e-4,3.9369657094986976e-4,2.215234092495202e-5,18.2754570811759,1.4578068391472439e-5,1.569993424315769,0.0056292095359828254,0.004964675215963273,0.005629209535982827,0.9920119158474325,0.01569993424315769
89,1500,0.5,0.1,0.02,0,CCA,2000,-8.769091491429333e-4,-8.769091491429333e-4,0.03680244571831725,0.0013545117705001134,0,0.03671156619561973,-0.2469388132329664,0.9560000000000001,0.9575,0.044,NA,NA,8.229277036440345e-4,5.820432886885439e-4,4.1811425396804754e-5,0,3.232132506183911e-5,1.580071450663861,0.004586065852122053,0.004510751046111944,0.0045860658521220555,0.9975306118676703,0.01580071450663861
89,1500,0.5,0.1,0.02,0,AIPW,2000,-5.603508553162764e-4,-5.603508553162764e-4,0.027513625973652076,7.56935107491967e-4,78.91951137238011,0.027419177364538753,-0.3432793961936187,0.9405,0.9405,0.059500000000000004,NA,NA,6.152233798458988e-4,4.351374217904348e-4,2.4364566699364328e-5,5.251883865134508,2.5881769988829866e-5,1.5789099104443445,0.005289600646551685,0.005289600646551685,0.005289600646551685,0.9965672060380638,0.015789099104443444
89,1500,0.5,0.1,0.02,0,FCS-MI,2000,-5.901130144350167e-5,-5.901130144350167e-5,0.027389317917940137,7.498031309756897e-4,80.54727063370993,0.027636415204907266,0.9021666319235955,0.9450000000000001,0.9450000000000001,0.0555,NA,NA,6.124437672186716e-4,4.331714472975754e-4,2.4166839049387263e-5,5.255071737098266,2.3049478983624847e-5,1.5980197631447577,0.005097793640389926,0.005097793640389926,0.005119558086397693,1.009021666319236,0.015980197631447576
89,1500,0.5,0.1,0.02,0,IPW,2000,-7.106161004322662e-4,-7.106161004322662e-4,0.03741391884553755,0.0013996063979609733,-3.2419823994156327,0.03650019505230597,-2.4422028523765738,0.9490000000000001,0.9490000000000001,0.051000000000000004,NA,NA,8.366006584328242e-4,5.917139457050918e-4,4.2888532511938624e-5,0.6487487141036882,4.604996126537969e-5,1.5478115249557676,0.004919298730510272,0.004919298730510272,0.004919298730510275,0.9755779714762343,0.015478115249557675
89,1500,0.5,0.1,0.02,0,JM-MI,2000,-3.774901113511484e-4,-3.7749011135114843e-4,0.027377348448223364,7.492869472355783e-4,80.70517690448673,0.027640335708438782,0.9606016474268397,0.9495,0.9500000000000001,0.051500000000000004,NA,NA,6.121761217392582e-4,4.32982146032895e-4,2.3910790882128677e-5,5.244873838223946,2.3028462733524262e-5,1.5989405479839018,0.0048964145045124596,0.0048733971724044785,0.004942051699446294,1.0096060164742684,0.015989405479839017
89,1500,0.5,0.1,0.02,0,Naive,2000,0.009628481569819462,0.009628481569819462,0.02445310183700513,6.903628696965713e-4,126.50899261920875,0.024676900511522687,0.9152158937107968,0.9400000000000001,0.9560000000000001,0.0605,NA,NA,5.467879796826846e-4,3.867341839393688e-4,2.2350922652261106e-5,7.634847653748832,1.4131253675912142e-5,1.5970546058581554,0.005310367218940699,0.004586065852122053,0.005331029450303197,1.009152158937108,0.015970546058581555
90,1500,0.65,0.1,0.02,0,CCA,2000,-4.668556974552787e-4,-4.668556974552787e-4,0.0325452613183573,0.0010588823915052704,0,0.03217733653060585,-1.1305018698495317,0.9445,0.9455,0.056,NA,NA,7.277341665334134e-4,5.147144587604564e-4,3.541900364862164e-5,0,2.4326883382926607e-5,1.5654405657170958,0.005119558086397692,0.005075911248239078,0.005141206084179081,0.9886949813015047,0.015654405657170956
90,1500,0.65,0.1,0.02,0,AIPW,2000,-3.6700528818572284e-4,-3.670052881857229e-4,0.02715891463143291,7.373725335170382e-4,43.59876540662641,0.02663813992127884,-1.917509286440111,0.9455,0.9450000000000001,0.0545,NA,NA,6.072917931099763e-4,4.2952754037818905e-4,2.431146865801752e-5,3.4430985566721684,2.306743723633899e-5,1.5535317286729704,0.005075911248239078,0.005097793640389926,0.005075911248239078,0.9808249071355989,0.015535317286729704
90,1500,0.65,0.1,0.02,0,FCS-MI,2000,-1.090235206875681e-4,-1.090235206875681e-4,0.027177325240071548,7.382495898290907e-4,43.40427642148208,0.026791261693893422,-1.4205354749513566,0.9460000000000001,0.9455,0.055,NA,NA,6.077034668342077e-4,0.00042981871046185167,2.4217543420927437e-5,3.4272046293172496,1.8285209709911663e-5,1.5605190811371332,0.005053909377897468,0.005075911248239078,0.005097793640389928,0.9857946452504864,0.015605190811371333
90,1500,0.65,0.1,0.02,0,IPW,2000,-1.2451095383120094e-4,-1.245109538312009e-4,0.03281212061402552,0.001076112444537388,-1.6199752664915246,0.03200585666128106,-2.457213790686308,0.9415,0.9415,0.0585,NA,NA,7.33701321788832e-4,5.189349299556772e-4,3.6003575084022165e-5,0.4722133390286768,3.436138990244252e-5,1.546222922484413,0.0052477495176503994,0.0052477495176503994,0.0052477495176503994,0.9754278620931369,0.01546222922484413
90,1500,0.65,0.1,0.02,0,JM-MI,2000,-3.4430336162481024e-4,-3.443033616248103e-4,0.027173915210791006,7.381710018541433e-4,43.44027001759348,0.02678150262788369,-1.4440781899234145,0.9455,0.9465,0.055,NA,NA,6.076272162614421e-4,4.2976477968039865e-4,2.4257451099917662e-5,3.4162019956213174,1.8283090547626405e-5,1.5601471191339316,0.005075911248239078,0.005031786462082825,0.005097793640389928,0.9855592181007659,0.015601471191339316
90,1500,0.65,0.1,0.02,0,Naive,2000,0.0094024586680716,0.009402458668071599,0.02485194939538944,7.05716808061417e-4,71.49624081947232,0.0246872759247665,-0.6626179218499839,0.9315,0.9435,0.0685,NA,NA,5.55706482214756e-4,3.930420947326957e-4,2.2609223697496927e-5,4.887905502736366,1.428461899922744e-5,1.5721058476458116,0.0056483515294287415,0.005162739098579358,0.0056483515294287415,0.9933738207815002,0.015721058476458116
91,500,0.25,0.1,0.05,0,CCA,2000,-0.003154499039613974,-0.003154499039613974,0.09224035322250745,0.008513979485422563,4.440892098500626e-14,0.09326269307136954,1.1083433802513198,0.9555,0.9550000000000001,0.047,NA,NA,0.002062557000741185,0.00145881279060483,2.7865208070845067e-4,0,2.169380156897096e-4,1.6162660847252892,0.004610843198374891,0.00463546114210873,0.00473238840333293,1.0110834338025132,0.01616266084725289
91,500,0.25,0.1,0.05,0,AIPW,2000,7.582384042917885e-4,7.582384042917885e-4,0.06205035306089699,0.003848896117302221,120.98021961622969,0.0598554967012736,-3.5372181645273337,0.9440000000000001,0.9420000000000001,0.056,NA,NA,0.0013874880747202782,9.813475940234633e-4,1.224802755689098e-4,7.286116177013439,1.6425124942582764e-4,1.5483863400444213,0.005141206084179078,0.005226662414964255,0.005141206084179081,0.9646278183547267,0.015483863400444213
91,500,0.25,0.1,0.05,0,FCS-MI,2000,0.00278225367576888,0.00278225367576888,0.05737097821939862,0.0032975243627961152,158.49812941222518,0.060424129699966314,5.32176995290512,0.9575,0.9580000000000001,0.0465,NA,NA,0.0012828540723423517,9.073416776069746e-4,1.0700979934987208e-4,7.846780352668436,1.7153815827350245e-4,1.6923226562294977,0.004510751046111944,0.004485309353879615,0.004708383480558906,1.0532176995290512,0.016923226562294977
91,500,0.25,0.1,0.05,0,IPW,2000,-0.002553313965353942,-0.002553313965353942,0.0959715174979454,0.009212446316978684,-7.624417299875141,0.08631143227467733,-10.065575157207318,0.9165,0.9145,0.0835,NA,NA,0.0021459883702921647,0.0015178224320328783,2.95148077734883e-4,1.120628528448881,2.7386314876446093e-4,1.4506865118009955,0.006185780063985464,0.006252589463574273,0.006185780063985464,0.8993442484279268,0.014506865118009955
91,500,0.25,0.1,0.05,0,JM-MI,2000,0.0020937580512713208,0.0020937580512713208,0.058273530725589474,0.0033984903038118716,150.5527940490364,0.060415753695175385,3.6761509778318713,0.9585,0.9605,0.0445,NA,NA,0.0013030357599134073,9.216158547347178e-4,1.0771967004052604e-4,7.621022877083066,1.6607882095827738e-4,1.6642579758444,0.004459694496263168,0.004355441998236229,0.004610843198374892,1.0367615097783187,0.016642579758444
91,500,0.25,0.1,0.05,0,Naive,2000,0.01701628607513335,0.01701628607513335,0.0422795188692449,0.002076217928747705,375.9724783898545,0.04274251354074764,1.0950802750017363,0.934,0.9550000000000001,0.067,NA,NA,9.453987824761664e-4,6.686650771847084e-4,6.294584365157129e-5,19.153276052096743,4.398809953667662e-5,1.602234858491742,0.005551756478809205,0.00463546114210873,0.005590661857061291,1.0109508027500174,0.016022348584917422
92,500,0.5,0.1,0.05,0,CCA,2000,0.0012237011669481437,0.0012237011669481437,0.06343575827374565,0.004023580824597197,0,0.06376291468640782,0.5157287018630496,0.9470000000000001,0.9485,0.054,NA,NA,0.0014184666770433998,0.001003258252147234,1.2566817366545341e-4,0,9.960880151654447e-5,1.5974269138025838,0.005009540897128196,0.004942051699446293,0.005053909377897471,1.0051572870186305,0.01597426913802584
92,500,0.5,0.1,0.05,0,AIPW,2000,5.595074871928489e-4,5.595074871928488e-4,0.04841474788019757,0.0023431288670251686,71.67731874045873,0.04796398853065856,-0.9310372753657981,0.9465,0.9455,0.0535,NA,NA,0.0010825866737363562,7.656958261116723e-4,7.362121184868576e-5,4.936309922445564,8.095086387033463e-5,1.5757059055246079,0.005031786462082825,0.005075911248239078,0.005031786462082826,0.990689627246342,0.01575705905524608
92,500,0.5,0.1,0.05,0,FCS-MI,2000,0.0016039162587797155,0.0016039162587797153,0.047802471507984244,0.002286506291495688,76.10333007196795,0.04892358837189134,2.3453115049079543,0.9545,0.9535,0.047,NA,NA,0.0010688957578434966,7.56012465500343e-4,7.121657346850355e-5,4.905179491020353,7.028918111939644e-5,1.6252912650950706,0.004659922209651143,0.004708383480558906,0.00473238840333293,1.0234531150490795,0.016252912650950704
92,500,0.5,0.1,0.05,0,IPW,2000,0.0020891717319229198,0.0020891717319229198,0.06461602905716664,0.0041775082340365114,-3.6198182977056126,0.06181844745594296,-4.3295473925651144,0.9305,0.931,0.0695,NA,NA,0.0014448583340792626,0.0010219246389842219,1.298948829784631e-4,0.7674210771366238,1.3856402221663718e-4,1.5281815996305146,0.005686376262612245,0.0056674068144081545,0.005686376262612245,0.9567045260743489,0.015281815996305147
92,500,0.5,0.1,0.05,0,JM-MI,2000,0.0011900985515787051,0.0011900985515787053,0.047924579147179874,0.0022970332383535604,75.20708152170106,0.04881013382887875,1.847808989577704,0.9530000000000001,0.9540000000000001,0.049,NA,NA,0.0010716261676616309,7.579436396520664e-4,7.115935915490004e-5,4.889150824792366,6.701010074504203e-5,1.6168154169032527,0.004732388403332927,0.004684228858627636,0.0048269555622566076,1.018478089895777,0.016168154169032528
92,500,0.5,0.1,0.05,0,Naive,2000,0.015265034412475776,0.015265034412475776,0.04295203783598893,0.002076976391101162,118.12262924787879,0.0427953599867817,-0.3647739597489985,0.935,0.9505,0.067,NA,NA,9.604367637341422e-4,6.793011950695123e-4,6.43543386699647e-5,7.6015052406660715,4.2336576604442784e-5,1.578845007462105,0.005512485827646179,0.004850244839180801,0.005590661857061291,0.99635226040251,0.01578845007462105
93,500,0.65,0.1,0.05,0,CCA,2000,4.686739147195782e-4,4.686739147195782e-4,0.0559672926848578,0.0031309913367856394,0,0.05553950582338088,-0.7643515363262465,0.9510000000000001,0.9520000000000001,0.0495,NA,NA,0.0012514667095996875,8.8514190993224e-4,9.140359517397754e-5,0,7.44989058283285e-5,1.575080548544718,0.004826955562256604,0.004779958158812687,0.004850244839180801,0.9923564846367375,0.01575080548544718
93,500,0.65,0.1,0.05,0,AIPW,2000,-8.386528409704057e-4,-8.386528409704057e-4,0.047276128516356944,0.0022346181499190185,40.14731742082183,0.045874551614248936,-2.9646609104700294,0.9420000000000001,0.9400000000000001,0.058,NA,NA,0.001057126370755904,7.476881707464092e-4,6.834447484486435e-5,3.2920899033473927,7.32580936118391e-5,1.5424505756130342,0.005226662414964255,0.005310367218940699,0.0052266624149642565,0.9703533908952997,0.015424505756130342
93,500,0.65,0.1,0.05,0,FCS-MI,2000,-1.2055848490324082e-4,-1.2055848490324083e-4,0.04713916607449495,0.002221004462057998,40.962894180062804,0.046674291318862235,-0.9861751794634221,0.9500000000000001,0.9495,0.0505,NA,NA,0.0010540637974522263,7.455220628008036e-4,6.7834007616988e-5,3.2604064315966177,5.644373649279757e-5,1.5705087609176192,0.0048733971724044785,0.0048964145045124596,0.00489641450451246,0.9901382482053658,0.01570508760917619
93,500,0.65,0.1,0.05,0,IPW,2000,4.538409219993599e-4,4.538409219993599e-4,0.05651702109842116,0.0031927825585849443,-1.9358942149353853,0.05425140586534198,-4.0087308018830985,0.9435,0.9445,0.0565,NA,NA,0.0012637590106185956,8.938360531466597e-4,9.300001245020247e-5,0.5883972231847542,1.0488095788111026e-4,1.5294348815336596,0.005162739098579358,0.005119558086397692,0.005162739098579358,0.959912691981169,0.015294348815336596
93,500,0.65,0.1,0.05,0,JM-MI,2000,-5.247341096712017e-4,-5.247341096712017e-4,0.04709457232498491,0.0022170651389878506,41.229975493813086,0.04666410546788083,-0.9140477041251427,0.9480000000000001,0.9480000000000001,0.052000000000000005,NA,NA,0.001053066650899466,7.448167973731079e-4,6.774760986988593e-5,3.255070402433733,5.606464795477538e-5,1.5715936265608283,0.004964675215963273,0.004964675215963273,0.004964675215963276,0.9908595229587486,0.015715936265608285
93,500,0.65,0.1,0.05,0,Naive,2000,0.014407325695526685,0.014407325695526685,0.042792638112112924,0.002037865305352946,71.05291373254032,0.042834381444439774,0.09754792919633992,0.9395,0.9560000000000001,0.062,NA,NA,9.568724775523276e-4,6.767802338211499e-4,6.334647673457272e-5,5.1489176456014025,4.5102019049612395e-5,1.586581640363593,0.005331029450303197,0.004586065852122053,0.005392402062161166,1.0009754792919634,0.01586581640363593
94,800,0.25,0.1,0.05,0,CCA,2000,-3.729676281802761e-4,-3.729676281802761e-4,0.0723298355712834,0.0052291284160636805,0,0.07208666911732602,-0.3361910780479205,0.9505,0.9505,0.0505,NA,NA,0.0016173442913877205,0.0011439211319930818,1.666743535402514e-4,0,1.3198495274106652e-4,1.58674465680379,0.004850244839180801,0.004850244839180801,0.00489641450451246,0.9966380892195208,0.0158674465680379
94,800,0.25,0.1,0.05,0,AIPW,2000,6.473109879032498e-4,6.473109879032498e-4,0.04511225222557933,0.0020345167547289158,157.0667672513247,0.04493091161599698,-0.40197640471500984,0.9525,0.9515,0.0475,NA,NA,0.0010087406259451158,7.134657257969828e-4,6.284501664320268e-5,8.928286132782887,9.29940623233262e-5,1.5886080577301278,0.00475624589355933,0.004803527349771207,0.004756245893559331,0.9959802359528499,0.015886080577301277
94,800,0.25,0.1,0.05,0,FCS-MI,2000,0.0021624654532089132,0.0021624654532089132,0.04277683821181973,0.0018336192152928227,185.90226321901855,0.045387042349659776,6.101909928253679,0.9645,0.9665,0.037,NA,NA,9.565191810413947e-4,6.765303529844798e-4,5.55281011953068e-5,9.463918108355015,1.0295217700608535e-4,1.6952094511275455,0.0041376170678302255,0.004023540107914917,0.0042208411483968455,1.0610190992825368,0.016952094511275453
94,800,0.25,0.1,0.05,0,IPW,2000,-1.6870349291697728e-4,-1.6870349291697728e-4,0.0750232150441648,0.005625697015033738,-7.051237361993278,0.06961634860590346,-7.206924463418973,0.9315,0.931,0.0685,NA,NA,0.0016775700872933739,0.0011865178511916066,1.8236614892143242e-4,1.0250436976377468,1.877583349516178e-4,1.4887407887847257,0.0056483515294287415,0.0056674068144081545,0.0056483515294287415,0.9279307553658103,0.014887407887847258
94,800,0.25,0.1,0.05,0,JM-MI,2000,0.0013029708625873647,0.0013029708625873647,0.04350533182941033,0.0018934652737070626,176.4076028837915,0.04552856516923253,4.650541105525963,0.9625,0.9635,0.0395,NA,NA,9.72808793542468e-4,6.880517291510646e-4,5.769998187062135e-5,9.127370119607352,1.0307367199822931e-4,1.6719556188250255,0.004248161366991606,0.004193313129257102,0.00435544199823623,1.0465054110552596,0.016719556188250256
94,800,0.25,0.1,0.05,0,Naive,2000,0.015246256684842474,0.015246256684842474,0.03344620325231116,0.001350537530639016,367.6719324856798,0.03369804572935862,0.7529777749289313,0.934,0.9545,0.0665,NA,NA,7.47879840614423e-4,5.289631641364397e-4,4.12396345969402e-5,18.79644345890001,2.7193534818023573e-5,1.5955158143984929,0.005551756478809205,0.004659922209651143,0.005571254347092763,1.0075297777492893,0.01595515814398493
95,800,0.5,0.1,0.05,0,CCA,2000,9.633203585510049e-6,9.633203585510037e-6,0.049269307360148944,0.0024262510082235633,0,0.04964345561333202,0.7593941811443017,0.9455,0.9455,0.0555,NA,NA,0.0011016952046162376,7.792109770855465e-4,8.168036084943889e-5,9.426678795130648e-8,6.129131908928152e-5,1.5983926559477577,0.005075911248239078,0.005075911248239078,0.005119558086397693,1.007593941811443,0.015983926559477578
95,800,0.5,0.1,0.05,0,AIPW,2000,6.351249961192435e-6,6.351249961192428e-6,0.03812361952900933,0.0014526837011480409,67.01853134857055,0.037539623673149114,-1.5318478756085385,0.9480000000000001,0.9480000000000001,0.052000000000000005,NA,NA,8.524700481520337e-4,6.029381051795484e-4,4.6924921333825686e-5,4.801675649555815,4.9120486580262895e-5,1.562628540896109,0.004964675215963273,0.004964675215963273,0.004964675215963276,0.9846815212439146,0.01562628540896109
95,800,0.5,0.1,0.05,0,FCS-MI,2000,0.0011225128253648845,0.0011225128253648845,0.0378502513035814,0.0014331852380255019,69.43978012060907,0.037957886226436914,0.2843704312349704,0.9505,0.9495,0.0505,NA,NA,8.463573488025804e-4,5.986146930300175e-4,4.633147908729469e-5,4.796513861390616,4.2891420690047725e-5,1.5900747211939725,0.004850244839180801,0.0048964145045124596,0.00489641450451246,1.0028437043123497,0.015900747211939726
95,800,0.5,0.1,0.05,0,IPW,2000,3.4872326031775654e-5,3.487232603177565e-5,0.04979644883089154,0.0024784476890886394,-2.105978811847542,0.04889128334155151,-1.8177310041002537,0.9365,0.9365,0.0635,NA,NA,0.0011134824462396343,7.875479000602723e-4,8.329054729218192e-5,0.6850643695193819,8.625003053547837e-5,1.5624164279697226,0.005452877680637995,0.005452877680637995,0.005452877680637995,0.9818226899589975,0.015624164279697227
95,800,0.5,0.1,0.05,0,JM-MI,2000,3.8738377074087833e-4,3.8738377074087833e-4,0.03779724082728628,0.0014280671646346324,69.91539061060917,0.03797625421905372,0.47361497254638785,0.9505,0.9500000000000001,0.05,NA,NA,8.451719985174251e-4,5.977763141843855e-4,4.5929540596741505e-5,4.785364559648982,4.404046783929781e-5,1.5932908383775755,0.004850244839180801,0.0048733971724044785,0.004873397172404482,1.0047361497254639,0.015932908383775753
95,800,0.5,0.1,0.05,0,Naive,2000,0.015311116668226987,0.015311116668226987,0.03353911754389152,0.001358740263048219,115.79911069153295,0.0336964101692659,0.4689825997017838,0.9245,0.9520000000000001,0.0755,NA,NA,7.499574673349724e-4,5.304326354930861e-4,4.2544284179307634e-5,7.322707745920949,2.7037731150484516e-5,1.590995084874257,0.005907611615534657,0.004779958158812687,0.005907611615534657,1.0046898259970178,0.01590995084874257
96,800,0.65,0.1,0.05,0,CCA,2000,-0.0014611588018290593,-0.001461158801829059,0.04412189683741987,0.001947903394685818,0,0.043499174842671615,-1.4113672334688077,0.9470000000000001,0.9480000000000001,0.053,NA,NA,9.86595606247038e-4,6.978029160069298e-4,5.909470448568335e-5,6.665668500104314e-8,4.5209072180504616e-5,1.5625761028099,0.005009540897128196,0.004964675215963273,0.005009540897128199,0.9858863276653119,0.015625761028098997
96,800,0.65,0.1,0.05,0,AIPW,2000,-4.3004198187526733e-4,-4.300419818752674e-4,0.036766240169042126,0.0013512654740657783,44.015723339494485,0.03609110939399715,-1.8362790754259617,0.9440000000000001,0.9440000000000001,0.056,NA,NA,8.221181229506157e-4,5.814706855216196e-4,4.2208602556687624e-5,3.4679280245814845,4.3161870282493323e-5,1.5569251172179108,0.005141206084179078,0.005141206084179078,0.005141206084179081,0.9816372092457404,0.015569251172179109
96,800,0.65,0.1,0.05,0,FCS-MI,2000,4.3518452685354824e-5,4.351845268535483e-5,0.03667299338335673,0.0013442378833296027,44.7490191363803,0.03651658115262818,-0.42650521895911675,0.9505,0.9505,0.05,NA,NA,8.200330614358566e-4,5.799959556567793e-4,4.175840957754754e-5,3.431436523261938,3.435109063321154e-5,1.5775721879358278,0.004850244839180801,0.004850244839180801,0.004873397172404482,0.9957349478104088,0.015775721879358277
96,800,0.65,0.1,0.05,0,IPW,2000,-0.0011693401367959295,-0.0011693401367959292,0.04459742525790918,0.0019893032308205007,-2.1211682612585103,0.04293030429684315,-3.7381551769524513,0.9440000000000001,0.9440000000000001,0.056,NA,NA,9.972287449815103e-4,7.053235609076764e-4,6.089058705518255e-5,0.5186682983100264,6.345145759047032e-5,1.5290477561166531,0.005141206084179078,0.005141206084179078,0.005141206084179081,0.9626184482304755,0.015290477561166532
96,800,0.65,0.1,0.05,0,JM-MI,2000,-3.056073044128937e-4,-3.056073044128937e-4,0.03674054696080847,0.0013492862529083936,44.21721842251658,0.03652618879100734,-0.583437611938098,0.9515,0.9515,0.049,NA,NA,8.215436053489105e-4,5.810643386301185e-4,4.165187734403238e-5,3.4277184905561215,3.362017790700839e-5,1.5749675640311138,0.004803527349771207,0.004803527349771207,0.0048269555622566076,0.994165623880619,0.01574967564031114
96,800,0.65,0.1,0.05,0,Naive,2000,0.015555387752279033,0.015555387752279033,0.034250068372760366,0.001414450738070743,65.95313617581888,0.03371384273668809,-1.5656191696794997,0.926,0.9460000000000001,0.0745,NA,NA,7.658548111550778e-4,5.416765664453356e-4,4.344460417193063e-5,4.953814667916995,2.7036851297035665e-5,1.558773574765208,0.005853375094763702,0.005053909377897468,0.005871530890662162,0.984343808303205,0.015587735747652081
97,1500,0.25,0.1,0.05,0,CCA,2000,-0.0013635107758133975,-0.0013635107758133975,0.052341656413612984,0.002740138333258413,0,0.051492278038005386,-1.6227579213306864,0.9500000000000001,0.9485,0.051000000000000004,NA,NA,0.001170395017957765,8.278012300476561e-4,9.153280003106209e-5,6.665668500104314e-8,6.598875269050649e-5,1.5609693249888774,0.0048733971724044785,0.004942051699446293,0.004919298730510275,0.9837724207866931,0.015609693249888774
97,1500,0.25,0.1,0.05,0,AIPW,2000,-1.9797688090681536e-4,-1.9797688090681536e-4,0.03282917309918336,0.00107725492391833,154.19970185351778,0.03164755580482932,-3.5992904566439776,0.9420000000000001,0.9425,0.058,NA,NA,7.340826269488144e-4,5.192046208511561e-4,3.390608354341114e-5,8.697458244985494,4.54070004925981e-5,1.530871285495017,0.005226662414964255,0.005205465877325487,0.0052266624149642565,0.9640070954335602,0.01530871285495017
97,1500,0.25,0.1,0.05,0,FCS-MI,2000,0.0012023518374311662,0.0012023518374311665,0.032086586116078904,0.0010304798840212294,166.10185365408284,0.03184583558007284,-0.7503152100229893,0.9510000000000001,0.9525,0.0495,NA,NA,7.17477877214534e-4,5.074603532801479e-4,3.2310429350388915e-5,8.866402235033801,5.80630385510835e-5,1.5800640735887634,0.004826955562256604,0.00475624589355933,0.004850244839180801,0.9924968478997701,0.015800640735887633
97,1500,0.25,0.1,0.05,0,IPW,2000,-0.0013837578776150052,-0.001383757877615005,0.053733641316650094,0.002887775342905695,-5.113947209232417,0.05087448854917141,-5.320973411479435,0.937,0.9385,0.063,NA,NA,0.0012015207466262092,8.498159482261623e-4,9.611347320476872e-5,0.9234765157477453,9.45653165093051e-5,1.5076878770053708,0.00543281694887652,0.005372045699731156,0.005432816948876522,0.9467902658852057,0.015076878770053708
97,1500,0.25,0.1,0.05,0,JM-MI,2000,2.819814511119333e-4,2.819814511119333e-4,0.03228104701714894,0.0010416244770638902,162.90551704603521,0.031986252841728284,-0.9132113195214897,0.9520000000000001,0.9505,0.051000000000000004,NA,NA,7.218261551521186e-4,5.105358190588749e-4,3.247229209665267e-5,8.76868392909609,5.78923632307296e-5,1.577319919336399,0.004779958158812687,0.004850244839180801,0.004919298730510275,0.9908678868047851,0.01577319919336399
97,1500,0.25,0.1,0.05,0,Naive,2000,0.015695678549946822,0.015695678549946822,0.02514885202544206,8.785028509617434e-4,333.17022183627347,0.024583415283383727,-2.2483600503367063,0.8955000000000001,0.9440000000000001,0.1045,NA,NA,5.623454268497173e-4,3.9773771155497917e-4,2.7088317458318766e-5,16.817208466359393,1.4127943124572209e-5,1.546996020143648,0.006840312492861709,0.005141206084179078,0.006840312492861711,0.9775163994966329,0.015469960201436478
98,1500,0.5,0.1,0.05,0,CCA,2000,5.138547949480722e-4,5.138547949480723e-4,0.03629413520000273,0.0013168696645414104,4.440892098500626e-14,0.03603320414152033,-0.7189344973905887,0.9540000000000001,0.9535,0.046,NA,NA,8.115615349177403e-4,5.740041836785335e-4,4.184538643808882e-5,0,3.161715102013778e-5,1.57257877065129,0.004684228858627636,0.004708383480558906,0.00468422885862764,0.9928106550260941,0.0157257877065129
98,1500,0.5,0.1,0.05,0,AIPW,2000,8.510290196041124e-4,8.510290196041124e-4,0.0278191869423431,7.742444589441748e-4,70.20959546174134,0.027280035705519415,-1.9380553354816143,0.9465,0.9445,0.0535,NA,NA,6.22055930818537e-4,4.399699732048986e-4,2.4019062605949604e-5,4.8430006906277265,2.5329505652380364e-5,1.553553687120507,0.005031786462082825,0.005119558086397692,0.005031786462082826,0.9806194466451839,0.015535536871205069
98,1500,0.5,0.1,0.05,0,FCS-MI,2000,0.0014566110692465092,0.0014566110692465094,0.0278486480766889,7.772811419064702e-4,69.849655885144,0.027460238291775487,-1.3947168417074218,0.9485,0.9485,0.052000000000000005,NA,NA,6.227147018094515e-4,4.40435911138871e-4,2.42099757976682e-5,4.798068448873343,2.4602064919471863e-5,1.5619765576453113,0.004942051699446293,0.004942051699446293,0.004964675215963276,0.9860528315829258,0.015619765576453113
98,1500,0.5,0.1,0.05,0,IPW,2000,0.0011087816961408905,0.0011087816961408905,0.03660295629819986,0.0013403359184127417,-1.6802923000973524,0.035867887362918446,-2.0082228585387885,0.9510000000000001,0.9520000000000001,0.049,NA,NA,8.184669846022895e-4,5.788882951581572e-4,4.233641421609816e-5,0.6557683387781975,4.5220202007205035e-5,1.5546899181435145,0.004826955562256604,0.004779958158812687,0.0048269555622566076,0.9799177714146121,0.015546899181435146
98,1500,0.5,0.1,0.05,0,JM-MI,2000,0.0010569426865680276,0.0010569426865680279,0.027770181696936246,7.719145278278023e-4,70.81085351566432,0.027473412960238665,-1.0686596866246734,0.9490000000000001,0.9485,0.052000000000000005,NA,NA,6.209601402186991e-4,4.391949384580802e-4,2.3904216196397153e-5,4.829595080434082,2.456201434032124e-5,1.5671309810238467,0.004919298730510272,0.004942051699446293,0.004964675215963276,0.9893134031337533,0.015671309810238468
98,1500,0.5,0.1,0.05,0,Naive,2000,0.016597069528210044,0.016597069528210044,0.024638943606134958,8.82236720179524e-4,116.98451329945811,0.02460765350349216,-0.12699449758473147,0.888,0.9530000000000001,0.112,NA,NA,5.509435279710158e-4,3.8967333519328084e-4,2.595059632942244e-5,7.1982427271530005,1.39027994454857e-5,1.580533348182454,0.007051808278732484,0.004732388403332927,0.007051808278732484,0.9987300550241527,0.01580533348182454
99,1500,0.65,0.1,0.05,0,CCA,2000,-9.975435559177002e-4,-9.975435559177004e-4,0.031276147749368474,9.787034124772596e-4,0,0.03152706477231846,0.8022631973755523,0.9535,0.9525,0.0465,NA,NA,6.993559244191497e-4,4.946429928294338e-4,3.1538508257763576e-5,0,2.4257042155782014e-5,1.5961077740581768,0.004708383480558906,0.00475624589355933,0.004708383480558906,1.0080226319737555,0.015961077740581767
99,1500,0.65,0.1,0.05,0,AIPW,2000,-3.965247595989693e-4,-3.965247595989693e-4,0.02626214817188583,6.895128082737604e-4,41.829318978322874,0.02628385477300542,0.0826535627532099,0.9495,0.9500000000000001,0.0505,NA,NA,5.872394854750855e-4,4.1534487156059534e-4,2.265177284570306e-5,3.489892348521778,2.298274948449341e-5,1.5852588354151578,0.0048964145045124596,0.0048733971724044785,0.00489641450451246,1.000826535627532,0.015852588354151577
99,1500,0.65,0.1,0.05,0,FCS-MI,2000,2.4793995595947523e-5,2.479399559594753e-5,0.02618600594069696,6.853646684148709e-4,42.65532516508139,0.026465049280686524,1.0656200896826729,0.9540000000000001,0.9540000000000001,0.047,NA,NA,5.855368934261173e-4,4.1414065608566574e-4,2.2359060324948376e-5,3.4991685607272056,1.8897293863203057e-5,1.6000156840081436,0.004684228858627636,0.004684228858627636,0.00473238840333293,1.0106562008968267,0.016000156840081436
99,1500,0.65,0.1,0.05,0,IPW,2000,-5.219340590673043e-4,-5.219340590673042e-4,0.03154198214313074,9.94671604360834e-4,-1.6784878797981406,0.03139854222836688,-0.4547587216077842,0.9475,0.9485,0.0525,NA,NA,7.053001621712483e-4,4.988472548498491e-4,3.2323332966644696e-5,0.5020884214506209,3.382016698930811e-5,1.5779891478202785,0.004987171041783106,0.004942051699446293,0.004987171041783107,0.9954524127839222,0.015779891478202787
99,1500,0.65,0.1,0.05,0,JM-MI,2000,-3.0433135705190895e-4,-3.04331357051909e-4,0.02621948719260076,6.87210395463519e-4,42.291227325771594,0.026432461500998244,0.8122748810189817,0.9520000000000001,0.9525,0.0485,NA,NA,5.862855569784042e-4,4.1467017355623423e-4,2.2519744690694234e-5,3.468288522742833,1.856067898444311e-5,1.595951405523451,0.004779958158812687,0.00475624589355933,0.004803527349771208,1.0081227488101898,0.01595951405523451
99,1500,0.65,0.1,0.05,0,Naive,2000,0.014701532354600304,0.014701532354600304,0.024146608774385903,7.989022395189583e-4,67.76996764923817,0.024585712534460024,1.8184903900042126,0.9075,0.9515,0.093,NA,NA,5.399345864561976e-4,3.8188689114006637e-4,2.526209379481835e-5,5.089141799583663,1.4450381023301547e-5,1.6114059440174222,0.006478570444164362,0.004803527349771207,0.0064942667022536114,1.0181849039000421,0.016114059440174223
100,500,0.25,0.1,0.1,0,CCA,2000,0.0026951383064344656,0.0026951383064344656,0.08916348738453367,0.00795341618932142,0,0.09038212887224387,1.3667494660169366,0.9540000000000001,0.9560000000000001,0.047,NA,NA,0.0019937561890276223,0.001410151103148109,2.550976887607959e-4,9.426678795130648e-8,2.1839443621103876e-4,1.6217532761892444,0.004684228858627636,0.004586065852122053,0.00473238840333293,1.0136674946601694,0.016217532761892445
100,500,0.25,0.1,0.1,0,AIPW,2000,-2.272548127962482e-5,-2.2725481279624806e-5,0.059588423757503006,0.003549005372228297,123.89804302148302,0.059553769362893014,-0.058156253219621146,0.9500000000000001,0.9500000000000001,0.05,NA,NA,0.0013324376619384018,9.42411338557351e-4,1.222750073010352e-4,7.405437524447888,1.7738565181882118e-4,1.6084024421415977,0.0048733971724044785,0.0048733971724044785,0.004873397172404482,0.9994184374678038,0.016084024421415977
100,500,0.25,0.1,0.1,0,FCS-MI,2000,0.003658501722261844,0.0036585017222618434,0.05508075082936552,0.00304575680222248,162.0441021169433,0.06003200315216169,8.989079212327077,0.9675,0.971,0.0345,NA,NA,0.0012316430310618921,8.711209467310377e-4,1.0272303165379924e-4,7.965688310996135,1.658022568662003e-4,1.74978612093288,0.00396508196636589,0.0037522659820433853,0.004081038470781672,1.0898907921232708,0.0174978612093288
100,500,0.25,0.1,0.1,0,IPW,2000,0.0017924030700799305,0.0017924030700799305,0.09287020933208019,0.008623776052259334,-7.823281354020784,0.08373299203987353,-9.838695700075684,0.9155,0.917,0.0845,NA,NA,0.002076641011511667,0.0014687741807858587,2.8527170838802074e-4,1.1350830314583082,2.7664724743167084e-4,1.4567147425789164,0.006219314672855845,0.006168914004912047,0.006219314672855845,0.9016130429992432,0.014567147425789163
100,500,0.25,0.1,0.1,0,JM-MI,2000,0.001797899751625625,0.001797899751625625,0.055778448368733066,0.0031129121282891044,155.52961154623497,0.060006068365259235,7.579307277568481,0.9635,0.966,0.038,NA,NA,0.001247244022319494,8.821552723688382e-4,1.0480950231492782e-4,7.673083457416245,1.6680960240151896e-4,1.7274864922602426,0.004193313129257102,0.004052406692324946,0.004275277768753745,1.0757930727756848,0.017274864922602426
100,500,0.25,0.1,0.1,0,Naive,2000,0.021645532219216796,0.021645532219216796,0.04161388030850486,0.002199378241866556,359.0898228036224,0.04245109026365815,2.01185265336139,0.927,0.9485,0.073,NA,NA,9.30514651773568e-4,6.581377752782971e-4,6.959989595043626e-5,18.692695329569904,4.291634242578477e-5,1.6166452128988857,0.005816829033072915,0.004942051699446293,0.005816829033072916,1.020118526533614,0.01616645212898886
101,500,0.5,0.1,0.1,0,CCA,2000,4.8477007465671227e-4,4.8477007465671227e-4,0.06186168497366203,0.003825189635771996,0,0.06163241230618261,-0.37062143971189343,0.9505,0.9505,0.0495,NA,NA,0.0013832693280378561,9.783637435803348e-4,1.2614859488627717e-4,0,9.48359152807297e-5,1.583112913840427,0.004850244839180801,0.004850244839180801,0.004850244839180801,0.9962937856028811,0.01583112913840427
101,500,0.5,0.1,0.1,0,AIPW,2000,-0.001452930518113686,-0.0014529305181136861,0.04904200035909863,0.0024060262474126857,59.11353984485817,0.047201982715993844,-3.751922086439552,0.9395,0.9400000000000001,0.0605,NA,NA,0.0010966124655551364,7.756160389815441e-4,7.882700469636389e-5,4.37961801208394,7.719309579140263e-5,1.530312732760923,0.005331029450303197,0.005310367218940699,0.005331029450303197,0.9624807791356045,0.01530312732760923
101,500,0.5,0.1,0.1,0,FCS-MI,2000,-6.066496799051905e-6,-6.066496799051904e-6,0.04811304769919809,0.0023137079630282413,65.31709082165851,0.04803539077840762,-0.1614051167075803,0.9530000000000001,0.9530000000000001,0.05,NA,NA,0.0010758404526009678,7.609243343773751e-4,7.619194004397837e-5,4.4266536683687,6.86513381310185e-5,1.585415589313185,0.004732388403332927,0.004732388403332927,0.004873397172404482,0.9983859488329242,0.015854155893131848
101,500,0.5,0.1,0.1,0,IPW,2000,5.330160189152219e-4,5.330160189152219e-4,0.06280319469971725,0.003942553249934768,-2.975811793428629,0.0598313940274368,-4.731925957731297,0.9375,0.9365,0.0625,NA,NA,0.0014043221255272227,9.932540424881782e-4,1.2649592064789317e-4,0.7696668278790022,1.3292414109445112e-4,1.5214904103258424,0.005412658773652742,0.005452877680637995,0.005412658773652742,0.952680740422687,0.015214904103258424
101,500,0.5,0.1,0.1,0,JM-MI,2000,-8.32999761242253e-4,-8.32999761242253e-4,0.04833397278187065,0.002335698727018403,63.80928085533082,0.0480685497544736,-0.5491438260101122,0.9500000000000001,0.9505,0.051500000000000004,NA,NA,0.0010807804876288738,7.644183402555912e-4,7.67847588634153e-5,4.366053397841125,6.923318440883603e-5,1.5793582834744557,0.0048733971724044785,0.004850244839180801,0.004942051699446294,0.9945085617398989,0.01579358283474456
101,500,0.5,0.1,0.1,0,Naive,2000,0.02035400660014824,0.02035400660014824,0.04248979070118385,0.0022187652073523724,111.9699544226334,0.04253768920287783,0.11272943665652235,0.9305,0.9500000000000001,0.07,NA,NA,9.501006035758555e-4,6.7199059825244e-4,7.112805000624612e-5,7.441364146469366,4.233150878795539e-5,1.5864484645357733,0.005686376262612245,0.0048733971724044785,0.005705260730238366,1.0011272943665652,0.015864484645357734
102,500,0.65,0.1,0.1,0,CCA,2000,-0.0010144483520209127,-0.0010144483520209127,0.052943578860856766,0.0028026501367833796,0,0.05372685971045488,1.4794633578827154,0.9505,0.9500000000000001,0.0505,NA,NA,0.0011838544130499662,8.373208397880179e-4,8.781514549380374e-5,0,7.162631054387384e-5,1.6106244499377194,0.004850244839180801,0.0048733971724044785,0.00489641450451246,1.0147946335788272,0.016106244499377195
102,500,0.65,0.1,0.1,0,AIPW,2000,-8.341017829574572e-4,-8.341017829574572e-4,0.04559504721601406,0.0020785646022495694,34.831464249584165,0.044799830539028154,-1.744085653028138,0.9455,0.9445,0.0545,NA,NA,0.0010195362501231999,7.211012939911673e-4,6.578699567308167e-5,3.257813149815416,6.574315413272905e-5,1.5606261871641507,0.005075911248239078,0.005119558086397692,0.005075911248239078,0.9825591434697186,0.015606261871641507
102,500,0.65,0.1,0.1,0,FCS-MI,2000,-2.295217312128668e-6,-2.2952173121286687e-6,0.045435942735248244,0.00206339268506266,35.777404793512105,0.04563747493679584,0.443552371570477,0.9500000000000001,0.9500000000000001,0.05,NA,NA,0.001015978565778028,7.18585002113752e-4,6.523745033037343e-5,3.2110353994718914,5.389017407390103e-5,1.5929708565922784,0.0048733971724044785,0.0048733971724044785,0.004873397172404482,1.0044355237157048,0.015929708565922785
102,500,0.65,0.1,0.1,0,IPW,2000,-6.757817676914189e-4,-6.757817676914189e-4,0.05360939894573646,0.002872987352493012,-2.4685424902387565,0.05245684113227096,-2.1499174326354953,0.9390000000000001,0.9385,0.061,NA,NA,0.0011987426027557228,8.478510125608937e-4,8.922453734333388e-5,0.6031542441092108,9.558474872607639e-5,1.5577700230237808,0.005351588549206672,0.005372045699731156,0.005351588549206675,0.978500825673645,0.015577700230237808
102,500,0.65,0.1,0.1,0,JM-MI,2000,-7.0889557409199e-4,-7.088955740919901e-4,0.045459235583906514,0.002066011361758143,35.63829852621285,0.04561501093696653,0.34267041902298345,0.9505,0.9500000000000001,0.0505,NA,NA,0.001016499409707923,7.18953386496131e-4,6.543326212358324e-5,3.2079738270485314,5.478191182437342e-5,1.591522607688633,0.004850244839180801,0.0048733971724044785,0.00489641450451246,1.0034267041902298,0.01591522607688633
102,500,0.65,0.1,0.1,0,Naive,2000,0.020665707416794025,0.020665707416794025,0.043113874855102916,0.0022849482649555004,50.79692197193708,0.0424701899341406,-1.4929878678861863,0.924,0.9440000000000001,0.078,NA,NA,9.640555494942903e-4,6.818607029771558e-4,7.070705365106467e-5,4.8554860281227565,4.237257167051531e-5,1.5610190566990314,0.005925537950262405,0.005141206084179078,0.005996498978570746,0.9850701213211381,0.015610190566990314
103,800,0.25,0.1,0.1,0,CCA,2000,0.0014919524433056402,0.0014919524433056404,0.06875755285260092,0.004727463195834156,0,0.06959008706058738,1.2108258270494332,0.9565,0.9580000000000001,0.045,NA,NA,0.0015374656214495023,0.0010874242568228445,1.4555656651924476e-4,0,1.2957066702212218e-4,1.6117384095470468,0.004561126505590477,0.004485309353879615,0.004635461142108733,1.0121082582704943,0.016117384095470467
103,800,0.25,0.1,0.1,0,AIPW,2000,-4.0174166537156026e-5,-4.017416653715603e-5,0.045044718496119185,0.002028013765026081,132.9984695242401,0.04519383986527175,0.3310518394413098,0.9510000000000001,0.9510000000000001,0.049,NA,NA,0.001007230525846646,7.123976567264312e-4,6.465115193099288e-5,7.864434489247845,9.314973985893158e-5,1.6001883127540155,0.004826955562256604,0.004826955562256604,0.0048269555622566076,1.003310518394413,0.016001883127540154
103,800,0.25,0.1,0.1,0,FCS-MI,2000,0.00266778395538563,0.00266778395538563,0.043065203496512126,0.0018608015175525156,154.91055304056886,0.04560298133652931,5.89287321078773,0.965,0.9665,0.0385,NA,NA,9.629672248306275e-4,6.810909487647334e-4,5.9321401516355e-5,8.258454488275259,1.095302953564356e-4,1.6939345588066412,0.00410944035119139,0.004023540107914917,0.004302194207610809,1.0589287321078773,0.016939345588066413
103,800,0.25,0.1,0.1,0,IPW,2000,0.0013021219196580082,0.0013021219196580082,0.07133801269435495,0.0050882630206460135,-7.103616052898188,0.06701956977306442,-6.05349484543779,0.927,0.928,0.073,NA,NA,0.0015951664576432062,0.0011282351133653403,1.5585161446405078e-4,1.0383495428084442,1.7821107702148596e-4,1.5066507228758248,0.005816829033072915,0.0057799653978203,0.005816829033072916,0.9394650515456221,0.015066507228758248
103,800,0.25,0.1,0.1,0,JM-MI,2000,0.001358593453467639,0.001358593453467639,0.04345007107544423,0.0018888104982947298,150.41471196265687,0.045710642147169696,5.202686706312498,0.966,0.968,0.038,NA,NA,9.715731255189069e-4,6.871777613930513e-4,6.120658287556897e-5,8.132176401057576,1.088629130940859e-4,1.682575210131723,0.004052406692324946,0.003935479640399632,0.004275277768753745,1.052026867063125,0.016825752101317232
103,800,0.25,0.1,0.1,0,Naive,2000,0.02210728850235264,0.02210728850235264,0.03314026891420814,0.001586460489920431,330.456000663783,0.0334966329374112,1.0753202520039862,0.898,0.9495,0.10300000000000001,NA,NA,7.410389408479256e-4,5.241247077567973e-4,4.818544805648e-5,17.73118436429895,2.5654135931389336e-5,1.6004140664343256,0.006767421961131136,0.0048964145045124596,0.0067967271535644275,1.0107532025200399,0.016004140664343258
104,800,0.5,0.1,0.1,0,CCA,2000,-8.543343636826315e-4,-8.543343636826315e-4,0.04749667049318753,0.0022555356282894313,0,0.04817547093570861,1.4291537395625387,0.9540000000000001,0.9540000000000001,0.046,NA,NA,0.0010620578392767578,7.511761176744705e-4,7.436405513195486e-5,9.426678795130648e-8,5.9364232067671906e-5,1.6089985884487745,0.004684228858627636,0.004684228858627636,0.00468422885862764,1.0142915373956254,0.016089985884487745
104,800,0.5,0.1,0.1,0,AIPW,2000,-3.952634648150421e-5,-3.95263464815042e-5,0.03710245769650134,0.0013759056332691773,63.878121208605876,0.03696842445339495,-0.361251656703665,0.9485,0.9485,0.051500000000000004,NA,NA,8.296361754168726e-4,5.867880809168852e-4,4.313091363297192e-5,4.757699498227534,4.760900606246564e-5,1.5810367076456702,0.004942051699446293,0.004942051699446293,0.004942051699446294,0.99638748343296335,0.0158103670764567
104,800,0.5,0.1,0.1,0,FCS-MI,2000,0.0010188283648606543,0.0010188283648606545,0.03676962555708527,0.0013523673721634985,66.85834011173975,0.037413464517783414,1.7510076617412995,0.96,0.9595,0.041,NA,NA,8.221938225285623e-4,5.815242265934603e-4,4.2164403299917664e-5,4.757434201318451,4.497305979826617e-5,1.6138684949516733,0.004381780460041331,0.004407933189148855,0.004433903472111228,1.017510076617413,0.016138684949516733
104,800,0.5,0.1,0.1,0,IPW,2000,-1.7439929868162595e-4,-1.7439929868162595e-4,0.04800274576560825,0.0023031418843524826,-2.09741164497963,0.04734275496998537,-1.3749021750662727,0.9460000000000001,0.9455,0.054,NA,NA,0.0010733740263854023,7.591798715048064e-4,7.580162347567913e-5,0.7101935833506693,8.065707151277415e-5,1.5688137790808374,0.005053909377897468,0.005075911248239078,0.005053909377897471,0.9862509782493373,0.015688137790808375
104,800,0.5,0.1,0.1,0,JM-MI,2000,1.2010229093553854e-4,1.2010229093553854e-4,0.03686472436417954,0.0013583428230559973,65.99857174314863,0.03736862954066771,1.3669034156072568,0.9545,0.9545,0.046,NA,NA,8.243202965009817e-4,5.830282468114416e-4,4.237023825792227e-5,4.705193509945764,4.384724391171256e-5,1.6075584807904764,0.004659922209651143,0.004659922209651143,0.00468422885862764,1.0136690341560726,0.016075584807904764
104,800,0.5,0.1,0.1,0,Naive,2000,0.020916344044965993,0.020916344044965993,0.0328014595347812,0.0015128912279454665,109.67178690229669,0.03349186765791306,2.1048091546041814,0.909,0.9595,0.0915,NA,NA,7.334629328097939e-4,5.187663213346137e-4,4.527393479861162e-5,7.388579637155978,2.6411391566149654e-5,1.6168287295592807,0.0064311352030570765,0.004407933189148855,0.00644700511865781,1.0210480915460418,0.016168287295592807
105,800,0.65,0.1,0.1,0,CCA,2000,-0.00170101868909423,-0.00170101868909423,0.042201703339946384,0.0017829867374910932,0,0.04199585948874981,-0.4877619501242547,0.9450000000000001,0.9455,0.0555,NA,NA,9.436587743440004e-4,6.674343979268513e-4,5.8203765110409746e-5,0,4.339334310883134e-5,1.5771754955877824,0.005097793640389926,0.005075911248239078,0.005119558086397693,0.9951223804987575,0.015771754955877824
105,800,0.65,0.1,0.1,0,AIPW,2000,-7.675632716002475e-4,-7.675632716002476e-4,0.03505772419738711,0.0012290186572630217,44.908052702878564,0.03524219364497551,0.5261877426776751,0.9495,0.9480000000000001,0.0505,NA,NA,7.839145444179684e-4,5.544499200396114e-4,3.842097455041275e-5,3.5114966762960025,4.216179334453807e-5,1.594398268049756,0.0048964145045124596,0.004964675215963273,0.00489641450451246,1.0052618774267768,0.01594398268049756
105,800,0.65,0.1,0.1,0,FCS-MI,2000,-2.745459610140021e-4,-2.7454596101400216e-4,0.03499541247085971,0.0012241419300433097,45.4245495296903,0.03566874053643532,1.9240466622197472,0.9525,0.9520000000000001,0.048,NA,NA,7.825212118548619e-4,5.534644387346605e-4,3.843595084518248e-5,3.4839981990247133,3.3989506955247376e-5,1.6148871227266182,0.00475624589355933,0.004779958158812687,0.0047799581588126895,1.0192404666221975,0.01614887122726618
105,800,0.65,0.1,0.1,0,IPW,2000,-0.0012830944940580198,-0.0012830944940580198,0.042415205630240836,0.0017997964753019686,-1.0041915005199575,0.041473010906777644,-2.2213607348196662,0.9405,0.9395,0.059500000000000004,NA,NA,9.484328306885034e-4,6.708110098003298e-4,5.871823259895902e-5,0.5386428446628548,6.081314111625785e-5,1.5530350528171843,0.005289600646551685,0.005331029450303197,0.005289600646551685,0.9777863926518033,0.015530350528171843
105,800,0.65,0.1,0.1,0,JM-MI,2000,-7.384417152313308e-4,-7.384417152313308e-4,0.03509387247650709,0.0012315093916214369,44.609682726203914,0.035686150615118165,1.687696731124677,0.9530000000000001,0.9530000000000001,0.0475,NA,NA,7.847228445117874e-4,5.550216174594095e-4,3.8657761115120195e-5,3.4507539162129985,3.458255075594252e-5,1.6112420154277085,0.004732388403332927,0.004732388403332927,0.004756245893559331,1.0168769673112468,0.016112420154277086
105,800,0.65,0.1,0.1,0,Naive,2000,0.02054335281109101,0.02054335281109101,0.03390805341228118,0.0015712105528879695,54.90100780100362,0.03348148139229355,-1.258025681394992,0.8965,0.9520000000000001,0.10400000000000001,NA,NA,7.582071241455443e-4,5.362674826604797e-4,4.638986139138312e-5,4.794808645778232,2.6336406418485475e-5,1.563568472636286,0.006811304941052046,0.004779958158812687,0.006825833282464494,0.9874197431860501,0.01563568472636286
106,1500,0.25,0.1,0.1,0,CCA,2000,-2.785949561698675e-4,-2.785949561698675e-4,0.04875183218267061,0.002375630385746298,4.440892098500626e-14,0.04970172210699963,1.9484189245848826,0.9520000000000001,0.9530000000000001,0.048,NA,NA,0.0010901241078811344,7.710269298507654e-4,7.404703291737964e-5,0,6.44815902824585e-5,1.6177650893472153,0.004779958158812687,0.004732388403332927,0.0047799581588126895,1.0194841892458488,0.016177650893472152
106,1500,0.25,0.1,0.1,0,AIPW,2000,1.6058703260851987e-4,1.6058703260851987e-4,0.03140615346880657,9.858790906634197e-4,140.96412363267333,0.031876063670628715,1.4962360872651015,0.9565,0.9565,0.043500000000000004,NA,NA,7.022629406804231e-4,4.966990778263178e-4,3.132274285861357e-5,8.38295548149654,4.57336614748449e-5,1.6117893840575122,0.004561126505590477,0.004561126505590477,0.004561126505590478,1.014962360872651,0.01611789384057512
106,1500,0.25,0.1,0.1,0,FCS-MI,2000,0.001758660046135479,0.001758660046135479,0.030665957945016194,9.430236613550323e-4,152.73699199507868,0.0320852261948993,4.628155599860406,0.9605,0.9595,0.0415,NA,NA,6.857116656020597e-4,4.849926320037496e-4,2.9698463100367647e-5,8.631387535924922,6.090104364279228e-5,1.6666048589446567,0.004355441998236229,0.004407933189148855,0.004459694496263169,1.046281555998604,0.016666048589446567
106,1500,0.25,0.1,0.1,0,IPW,2000,8.032728826547985e-5,8.032728826547988e-5,0.050091120042030965,0.002507872199384864,-5.275919433800203,0.04919099050213204,-1.7969842541824432,0.9410000000000001,0.9410000000000001,0.059000000000000004,NA,NA,0.0011200714948308337,7.922082262278906e-4,7.858054559348617e-5,0.9869598580855063,9.158759472953143e-5,1.5638399363176245,0.005268728499363008,0.005268728499363008,0.0052687284993630104,0.9820301574581756,0.015638399363176247
106,1500,0.25,0.1,0.1,0,JM-MI,2000,6.489023375346844e-4,6.489023375346844e-4,0.030926004465590975,9.56360617573308e-4,148.50449875965634,0.032181094265019576,4.058363895100148,0.9595,0.96,0.043500000000000004,NA,NA,6.915264825752347e-4,4.891053568266008e-4,2.9682571395839997e-5,8.487511349239403,6.213090938592323e-5,1.6579359200590629,0.004407933189148855,0.004381780460041331,0.004561126505590478,1.0405836389510015,0.01657935920059063
106,1500,0.25,0.1,0.1,0,Naive,2000,0.021093266672597685,0.021093266672597685,0.024024225437160616,0.0010218007250729078,311.7969207365729,0.024436463271178908,1.7159255980866872,0.866,0.9540000000000001,0.1345,NA,NA,5.371980118427074e-4,3.7995135672954126e-4,2.9132219544276474e-5,17.011917539680745,1.3918515645681794e-5,1.6097151289383516,0.007617217339685143,0.004684228858627636,0.007629211951440331,1.0171592559808669,0.016097151289383514
107,1500,0.5,0.1,0.1,0,CCA,2000,-0.0014419680238214269,-0.0014419680238214267,0.03539337948640592,0.0012541442375947284,0,0.0348000985226191,-1.676248418195514,0.9470000000000001,0.9470000000000001,0.0535,NA,NA,7.914200248505023e-4,5.597584234413017e-4,3.878526520198864e-5,0,2.932330494412317e-5,1.557229318963919,0.005009540897128196,0.005009540897128196,0.005031786462082826,0.9832375158180449,0.01557229318963919
107,1500,0.5,0.1,0.1,0,AIPW,2000,-0.0010364795397785368,-0.0010364795397785366,0.026800859928766026,7.190012397112554e-4,74.400050873034,0.026804170985126913,0.012354291502902903,0.9510000000000001,0.9495,0.049,NA,NA,5.992854465617101e-4,4.238647825749242e-4,2.2953834817979e-5,4.788927426123054,2.556359287210984e-5,1.584603008748323,0.004826955562256604,0.0048964145045124596,0.0048269555622566076,1.000123542915029,0.01584603008748323
107,1500,0.5,0.1,0.1,0,FCS-MI,2000,-2.5148565728639764e-4,-2.5148565728639764e-4,0.02657338885888782,7.058551679837613e-4,77.39859654151327,0.02702301037159938,1.6919991465867534,0.9525,0.9525,0.048,NA,NA,5.941990388100873e-4,0.00042026724966619374,2.2474456125365422e-5,4.836042206576434,2.631228562841136e-5,1.6113390170079631,0.00475624589355933,0.00475624589355933,0.0047799581588126895,1.0169199914658675,0.016113390170079633
107,1500,0.5,0.1,0.1,0,IPW,2000,-0.001069703519582825,-0.001069703519582825,0.03586860014523166,0.0012870574637601315,-2.6322330602306376,0.03465150563114176,-3.3932032729515282,0.9445,0.9445,0.0555,NA,NA,8.020462818249684e-4,5.672742009858904e-4,4.0212156079570764e-5,0.6400983612966469,4.29064436145442e-5,1.5325451750255816,0.005119558086397692,0.005119558086397692,0.005119558086397693,0.9660679672704847,0.015325451750255816
107,1500,0.5,0.1,0.1,0,JM-MI,2000,-8.059472851745126e-4,-8.059472851745126e-4,0.02666714069821818,7.114303758485354e-4,76.15345294753286,0.027022430887582147,1.3323145266477932,0.9570000000000001,0.9550000000000001,0.044,NA,NA,5.962953936676706e-4,4.2174996712747605e-4,2.260430514247848e-5,4.815419622600549,2.5890972333757985e-5,1.6055435276603134,0.004536022486716746,0.00463546114210873,0.0045860658521220555,1.013323145266478,0.016055435276603133
107,1500,0.5,0.1,0.1,0,Naive,2000,0.020407903533407955,0.020407903533407958,0.02425755683584519,0.0010046173757413226,112.88739609674776,0.02438592875459591,0.5292038255106712,0.868,0.9530000000000001,0.133,NA,NA,5.424154605301456e-4,3.836415727462739e-4,2.8310356901862358e-5,7.341051140503023,1.4005049399993418e-5,1.5909517303892546,0.007568883669339885,0.004732388403332927,0.00759312188760328,1.0052920382551067,0.015909517303892548
108,1500,0.65,0.1,0.1,0,CCA,2000,-0.0017638061309888891,-0.0017638061309888894,0.03005917251635453,9.062130875094937e-4,0,0.030466403634638338,1.354764899340588,0.9545,0.9575,0.046,NA,NA,6.721435309396214e-4,4.7539611254605657e-4,2.9014828061831185e-5,0,2.3071284524172306e-5,1.604796821860488,0.004659922209651143,0.004510751046111944,0.00468422885862764,1.0135476489934059,0.01604796821860488
108,1500,0.65,0.1,0.1,0,AIPW,2000,-9.472664122282328e-4,-9.472664122282329e-4,0.025647018744954005,6.583379993745058e-4,37.36631989157038,0.025679820599830396,0.12789734043783252,0.9485,0.9480000000000001,0.051500000000000004,NA,NA,5.734847733392849e-4,4.0561638891134847e-4,2.1439115989658836e-5,3.3102119751583263,2.15580938409046e-5,1.5857863502131804,0.004942051699446293,0.004964675215963273,0.004942051699446294,1.0012789734043783,0.015857863502131805
108,1500,0.65,0.1,0.1,0,FCS-MI,2000,-4.625919349675955e-4,-4.625919349675955e-4,0.02550074502395152,6.501768440764971e-4,38.94672158286612,0.025877235391754707,1.4763896797900244,0.9520000000000001,0.9510000000000001,0.048,NA,NA,5.702139935044511e-4,4.033030198958044e-4,2.114161909523861e-5,3.325400587447267,1.9080425021356007e-5,1.6066271268002392,0.004779958158812687,0.004826955562256604,0.0047799581588126895,1.0147638967979002,0.01606627126800239
108,1500,0.65,0.1,0.1,0,IPW,2000,-0.0012636211619915722,-0.0012636211619915722,0.030300177819412917,9.192384639411316e-4,-1.5844582536168939,0.030287394114768558,-0.04219019677227376,0.9525,0.9530000000000001,0.0475,NA,NA,6.775325733453864e-4,4.792076939897774e-4,2.9379683513664136e-5,0.4745318349176591,3.179486155835579e-5,1.5843457398120355,0.00475624589355933,0.004732388403332927,0.004756245893559331,0.9995780980322773,0.015843457398120354
108,1500,0.65,0.1,0.1,0,JM-MI,2000,-8.008873518515035e-4,-8.008873518515036e-4,0.025601612889546196,6.557562818052607e-4,37.85400528265275,0.025863611807641494,1.0233687979958495,0.9520000000000001,0.9520000000000001,0.049,NA,NA,5.724694675466012e-4,4.04898279750627e-4,2.1182595028151132e-5,3.28992520696654,1.9005400922659206e-5,1.599442863823947,0.004779958158812687,0.004779958158812687,0.0048269555622566076,1.0102336879799585,0.01599442863823947
108,1500,0.65,0.1,0.1,0,Naive,2000,0.020950394916806867,0.020950394916806867,0.024413495509425117,0.001034639800777393,51.5982228205563,0.024405742502119243,-0.031757055448622395,0.8635,0.9500000000000001,0.1375,NA,NA,5.459023552746042e-4,3.8610779629834113e-4,2.9403912754257108e-5,4.7620249458393635,1.3879831150656723e-5,1.5820538886032054,0.007676840170278393,0.0048733971724044785,0.00770044641563072,0.9996824294455138,0.015820538886032055
109,500,0.25,0.01,0,0.15,CCA,2000,0.1547724010351375,0.004772401035137514,0.09011875835768239,0.008140105724266567,0,0.09051958045335076,0.44477099215849414,0.9520000000000001,0.9530000000000001,0.4185,NA,NA,0.0020151166973565514,0.0014252590408937642,2.486177478374521e-4,0,2.1393702494923065e-4,1.6062085650145688,0.004779958158812687,0.004732388403332927,0.011030814793114786,1.004447709921585,0.016062085650145688
109,500,0.25,0.01,0,0.15,AIPW,2000,0.15134869441408605,0.0013486944140860418,0.0509920358704395,0.0026007066049736705,212.3386261135342,0.05195320015479732,1.8849302012571956,0.9545,0.9540000000000001,0.8295,NA,NA,0.001140216585174104,8.0645651873573e-4,8.306532010385769e-5,10.810562239183534,1.2494655295172086e-4,1.6298691375328194,0.004659922209651143,0.004684228858627636,0.008409213696892237,1.018849302012572,0.016298691375328193
109,500,0.25,0.01,0,0.15,FCS-MI,2000,0.151727937062252,0.0017279370622519928,0.04938730793548582,0.002440872398513048,232.96584861675882,0.05314359262798308,7.60576927457568,0.97,0.9705,0.8255,NA,NA,0.0011043337776946108,7.81077196615137e-4,7.724164441864779e-5,10.61261054577168,1.1909371385923547e-4,1.7188217261926066,0.003814446224552132,0.0037835003634200943,0.008486747021091178,1.0760576927457568,0.017188217261926066
109,500,0.25,0.01,0,0.15,IPW,2000,0.15436514607944485,0.004365146079444852,0.09210850188049007,0.008498788630903802,-4.273768639447894,0.08418265576140142,-8.604901781349517,0.9155,0.916,0.47300000000000003,NA,NA,0.00205960871510443,0.0014567275164544874,2.60777530616826e-4,1.1653745135659663,2.8028602612691024e-4,1.4771286484438215,0.006219314672855845,0.006202580108309766,0.011164027051203342,0.9139509821865048,0.014771286484438215
109,500,0.25,0.01,0,0.15,JM-MI,2000,0.15198718205377607,0.001987182053776076,0.05015733774690703,0.002518449543107226,222.82075213279708,0.053309205447779735,6.2839613154449525,0.9665,0.9675,0.8230000000000001,NA,NA,0.0011215521677250028,7.932554819187343e-4,7.965514478653401e-5,10.213341623608512,1.2352496905150478e-4,1.6988626227719144,0.004023540107914917,0.00396508196636589,0.008534371681617808,1.0628396131544495,0.016988626227719142
109,500,0.25,0.01,0,0.15,Naive,2000,0.14992513614885805,-7.486385114193495e-5,0.04218859700577538,0.0017789933830532699,356.28924554313954,0.04240053397666666,0.5023560533721216,0.9560000000000001,0.9560000000000001,0.9430000000000001,NA,NA,9.433657078025785e-4,6.672271167613024e-4,5.566693739506166e-5,17.829048135356967,4.3336535423354396e-5,1.5927949373627153,0.004586065852122053,0.004586065852122053,0.005184158562389848,1.0050235605337212,0.015927949373627154
110,500,0.5,0.01,0,0.15,CCA,2000,0.14989752239002585,-1.0247760997413609e-4,0.06187091501121229,0.0038261066209230384,4.440892098500626e-14,0.06197872149044958,0.17424419732237073,0.9470000000000001,0.9475,0.679,NA,NA,0.0013834757179518285,9.785097197866877e-4,1.239240010325921e-4,6.665668500104317e-8,9.438737074068686e-5,1.591618017104204,0.005009540897128196,0.004987171041783106,0.01043932469080256,1.0017424419732237,0.01591618017104204
110,500,0.5,0.01,0,0.15,AIPW,2000,0.15097654597291307,9.765459729130665e-4,0.04494497087061289,0.002019994023394174,89.50072294695966,0.04406821543036565,-1.9507309121886807,0.9460000000000001,0.9465,0.9175,NA,NA,0.0010050001011343832,7.108201138524352e-4,6.404798238042139e-5,5.6961716550567125,6.438448371849332e-5,1.5572855169899567,0.005053909377897468,0.005031786462082825,0.0061519813881382975,0.9804926908781132,0.015572855169899567
110,500,0.5,0.01,0,0.15,FCS-MI,2000,0.1508921883084721,8.921883084721018e-4,0.044776296428438805,0.0020047102634642724,90.93112859058562,0.04494727375673457,0.381847856865547,0.9525,0.9540000000000001,0.916,NA,NA,0.0010012284259467022,7.08152469756384e-4,6.389613241313846e-5,5.538644892893016,5.044032633703092e-5,1.5915649454141436,0.00475624589355933,0.004684228858627636,0.006202580108309766,1.0038184785686555,0.015915649454141437
110,500,0.5,0.01,0,0.15,IPW,2000,0.1505813916503918,5.813916503918107e-4,0.0625283278610629,0.00390817490545917,-2.0917139651163374,0.06025290977259638,-3.6390195712932893,0.936,0.936,0.7000000000000001,NA,NA,0.0013981759161673067,9.889069292570005e-4,1.2567764539720663e-4,0.7935854431415057,1.333189711655998e-4,1.5388245469464719,0.00547284204047586,0.00547284204047586,0.010246950765959597,0.9636098042870671,0.015388245469464719
110,500,0.5,0.01,0,0.15,JM-MI,2000,0.15095185476226863,9.518547622686505e-4,0.04476429935492295,0.0020037466029772404,91.0334834478149,0.04495219043596241,0.41973421621037676,0.9515,0.9520000000000001,0.9185,NA,NA,0.001000960163227577,7.079627319281634e-4,6.36887616148559e-5,5.52971060217748,5.077325272512124e-5,1.592217573153471,0.004803527349771207,0.004779958158812687,0.006117914268768402,1.0041973421621038,0.015922175731534708
110,500,0.5,0.01,0,0.15,Naive,2000,0.15083967414951213,8.396741495121248e-4,0.04203167960296965,0.0017664838118789303,116.68037965257496,0.042443268014266726,0.9792337950444319,0.9550000000000001,0.9530000000000001,0.9425,NA,NA,9.398569280073151e-4,6.647454142711863e-4,5.577624870386274e-5,7.066114606142242,4.10922148496797e-5,1.6000108192217726,0.00463546114210873,0.004732388403332927,0.005205465877325487,1.0097923379504443,0.016000108192217727
111,500,0.65,0.01,0,0.15,CCA,2000,0.1477123626560313,-0.002287637343968691,0.053875099951624865,0.002906308416217691,4.440892098500626e-14,0.053856170874028955,-0.03513511364787725,0.9470000000000001,0.9430000000000001,0.795,NA,NA,0.0012046838578642883,8.52053165006381e-4,9.571497580071283e-5,0,7.426116094572852e-5,1.5869760626844582,0.005009540897128196,0.005184158562389848,0.009027042705116665,0.9996486488635212,0.015869760626844583
111,500,0.65,0.01,0,0.15,AIPW,2000,0.14833200736418004,-0.0016679926358199677,0.04423066229221178,0.001958155510497431,48.36425940687297,0.043078345284537245,-2.60524475094156,0.9400000000000001,0.9420000000000001,0.9245,NA,NA,9.890276757522222e-4,6.995230789408643e-4,6.334143415387408e-5,3.686454032671548,6.381045709609643e-5,1.5470727198881802,0.005310367218940699,0.005226662414964255,0.005907611615534657,0.9739475524905844,0.015470727198881802
111,500,0.65,0.01,0,0.15,FCS-MI,2000,0.14838951004736242,-0.0016104899526375605,0.044146570551168114,0.001950538909471096,48.93001530858192,0.04382455107483334,-0.7294325976273552,0.9465,0.9475,0.923,NA,NA,9.871473272590227e-4,6.981931392438339e-4,6.286108726639429e-5,3.6116933726029234,4.737176250332346e-5,1.5736608073452394,0.005031786462082825,0.004987171041783106,0.005961165993327143,0.9927056740237264,0.015736608073452393
111,500,0.65,0.01,0,0.15,IPW,2000,0.14817038952316636,-0.001829610476833634,0.05447678115823709,0.002969583300016714,-2.1967469126695227,0.05258939191716462,-3.4645755511696352,0.929,0.9275,0.806,NA,NA,0.0012181378586519787,8.615689594434982e-4,9.833559908069025e-5,0.6033191869457405,1.0055377892139345e-4,1.5378581377781182,0.005742778073371805,0.005798437289477226,0.008842058583836684,0.9653542444883036,0.015378581377781182
111,500,0.65,0.01,0,0.15,JM-MI,2000,0.1483392926576763,-0.0016607073423236729,0.04420112270336209,0.0019555203274904008,48.56262919505412,0.043837731071215934,-0.8221321313146568,0.9460000000000001,0.9465,0.916,NA,NA,9.883671504652691e-4,6.990559002220321e-4,6.315292377669825e-5,3.593705960909913,4.742523768452321e-5,1.5721973663469482,0.005053909377897468,0.005031786462082825,0.006202580108309766,0.9917786786868534,0.01572197366346948
111,500,0.65,0.01,0,0.15,Naive,2000,0.14827212871189313,-0.0017278712881068747,0.042874756212698074,0.001840311137126407,57.89662620799352,0.04246952753607967,-0.9451451446349957,0.9460000000000001,0.9450000000000001,0.9405,NA,NA,9.587086941032433e-4,6.78078959718099e-4,5.871605220966161e-5,4.209277803779474,4.344311784562315e-5,1.569859881631166,0.005053909377897468,0.005097793640389926,0.005289600646551685,0.99054854855365,0.015698598816311658
112,800,0.25,0.01,0,0.15,CCA,2000,0.15101327443003332,0.0010132744300333347,0.07114796762896895,0.005060529006154507,0,0.06981144208740656,-1.878515418082316,0.9400000000000001,0.9395,0.581,NA,NA,0.0015909169207932912,0.001125229485540958,1.5687749589755935e-4,0,1.3055227184823788e-4,1.56263577740139,0.005310367218940699,0.005331029450303197,0.011032656071862297,0.9812148458191768,0.0156263577740139
112,800,0.25,0.01,0,0.15,AIPW,2000,0.15033752960854663,3.375296085466348e-4,0.03872487512716112,0.0014989800718740605,237.5553111136765,0.03838297950709914,-0.8828837250973609,0.9480000000000001,0.9475,0.974,NA,NA,8.659145320452308e-4,6.124471684730372e-4,4.713091772617538e-5,12.136616968515767,6.47449952769314e-5,1.576462044361326,0.004964675215963273,0.004987171041783106,0.0035583704135460676,0.9911711627490264,0.01576462044361326
112,800,0.25,0.01,0,0.15,FCS-MI,2000,0.15006999309173774,6.999309173773483e-5,0.038303740158213154,0.0014664478208857481,245.01869835419464,0.03921985177947892,2.391702787983041,0.9565,0.9565,0.9735,NA,NA,8.564976678625317e-4,6.057867746452917e-4,4.6589913357691336e-5,11.84008060996477,6.245452468768566e-5,1.6275478183197563,0.004561126505590477,0.004561126505590477,0.00359150038284837,1.0239170278798304,0.016275478183197564
112,800,0.25,0.01,0,0.15,IPW,2000,0.15140620675648112,0.0014062067564811116,0.07361346037477642,0.005418209495016579,-6.586309289952008,0.06719987310195359,-8.712519748657865,0.92,0.92,0.601,NA,NA,0.0016460470145698725,0.0011642220980697848,1.6620477251772864e-4,0.9957145490058279,1.6887276559371693e-4,1.461854898027488,0.006066300355241239,0.006066300355241239,0.01094986301284176,0.9128748025134213,0.014618548980274879
112,800,0.25,0.01,0,0.15,JM-MI,2000,0.1502459079538793,2.4590795387929534e-4,0.03839459386567761,0.0014734682364130548,243.38778435243267,0.039378948610994786,2.5637847577211437,0.9535,0.9540000000000001,0.9725,NA,NA,8.585292185215157e-4,6.072236571581253e-4,4.6643544153094885e-5,11.79833015220261,6.681359078675364e-5,1.631389102164363,0.004708383480558906,0.004684228858627636,0.003656757443418962,1.0256378475772114,0.01631389102164363
112,800,0.25,0.01,0,0.15,Naive,2000,0.1497009654515342,-2.990345484658063e-4,0.03451919508223418,0.0011910684633719539,324.81875027928646,0.033464178542633644,-3.0563184833458545,0.9415,0.9415,0.9935,NA,NA,7.718726673245207e-4,5.459328975667778e-4,3.807423304671647e-5,16.46408890426407,2.6840642213111873e-5,1.5351679526779491,0.0052477495176503994,0.0052477495176503994,0.0017969070649312877,0.9694368151665415,0.015351679526779492
113,800,0.5,0.01,0,0.15,CCA,2000,0.1487406891835153,-0.0012593108164847032,0.049277875029285864,0.00242868067665073,0,0.048377687608657606,-1.8267577895623055,0.9480000000000001,0.9485,0.8635,NA,NA,0.0011018867835222263,7.793464777084947e-4,7.486783013091387e-5,0,5.78027712999647e-5,1.557068055207361,0.004964675215963273,0.004942051699446293,0.007676840170278393,0.981732422104377,0.01557068055207361
113,800,0.5,0.01,0,0.15,AIPW,2000,0.1489170660699591,-0.001082933930040885,0.03471943453701995,0.0012060091608999625,101.4460040130769,0.034413194863482904,-0.8820410747488294,0.9425,0.9425,0.989,NA,NA,7.763501576513055e-4,5.490997531524299e-4,3.772025467327983e-5,6.240320619808183,3.867505536401191e-5,1.5715373139874098,0.005205465877325487,0.005205465877325487,0.0023322735688593665,0.9911795892525117,0.0157153731398741
113,800,0.5,0.01,0,0.15,FCS-MI,2000,0.14896874292432014,-0.001031257075679855,0.0345884289393343,0.001196824727939273,102.97486975306596,0.03484981858974123,0.7557141460960537,0.9505,0.9470000000000001,0.989,NA,NA,7.734207834327245e-4,5.470278547384718e-4,3.7253375918360877e-5,6.149295276903926,3.065997994455804e-5,1.5959497298395322,0.004850244839180801,0.005009540897128196,0.0023322735688593665,1.0075571414609605,0.015959497298395322
113,800,0.5,0.01,0,0.15,IPW,2000,0.14925907397043173,-7.409260295682539e-4,0.049824447154342456,0.002481783267850038,-2.181957730778683,0.047648087036760066,-4.368056730947012,0.9395,0.9395,0.87,NA,NA,0.001114108507784557,7.879907031387379e-4,7.701463062744381e-5,0.7127456418828748,8.123054416288406e-5,1.5212136022321767,0.005331029450303197,0.005331029450303197,0.007519973404208289,0.9563194326905299,0.015212136022321767
113,800,0.5,0.01,0,0.15,JM-MI,2000,0.14895362553336883,-0.0010463744666311563,0.0346576571828466,0.0012016475243274342,102.16480000753366,0.034867083669299505,0.6042719083636072,0.9465,0.9460000000000001,0.99,NA,NA,7.749687740172885e-4,5.481227231293508e-4,3.7622462591052384e-5,6.123344935422977,3.052423885392928e-5,1.5935267873776622,0.005031786462082825,0.005053909377897468,0.0022248595461287,1.006042719083636,0.015935267873776623
113,800,0.5,0.01,0,0.15,Naive,2000,0.14914230953565885,-8.576904643411408e-4,0.03372828610276923,0.0011377641177211623,113.45945553594419,0.03349662047810009,-0.6868585731372612,0.9475,0.9440000000000001,0.989,NA,NA,7.541874049035346e-4,5.334244010667216e-4,3.575445591655964e-5,6.88897993180198,2.6271849680975186e-5,1.5726015965127973,0.004987171041783106,0.005141206084179078,0.0023322735688593665,0.9931314142686274,0.015726015965127974
114,800,0.65,0.01,0,0.15,CCA,2000,0.14914355458407735,-8.564454159226286e-4,0.043508617395545936,0.0018927867865286213,0,0.04217497731951285,-3.0652320295740165,0.9465,0.9475,0.9295,NA,NA,9.728822610347057e-4,6.881036915052355e-4,5.910043025321281e-5,0,4.333250566808451e-5,1.5362882706579601,0.005031786462082825,0.004987171041783106,0.005724061058374553,0.9693476797042598,0.015362882706579602
114,800,0.65,0.01,0,0.15,AIPW,2000,0.14949835679145757,-5.016432085424217e-4,0.036217246602717634,0.0013112847529149975,44.31773520186506,0.033875421968061876,-6.466048234820909,0.9325,0.933,0.9905,NA,NA,8.098422536154994e-4,5.72788164168064e-4,4.062642461598743e-5,3.59802992343732,3.7858434073177036e-5,1.4829602123691952,0.005609979946488223,0.0055906618570612885,0.0021690723823791537,0.9353395176517909,0.014829602123691952
114,800,0.65,0.01,0,0.15,FCS-MI,2000,0.14952854447848007,-4.714555215199328e-4,0.03618577928982903,0.001308978187809585,44.56884301170623,0.03422135265670287,-5.428725515048716,0.936,0.937,0.991,NA,NA,8.091386231086177e-4,5.722904978330585e-4,4.069368954843792e-5,3.5503480808821286,2.7388099136395076e-5,1.4975909344125895,0.00547284204047586,0.00543281694887652,0.002111752826445369,0.9457127448495128,0.014975909344125895
114,800,0.65,0.01,0,0.15,IPW,2000,0.14948365443608905,-5.163455639109609e-4,0.0438765480054292,0.0019244555018816676,-1.6700855900112943,0.04164062750386043,-5.095935307609201,0.9410000000000001,0.9405,0.9325,NA,NA,9.811094395817252e-4,6.939226401649178e-4,5.975744754447477e-5,0.5275923416270549,5.905697600866646e-5,1.5069633102716509,0.005268728499363008,0.005289600646551685,0.005609979946488223,0.949040646923908,0.015069633102716508
114,800,0.65,0.01,0,0.15,JM-MI,2000,0.14947841548071897,-5.215845192810267e-4,0.036221353272897286,0.0013116024901143207,44.28501241882823,0.034226115753609586,-5.508456584311672,0.935,0.935,0.991,NA,NA,8.099340815523283e-4,5.728531125640271e-4,4.0814854791900944e-5,3.5413715801663215,2.7324444090358635e-5,1.4963189446453085,0.005512485827646179,0.005512485827646179,0.002111752826445369,0.9449154341568833,0.014963189446453085
114,800,0.65,0.01,0,0.15,Naive,2000,0.14941576943402385,-5.842305659761497e-4,0.035254171416007535,0.001242576499282349,52.31039399691277,0.03345502962690004,-5.103344418103594,0.9385,0.9390000000000001,0.9925,NA,NA,7.883072377662287e-4,5.575568001109714e-4,3.8768991747337376e-5,3.959799285103062,2.5975544092475004e-5,1.502630660104644,0.005372045699731156,0.005351588549206672,0.0019292161620720412,0.948966555818964,0.01502630660104644
115,1500,0.25,0.01,0,0.15,CCA,2000,0.1495482656660053,-4.5173433399471505e-4,0.048967041997558095,0.0023967763802981326,0,0.04991320328933142,1.9322410608762386,0.9575,0.9580000000000001,0.8485,NA,NA,0.00109493634563627,7.744305468107333e-4,7.498065846174299e-5,0,6.464303269577626e-5,1.6174895328932486,0.004510751046111944,0.004485309353879615,0.008017098914195832,1.0193224106087624,0.016174895328932487
115,1500,0.25,0.01,0,0.15,AIPW,2000,0.15045753083890015,4.5753083890014384e-4,0.025438967741437658,6.470268436785757e-4,270.5175389139662,0.026481379901328875,4.097698344077183,0.9545,0.9560000000000001,1,NA,NA,5.68832611472789e-4,4.023259910060447e-4,2.0792662516575875e-5,13.96110722079803,2.870489746171913e-5,1.6502031389828136,0.004659922209651143,0.004586065852122053,0,1.0409769834407718,0.016502031389828135
115,1500,0.25,0.01,0,0.15,FCS-MI,2000,0.15058817000581298,5.881700058129966e-4,0.025126051066411033,6.313487269265372e-4,279.80376332199614,0.026971601975755485,7.345168982051531,0.9590000000000001,0.9585,1,NA,NA,5.618355819062616e-4,3.973771065755914e-4,2.0431445033600095e-5,13.936804906950973,2.9574770879883763e-5,1.7017761396655882,0.004433903472111224,0.004459694496263168,0,1.0734516898205153,0.01701776139665588
115,1500,0.25,0.01,0,0.15,IPW,2000,0.14940402836468872,-5.959716353112757e-4,0.0505973898127757,0.0025591709901281413,-6.340569377643568,0.04939473201701291,-2.3769166753719095,0.9455,0.9470000000000001,0.8435,NA,NA,0.0011313920310542182,8.002150561158618e-4,7.794102583031707e-5,0.9388421365175811,9.28735627837574e-5,1.554815285264287,0.005075911248239078,0.005009540897128196,0.008124276890899274,0.9762308332462809,0.015548152852642869
115,1500,0.25,0.01,0,0.15,JM-MI,2000,0.15051556823949605,5.15568239496067e-4,0.02527486836270323,6.387653718761779e-4,275.34439516849596,0.02703094737259444,6.947925443926595,0.9570000000000001,0.9565,1,NA,NA,5.651632378136324e-4,3.997307031058497e-4,2.0649208647234647e-5,13.783103098891718,3.051829948132144e-5,1.6957224549871583,0.004536022486716746,0.004561126505590477,0,1.069479254439266,0.016957224549871582
115,1500,0.25,0.01,0,0.15,Naive,2000,0.15066224452115462,6.622445211546332e-4,0.023529600429989486,5.538038431525633e-4,333.090478054992,0.0243860362582729,3.6398230851036883,0.9540000000000001,0.9530000000000001,1,NA,NA,5.261378604486478e-4,3.7212869276734186e-4,1.7720745124175e-5,17.00401777448874,1.431109708519208e-5,1.6402273719507985,0.004684228858627636,0.004732388403332927,0,1.0363982308510369,0.016402273719507986
116,1500,0.5,0.01,0,0.15,CCA,2000,0.14939591286512455,-6.040871348754585e-4,0.03472415849702812,0.0012055292210015887,0,0.034941340227674665,0.6254485063047266,0.9490000000000001,0.9495,0.991,NA,NA,7.76455788608318e-4,5.491744641985336e-4,3.811676449243782e-5,0,2.9566735762816874e-5,1.5937021768250856,0.004919298730510272,0.0048964145045124596,0.002111752826445369,1.0062544850630473,0.015937021768250858
116,1500,0.5,0.01,0,0.15,AIPW,2000,0.15008241810906447,8.241810906447036e-5,0.024804254044904068,6.149501859594795e-4,95.9797134228493,0.024840851177540393,0.14754377442705024,0.9545,0.9545,1,NA,NA,5.546399817557962e-4,3.9228777642287094e-4,1.902719158918695e-5,6.069602156042197,2.1097100278947192e-5,1.5861498019278073,0.004659922209651143,0.004659922209651143,0,1.0014754377442705,0.015861498019278074
116,1500,0.5,0.01,0,0.15,FCS-MI,2000,0.1500811451232863,8.114512328630805e-5,0.02479723558611505,6.146020257979672e-4,96.09066693542789,0.025015541967111355,0.8803657981881763,0.9555,0.9555,1,NA,NA,5.544830442463009e-4,3.921767770923821e-4,1.904561527920025e-5,6.013128825385583,1.5508839350042155e-5,1.5966829277799965,0.004610843198374891,0.004610843198374891,0,1.0088036579818818,0.015966829277799965
116,1500,0.5,0.01,0,0.15,IPW,2000,0.14985211890079736,-1.4788109920263983e-4,0.03503511425903898,0.001226867370347846,-1.767231633181865,0.03481916903507811,-0.6163679740395112,0.9455,0.9455,0.99,NA,NA,7.834089708268334e-4,5.540923361177732e-4,3.812751411312556e-5,0.672386172330848,4.4024601480305575e-5,1.5768011589765825,0.005075911248239078,0.005075911248239078,0.0022248595461287,0.9938363202596049,0.015768011589765825
116,1500,0.5,0.01,0,0.15,JM-MI,2000,0.1500843891190119,8.438911901190346e-5,0.024866131566227745,6.180224583428209e-4,95.00556506208848,0.025021669579154093,0.6255014476702625,0.9530000000000001,0.9520000000000001,1,NA,NA,5.560236051953854e-4,3.9326639062375277e-4,1.9152758777158874e-5,5.971396193297792,1.5518882167281572e-5,1.592650048720977,0.004732388403332927,0.004779958158812687,0,1.0062550144767026,0.01592650048720977
116,1500,0.5,0.01,0,0.15,Naive,2000,0.14998756443318104,-1.2435566818966348e-5,0.02425120041235755,5.878268157229331e-4,105.02035370795272,0.024372524669893793,0.5002814519417198,0.9560000000000001,0.9560000000000001,1,NA,NA,5.422733265800241e-4,3.8354104373091005e-4,1.8591766413618383e-5,6.566128309872357,1.4015018406939308e-5,1.5904966570187207,0.004586065852122053,0.004586065852122053,0,1.0050028145194172,0.015904966570187206
117,1500,0.65,0.01,0,0.15,CCA,2000,0.1497129512255472,-2.870487744527938e-4,0.030325507932388657,9.192590101406035e-4,0,0.03061605556851618,0.9580965198515701,0.9495,0.9490000000000001,0.999,NA,NA,6.780989718903013e-4,4.7960829840536695e-4,2.8738777199092957e-5,0,2.333363005690399e-5,1.5985397656220728,0.0048964145045124596,0.004919298730510272,7.067531393633852e-4,1.0095809651985157,0.01598539765622073
117,1500,0.65,0.01,0,0.15,AIPW,2000,0.14982491804527587,-1.7508195472411666e-4,0.024850574906694026,6.172729513474843e-4,48.916659896993565,0.024605287816994326,-0.9870479480682981,0.9425,0.9430000000000001,1,NA,NA,5.556757477131834e-4,3.930203567230355e-4,2.0197783736956244e-5,4.000020038362233,1.9962482080801673e-5,1.5679828270384921,0.005205465877325487,0.005184158562389848,0,0.990129520519317,0.015679828270384923
117,1500,0.65,0.01,0,0.15,FCS-MI,2000,0.1497845300041367,-2.154699958633075e-4,0.024854341245774483,6.174758369411434e-4,48.871530707354,0.024781361014721785,-0.293631725464083,0.9435,0.9430000000000001,1,NA,NA,5.557599656152856e-4,3.930799226660569e-4,2.0242119240928438e-5,3.9622754531400637,1.4640931773692876e-5,1.5779902685954226,0.005162739098579358,0.005184158562389848,0,0.9970636827453592,0.015779902685954226
117,1500,0.65,0.01,0,0.15,IPW,2000,0.15002374581998915,2.3745819989163115e-5,0.03056928541314448,9.340145339289196e-4,-1.5885583512452395,0.030431522837237678,-0.4506568408287559,0.9485,0.9485,0.9995,NA,NA,6.83550002073838e-4,4.8346372278920636e-4,2.939300763302504e-5,0.4825897939545923,3.2096013381471914e-5,1.5779040264747888,0.004942051699446293,0.004942051699446293,4.99874984371065e-4,0.9954934315917124,0.015779040264747888
117,1500,0.65,0.01,0,0.15,JM-MI,2000,0.14985059875508136,-1.4940124491864194e-4,0.024864093080944477,6.179363339074853e-4,48.75477712796603,0.02478437671695938,-0.3206083717816721,0.9460000000000001,0.9440000000000001,1,NA,NA,5.559780232787403e-4,3.9323415128054995e-4,2.0239225186748057e-5,3.966352431619468,1.4696518557764072e-5,1.5775714190927548,0.005053909377897468,0.005141206084179078,0,0.9967939162821833,0.015775714190927548
117,1500,0.65,0.01,0,0.15,Naive,2000,0.1496870634367793,-3.129365632207072e-4,0.024531365987320985,6.015849525378875e-4,52.81736390293623,0.02438955737148569,-0.5780706052349038,0.9450000000000001,0.9450000000000001,1,NA,NA,5.485380192857597e-4,3.879719582923266e-4,2.0059638642703654e-5,4.25737303335177,1.4051159105616214e-5,1.573434786521274,0.005097793640389926,0.005097793640389926,0,0.994219293947651,0.01573434786521274
118,500,0.25,0.01,0.02,0.15,CCA,2000,0.15248083068957727,0.002480830689577262,0.08822430998964917,0.007785791629623484,0,0.08922458822191766,1.1337898050841622,0.9550000000000001,0.9545,0.41300000000000003,NA,NA,0.001972755544048693,0.0013952976908568591,2.464950807593352e-4,0,2.159926835276008e-4,1.6180939118037545,0.00463546114210873,0.004659922209651143,0.011009791097019054,1.0113378980508416,0.016180939118037543
118,500,0.25,0.01,0.02,0.15,AIPW,2000,0.1516716433215316,0.0016716433215316128,0.0514149328675012,0.0026449679655031915,194.44080377411538,0.0518507638507561,0.8476739323535876,0.9485,0.9495,0.8455,NA,NA,0.0011496728495032087,8.131447796418195e-4,8.773435483401168e-5,10.293737048055954,1.320538492722949e-4,1.615488091430735,0.004942051699446293,0.0048964145045124596,0.008081761874739938,1.0084767393235359,0.01615488091430735
118,500,0.25,0.01,0.02,0.15,FCS-MI,2000,0.15247185434525712,0.0024718543452571288,0.04959267212967539,0.0024643134763011683,216.47654012192538,0.052942676458163376,6.755038969725935,0.963,0.9655,0.842,NA,NA,0.0011089258606781344,7.84325101710354e-4,8.045846662467905e-5,10.243988715004635,1.2050932231370895e-4,1.7057646453340543,0.004220841148396847,0.00408103847078167,0.008155856791288087,1.0675503896972593,0.01705764645334054
118,500,0.25,0.01,0.02,0.15,IPW,2000,0.15293919452780952,0.0029391945278095365,0.09136504505823996,0.008352036537237277,-6.756966240409435,0.0827825026446624,-9.393682680402204,0.91,0.911,0.47200000000000003,NA,NA,0.002042984515175558,0.001444969492079357,2.5532019340410167e-4,1.1369834122551892,2.787134586295854e-4,1.4650806527660103,0.0063992187023104614,0.006367063687446513,0.01116279534883624,0.906063173195978,0.014650806527660104
118,500,0.25,0.01,0.02,0.15,JM-MI,2000,0.15245465093836216,0.0024546509383621675,0.0500864520292104,0.00251342366176516,210.26729785676994,0.05321806186759484,6.25240900784525,0.961,0.965,0.8365,NA,NA,0.0011199671148909675,7.921344000057282e-4,8.185945173999391e-5,10.02237627095632,1.247424075020639e-4,1.6987741160623615,0.004328914413568374,0.00410944035119139,0.008269454335081607,1.0625240900784525,0.016987741160623616
118,500,0.25,0.01,0.02,0.15,Naive,2000,0.15439033112760267,0.004390331127602684,0.04347617625766375,0.0019085078204464487,311.78816369430865,0.04210513406064781,-3.1535482533937453,0.937,0.9395,0.9525,NA,NA,9.721568551389856e-4,6.87590623794294e-4,6.158915343374728e-5,16.41542583693266,4.29573977758752e-5,1.534843499895204,0.00543281694887652,0.005331029450303197,0.00475624589355933,0.9684645174660625,0.01534843499895204
119,500,0.5,0.01,0.02,0.15,CCA,2000,0.15043158743672105,4.315874367210521e-4,0.06250201709983005,0.003904735158192212,4.440892098500626e-14,0.06082210592230678,-2.6877711399938775,0.9490000000000001,0.9485,0.6905,NA,NA,0.0013975875896607428,9.884908155532244e-4,1.2813443497809642e-4,0,9.566701281480307e-5,1.5466188392956968,0.004919298730510272,0.004942051699446293,0.010337063170939801,0.9731222886000612,0.015466188392956968
119,500,0.5,0.01,0.02,0.15,AIPW,2000,0.1492905848239381,-7.09415176061918e-4,0.04443159264386953,0.0019736826115503534,97.8810951464332,0.04365893244809716,-1.7389882959304215,0.9450000000000001,0.9470000000000001,0.9165,NA,NA,9.935206150027188e-4,7.027008612972694e-4,6.106682616634695e-5,5.818462452700112,6.603124738283804e-5,1.561121398052748,0.005097793640389926,0.005009540897128196,0.006185780063985464,0.9826101170406958,0.015611213980527481
119,500,0.5,0.01,0.02,0.15,FCS-MI,2000,0.1496094305057777,-3.905694942222819e-4,0.044219639830466756,0.001954551402992651,99.78260187624481,0.044561076101144556,0.772137158933961,0.9550000000000001,0.9550000000000001,0.918,NA,NA,9.887812060148096e-4,6.993487549317313e-4,6.060710137140889e-5,5.665711034429463,5.3791419574432374e-5,1.5983815774865706,0.00463546114210873,0.00463546114210873,0.006134981662564281,1.0077213715893396,0.015983815774865705
119,500,0.5,0.01,0.02,0.15,IPW,2000,0.150975515373884,9.755153738840223e-4,0.06349759874530297,0.004030880704140977,-3.111225560562858,0.05907485226449798,-6.965218477859603,0.927,0.9255,0.7155,NA,NA,0.0014198494720250282,0.0010042362803933667,1.3075589843733026e-4,0.7628430030969998,1.3199640238029892e-4,1.485988774317722,0.005816829033072915,0.005871530890662162,0.010088601241004622,0.930347815221404,0.01485988774317722
119,500,0.5,0.01,0.02,0.15,JM-MI,2000,0.14942656877461857,-5.734312253814341e-4,0.04427340304231072,0.001959482973208657,99.29768623866136,0.04457675013198269,0.6851677730353556,0.9530000000000001,0.9545,0.9135,NA,NA,9.899833879785276e-4,7.001990385479787e-4,6.085303878438112e-5,5.6634615653062905,5.407782153652218e-5,1.5970482195845828,0.004732388403332927,0.004659922209651143,0.006285608562422576,1.0068516777303536,0.015970482195845827
119,500,0.5,0.01,0.02,0.15,Naive,2000,0.15223731669408228,0.0022373166940822895,0.042286330691115745,0.0017922452824263577,118.46811584709465,0.04213318534279234,-0.3621627741646982,0.9455,0.9455,0.9475,NA,NA,9.455510994437048e-4,6.687728084815363e-4,5.6309056400371785e-5,7.044634168897633,4.321087366586902e-5,1.5791163011737415,0.005075911248239078,0.005075911248239078,0.004987171041783106,0.996378372258353,0.015791163011737414
120,500,0.65,0.01,0.02,0.15,CCA,2000,0.14950662352126762,-4.933764787323798e-4,0.053013487349004115,0.0028092680463323344,0,0.05288506761704336,-0.24223973630583817,0.9575,0.9585,0.797,NA,NA,0.0011854176143669833,8.384264664808731e-4,8.602125475966311e-5,0,6.949662019008752e-5,1.5831400626607381,0.004510751046111944,0.004459694496263168,0.008994192570764758,0.9975776026369416,0.015831400626607383
120,500,0.65,0.01,0.02,0.15,AIPW,2000,0.15017936149610356,1.7936149610356655e-4,0.043208857128686204,0.0018661040022463177,50.531430691147825,0.042379535457249054,-1.9193325779648274,0.937,0.937,0.9380000000000001,NA,NA,9.661794176981873e-4,6.83362880177733e-4,5.965400606792208e-5,3.9077343072031536,6.124692278938394e-5,1.5576422570029882,0.00543281694887652,0.00543281694887652,0.005392402062161164,0.9808066742203517,0.015576422570029882
120,500,0.65,0.01,0.02,0.15,FCS-MI,2000,0.15023239035211722,2.3239035211722304e-4,0.04307343408627403,0.0018544470688983588,51.47946145220532,0.04320359428495723,0.30218207914998185,0.9485,0.9485,0.936,NA,NA,9.631512664126529e-4,6.812211183618719e-4,5.951392427805254e-5,3.8276689802061408,4.557776867693054e-5,1.5898385931578582,0.004942051699446293,0.004942051699446293,0.00547284204047586,1.0030218207914998,0.015898385931578583
120,500,0.65,0.01,0.02,0.15,IPW,2000,0.15003336464978317,3.336464978317683e-5,0.053597031093977184,0.002871206534417568,-2.1656686343526466,0.051576026899743846,-3.770739074501539,0.9410000000000001,0.9410000000000001,0.8145,NA,NA,0.0011984660491830292,8.476554107477131e-4,8.778784708301005e-5,0.5970590389492411,9.710387781517581e-5,1.5326446965244618,0.005268728499363008,0.005268728499363008,0.008691655480977141,0.9622926092549846,0.015326446965244617
120,500,0.65,0.01,0.02,0.15,JM-MI,2000,0.15017525195697926,1.752519569792559e-4,0.043229152732211194,0.0018678559793702954,50.390118226363455,0.0431984653775004,-0.07098763859864077,0.9495,0.9490000000000001,0.935,NA,NA,9.6663324118945e-4,6.836838621013806e-4,5.955792233049646e-5,3.8048684296579056,4.557827219257217e-5,1.5839245814351042,0.0048964145045124596,0.004919298730510272,0.005512485827646179,0.9992901236140136,0.015839245814351043
120,500,0.65,0.01,0.02,0.15,Naive,2000,0.15307801135815768,0.003078011358157678,0.041898527727264226,0.001764083036320421,60.09406165442146,0.04207004030655154,0.4093522817884221,0.9510000000000001,0.9520000000000001,0.9550000000000001,NA,NA,9.368795615532258e-4,6.626395717349643e-4,5.616060387548053e-5,4.5475402128298965,4.245750485124254e-5,1.591238195783104,0.004826955562256604,0.004779958158812687,0.00463546114210873,1.0040935228178842,0.01591238195783104
121,800,0.25,0.01,0.02,0.15,CCA,2000,0.1483853060616972,-0.0016146939383027913,0.07020005666276569,0.004928191167992176,0,0.06855904169050876,-2.33762627876527,0.9445,0.9460000000000001,0.582,NA,NA,0.0015697209872228108,0.0011102379488269107,1.5987480713930706e-4,0,1.2583693883770305e-4,1.5549308395718806,0.005119558086397692,0.005053909377897468,0.011028961873177366,0.9766237372123473,0.015549308395718806
121,800,0.25,0.01,0.02,0.15,AIPW,2000,0.14879250532718558,-0.0012074946728144306,0.038347786744419105,0.0014712755152062234,235.11534771553434,0.038499326999620644,0.3951734065163359,0.9565,0.9560000000000001,0.973,NA,NA,8.574825794718648e-4,6.064833864978581e-4,4.8407088555264405e-5,12.187389807952599,6.705144871717608e-5,1.597382570263502,0.004561126505590477,0.004586065852122053,0.0036242930345103184,1.0039517340651634,0.01597382570263502
121,800,0.25,0.01,0.02,0.15,FCS-MI,2000,0.14940022841148465,-5.997715885153331e-4,0.037517156327341906,0.001407192976339156,250.1185325371471,0.03919464064763447,4.471245916551614,0.9590000000000001,0.9595,0.9755,NA,NA,8.389091187042286e-4,5.933466818521742e-4,4.653498280014939e-5,12.15100867242238,6.777743325949525e-5,1.6620957499211724,0.004433903472111224,0.004407933189148855,0.0034568591235397466,1.0447124591655161,0.016620957499211723
121,800,0.25,0.01,0.02,0.15,IPW,2000,0.14916430832473165,-8.356916752683299e-4,0.07272220670759769,0.005286573469324468,-6.816111830517779,0.06602889309313278,-9.20394734634148,0.919,0.9185,0.606,NA,NA,0.001626117976719796,0.0011501266159523493,1.6871866678868676e-4,1.0012189366155706,1.711306388127733e-4,1.4551246623121668,0.006100778638829636,0.006117914268768402,0.0109262070271435,0.9079605265365852,0.014551246623121667
121,800,0.25,0.01,0.02,0.15,JM-MI,2000,0.1487672951542401,-0.0012327048457599007,0.037638282000877675,0.0014174515130783636,247.86868995161967,0.039386422206259195,4.644580231745854,0.9625,0.962,0.969,NA,NA,8.416175711026928e-4,5.952623258805352e-4,4.6968122222978606e-5,12.090084865932084,6.926728463697812e-5,1.6651907096659289,0.004248161366991606,0.004275277768753747,0.003875499967746099,1.0464458023174585,0.01665190709665929
121,800,0.25,0.01,0.02,0.15,Naive,2000,0.15263763471296826,0.002637634712968264,0.03363895567016978,0.0011379706657894128,335.50176178023656,0.03320864249570558,-1.2792108610131248,0.9475,0.9485,0.9955,NA,NA,7.521899157060161e-4,5.320116096677991e-4,3.6607677579748945e-5,17.2428230748816,2.6805336532412155e-5,1.5633352643606433,0.004987171041783106,0.004942051699446293,0.0014966211945579198,0.9872078913898688,0.01563335264360643
122,800,0.5,0.01,0.02,0.15,CCA,2000,0.15097761935452161,9.776193545216307e-4,0.04787145341283935,0.002291485953434054,0,0.04747650214866699,-0.8250245940233492,0.9460000000000001,0.9465,0.886,NA,NA,0.0010704382401282308,7.571034379609553e-4,7.63127245000484e-5,0,5.821619733914756e-5,1.5731935235327805,0.005053909377897468,0.005031786462082825,0.007106475919891659,0.9917497540597665,0.015731935235327805
122,800,0.5,0.01,0.02,0.15,AIPW,2000,0.15089189191908295,8.918919190829438e-4,0.03371842336452511,0.0011371590793475834,101.56666382128785,0.03410102041669196,1.1346825088191403,0.9560000000000001,0.9555,0.9945,NA,NA,7.539668673719531e-4,5.332684184821125e-4,3.646546284547799e-5,6.159812454726545,3.9163274607603534e-5,1.6036912194037103,0.004586065852122053,0.004610843198374891,0.0016537457482938467,1.0113468250881914,0.016036912194037103
122,800,0.5,0.01,0.02,0.15,FCS-MI,2000,0.15115103619956718,0.001151036199567179,0.03370509400775307,0.0011367902297231504,101.7261225215207,0.034521488116104046,2.422168317237694,0.9590000000000001,0.9585,0.9935,NA,NA,7.536688138935669e-4,5.330576101377138e-4,3.6158740097023524e-5,6.04000374349109,3.0910950654320456e-5,1.6224357655106798,0.004433903472111224,0.004459694496263168,0.0017969070649312877,1.024221683172377,0.016224357655106797
122,800,0.5,0.01,0.02,0.15,IPW,2000,0.1513262170954805,0.0013262170954805121,0.04863938440023129,0.0023663656717603917,-3.1327240333797968,0.04675082227292143,-3.8827837782027474,0.9390000000000001,0.9390000000000001,0.8855000000000001,NA,NA,0.0010876096990266,7.69248529643408e-4,7.880815243655042e-5,0.734967063758724,7.951493835538895e-5,1.5288918953567643,0.005351588549206672,0.005351588549206672,0.0071200333566634345,0.9611721622179725,0.015288918953567644
122,800,0.5,0.01,0.02,0.15,JM-MI,2000,0.15096516673505728,9.651667350572765e-4,0.03365140930826481,0.0011327826865846166,102.37027055705764,0.03454596901577994,2.6583127598624134,0.9605,0.96,0.9935,NA,NA,7.524683875194929e-4,5.322085682212726e-4,3.6150932043434e-5,6.066254209135551,3.074091576679467e-5,1.6261443076098507,0.004355441998236229,0.004381780460041331,0.0017969070649312877,1.0265831275986241,0.016261443076098506
122,800,0.5,0.01,0.02,0.15,Naive,2000,0.15381463792255554,0.0038146379225555546,0.032729355532108005,0.0010852265706705541,113.93326475135406,0.03322701757340321,1.5205372461642108,0.9575,0.9570000000000001,0.998,NA,NA,7.318506382955229e-4,5.176259718272812e-4,3.477710297588447e-5,6.946206121493766,2.6256572093094476e-5,1.6075850201273647,0.004510751046111944,0.004536022486716746,9.989994994993746e-4,1.015205372461642,0.016075850201273646
123,800,0.65,0.01,0.02,0.15,CCA,2000,0.15096695960852108,9.669596085210844e-4,0.04083177491193775,0.0016673352364224307,0,0.04146177480708302,1.5429157721015052,0.9535,0.9550000000000001,0.9555,NA,NA,9.13026243450633e-4,6.457685104581494e-4,5.196905825408348e-5,0,4.322075253392925e-5,1.6094206531804103,0.004708383480558906,0.00463546114210873,0.004610843198374891,1.015429157721015,0.016094206531804104
123,800,0.65,0.01,0.02,0.15,AIPW,2000,0.1503857982337863,3.857982337863215e-4,0.0340334317544031,0.0011578441800203147,43.94117073216104,0.03342017476920442,-1.8019252058509738,0.9475,0.9485,0.993,NA,NA,7.610106691044525e-4,5.382503840996261e-4,3.52122828205333e-5,3.599090999861742,3.776038581300667e-5,1.5569943891223126,0.004987171041783106,0.004942051699446293,0.0018642692938521525,0.9819807479414903,0.015569943891223126
123,800,0.65,0.01,0.02,0.15,FCS-MI,2000,0.15053702918440434,5.370291844043423e-4,0.03398324374500954,0.0011545718253499163,44.36664249343101,0.033793857371354125,-0.5572933975239835,0.9510000000000001,0.9515,0.9925,NA,NA,7.598884310978588e-4,5.374566435351066e-4,3.514238521910815e-5,3.5599228837106174,2.7673144998725487e-5,1.5748272370088408,0.004826955562256604,0.004803527349771207,0.0019292161620720412,0.9944270660247602,0.01574827237008841
123,800,0.65,0.01,0.02,0.15,IPW,2000,0.15153398014748953,0.001533980147489533,0.04113974483882026,0.0016939854611934292,-1.4915853508277954,0.04096410294797923,-0.4269396699691952,0.9485,0.9480000000000001,0.9580000000000001,NA,NA,9.199126603659824e-4,6.506391603717949e-4,5.3342329673334786e-5,0.5428478323616337,6.091630022729363e-5,1.5817280959681197,0.004942051699446293,0.004964675215963273,0.004485309353879615,0.995730603300308,0.0158172809596812
123,800,0.65,0.01,0.02,0.15,JM-MI,2000,0.1504812790663788,4.8127906637879166e-4,0.03398998739625418,0.001154973213115654,44.3093631717612,0.03379090468281614,-0.5857098771974822,0.9525,0.9515,0.9925,NA,NA,7.600392237238543e-4,5.375632966901234e-4,3.52031624282859e-5,3.554367940570914,2.7617011393332912e-5,1.5743690548605604,0.00475624589355933,0.004803527349771207,0.0019292161620720412,0.9941429012280252,0.015743690548605603
123,800,0.65,0.01,0.02,0.15,Naive,2000,0.15340030616821676,0.0034003061682167787,0.0334683687536419,0.0011311337232138517,48.84266126883801,0.03319727675101188,-0.8099946687736725,0.9495,0.9505,0.996,NA,NA,7.48375476291732e-4,5.293137191345699e-4,3.370014348367167e-5,4.050622723447678,2.596205362404438e-5,1.570640677663986,0.0048964145045124596,0.004850244839180801,0.0014113823011501884,0.9919000533122633,0.01570640677663986
124,1500,0.25,0.01,0.02,0.15,CCA,2000,0.14842729910023342,-0.0015727008997665649,0.050044503050091935,0.0025056734475080223,0,0.049101740181373116,-1.8838489969121297,0.9445,0.9450000000000001,0.843,NA,NA,0.0011190291072020115,7.914709625279551e-4,7.987875500743074e-5,0,6.547749609822395e-5,1.5572467512503922,0.005119558086397692,0.005097793640389926,0.008134832512104968,0.9811615100308787,0.015572467512503923
124,1500,0.25,0.01,0.02,0.15,AIPW,2000,0.15020653494014488,2.0653494014489577e-4,0.026532961849537996,7.036887221582849e-4,255.7470413327402,0.026685118476061226,0.5734626514223073,0.9505,0.9525,1,NA,NA,5.93295063399755e-4,4.196278826617856e-4,2.3040088201521465e-5,13.17345746971498,3.0364112250369586e-5,1.594715238111387,0.004850244839180801,0.00475624589355933,0,1.005734626514223,0.01594715238111387
124,1500,0.25,0.01,0.02,0.15,FCS-MI,2000,0.15046072117420428,4.6072117420428753e-4,0.02636986505530993,6.952343621440985e-4,260.16121876893277,0.027178751043638764,3.067463510458701,0.9540000000000001,0.9550000000000001,0.9995,NA,NA,5.896481082116927e-4,4.1704845097907504e-4,2.2719345594506016e-5,12.975976861230915,3.3996841930580135e-5,1.6351376687943797,0.004684228858627636,0.00463546114210873,4.99874984371065e-4,1.030674635104587,0.016351376687943796
124,1500,0.25,0.01,0.02,0.15,IPW,2000,0.14882645142566683,-0.0011735485743331589,0.050879702108242705,0.002588826930836525,-3.256088600198326,0.048606089314802606,-4.468604766205509,0.9410000000000001,0.9425,0.8455,NA,NA,0.0011377047258897006,8.04679921797575e-4,8.318799119882872e-5,0.9401673683952196,9.377006536599749e-5,1.5220607157863415,0.005268728499363008,0.005205465877325487,0.008081761874739938,0.9553139523379449,0.015220607157863416
124,1500,0.25,0.01,0.02,0.15,JM-MI,2000,0.1503875564969841,3.8755649698409646e-4,0.026494195040313306,7.017415996870998e-4,256.78887464144145,0.027179137973262265,2.585256626618615,0.9535,0.9545,1,NA,NA,5.924282111927834e-4,4.1901477229119226e-4,2.280969537103463e-5,12.849386962817825,3.3683224320379637e-5,1.627394539981092,0.004708383480558906,0.004659922209651143,0,1.0258525662661861,0.016273945399810922
124,1500,0.25,0.01,0.02,0.15,Naive,2000,0.1531559351946101,0.003155935194610092,0.024984932381975133,6.338946496613823e-4,301.1958251850912,0.02419519547116841,-3.160852704074013,0.9410000000000001,0.9375,1,NA,NA,5.586800721933214e-4,3.951452662296225e-4,2.0550799796839337e-5,15.56086415657334,1.4380886421526461e-5,1.5326254848397816,0.005268728499363008,0.005412658773652742,0,0.9683914729592599,0.015326254848397815
125,1500,0.5,0.01,0.02,0.15,CCA,2000,0.1488405506129194,-0.0011594493870806036,0.03427583071315038,0.0011755894776722066,0,0.03436561316538942,0.26194099565497453,0.9490000000000001,0.9475,0.9895,NA,NA,7.664308745987936e-4,5.420840066855762e-4,3.636034893449754e-5,9.426678795130648e-8,3.009868112988757e-5,1.588106588122818,0.004919298730510272,0.004987171041783106,0.0022792268425937726,1.0026194099565497,0.01588106588122818
125,1500,0.5,0.01,0.02,0.15,AIPW,2000,0.14937658622200145,-6.234137779985419e-4,0.025152540221517777,6.327225991938706e-4,85.70015836055576,0.02463338084036581,-2.0640435382658917,0.9405,0.9405,1,NA,NA,5.624278974211137e-4,3.977960416396064e-4,2.035374744055168e-5,5.852931593222397,2.0486811078538425e-5,1.5510308085808304,0.005289600646551685,0.005289600646551685,0,0.9793595646173411,0.015510308085808304
125,1500,0.5,0.01,0.02,0.15,FCS-MI,2000,0.14955042030980087,-4.495796901991313e-4,0.02510441064971236,6.301184402501963e-4,86.41288066046992,0.02485326734087075,-1.0003951590255244,0.9450000000000001,0.9450000000000001,1,NA,NA,5.61351687478265e-4,3.970348559708275e-4,2.0255700752239854e-5,5.824382755951023,1.6080455530443653e-5,1.5670223743201526,0.005097793640389926,0.005097793640389926,0,0.9899960484097448,0.015670223743201525
125,1500,0.5,0.01,0.02,0.15,IPW,2000,0.14925723238221728,-7.427676177827202e-4,0.0344902817619845,0.0011895364499870966,-1.23967876867348,0.03421211070113387,-0.8065201170876835,0.9450000000000001,0.9445,0.9895,NA,NA,7.712261458291856e-4,5.454756235004336e-4,3.650463077613547e-5,0.6908582874609184,4.234485988156307e-5,1.5735756834572256,0.005097793640389926,0.005119558086397692,0.0022792268425937726,0.9919347988291232,0.015735756834572255
125,1500,0.5,0.01,0.02,0.15,JM-MI,2000,0.14946137375110047,-5.386262488995331e-4,0.025141135835324048,6.320507909706736e-4,85.86866917627367,0.024850812970006627,-1.1547722713048936,0.9460000000000001,0.9455,1,NA,NA,5.621728875934053e-4,3.97615677364458e-4,2.0274661796231642e-5,5.786123254195085,1.5936581157748767e-5,1.564555773231767,0.005053909377897468,0.005075911248239078,0,0.9884522772869511,0.01564555773231767
125,1500,0.5,0.01,0.02,0.15,Naive,2000,0.15232406012225302,0.0023240601222530295,0.024845753108930103,6.224040472779817e-4,90.31439895362661,0.02421786148278313,-2.5271587598658662,0.9410000000000001,0.9435,1,NA,NA,5.555679290374445e-4,3.9294409833930236e-4,2.0630681917999336e-5,6.269781859594317,1.386059096240459e-5,1.5425754596082057,0.005268728499363008,0.005162739098579358,0,0.9747284124013413,0.015425754596082057
126,1500,0.65,0.01,0.02,0.15,CCA,2000,0.14969166768086448,-3.0833231913551497e-4,0.030548370142107515,9.328313856990598e-4,0,0.030056876247999433,-1.6089038198165984,0.9500000000000001,0.9495,0.999,NA,NA,6.830823223957732e-4,4.831329406115396e-4,2.832076195610069e-5,0,2.2948353422452804e-5,1.5579011130620217,0.0048733971724044785,0.0048964145045124596,7.067531393633852e-4,0.983910961801834,0.015579011130620218
126,1500,0.65,0.01,0.02,0.15,AIPW,2000,0.1496206277390212,-3.7937226097876925e-4,0.02482097227335784,6.159165475749014e-4,51.4741448594205,0.02431352950132541,-2.0444113407157127,0.9440000000000001,0.9440000000000001,1,NA,NA,5.550138127086563e-4,3.925521809340482e-4,1.9281148619823236e-5,3.8758142769066803,2.049109845707723e-5,1.5513992954478897,0.005141206084179078,0.005141206084179078,0,0.9795558865928429,0.015513992954478896
126,1500,0.65,0.01,0.02,0.15,FCS-MI,2000,0.1497554492786587,-2.445507213413052e-4,0.024813006613837094,6.154372596250228e-4,51.571415227135105,0.024470119216284714,-1.3818857298863896,0.9485,0.9495,1,NA,NA,5.548356951469162e-4,3.924262012994469e-4,1.9270251047969458e-5,3.8448842117207405,1.4629840645156515e-5,1.5607933048779434,0.004942051699446293,0.0048964145045124596,0,0.9861811427011361,0.015607933048779435
126,1500,0.65,0.01,0.02,0.15,IPW,2000,0.1501109139044741,1.1091390447408517e-4,0.03075301285979381,9.452872279488719e-4,-1.326451049216193,0.029896816679698568,-2.784105037118567,0.9455,0.9455,0.9995,NA,NA,6.876582726742416e-4,4.8636943530865724e-4,2.8714597549430245e-5,0.4985034670550857,3.2549730025609756e-5,1.5411415027236037,0.005075911248239078,0.005075911248239078,4.99874984371065e-4,0.9721589496288143,0.015411415027236038
126,1500,0.65,0.01,0.02,0.15,JM-MI,2000,0.1496449717242232,-3.5502827577678825e-4,0.02485103018851159,6.173909596562004e-4,51.10794325889967,0.024465479927252516,-1.5514457885022037,0.9490000000000001,0.9480000000000001,1,NA,NA,5.556859281241134e-4,3.930275571609739e-4,1.941552792136267e-5,3.8348777700628287,1.4691410483169547e-5,1.5581195413209536,0.004919298730510272,0.004964675215963273,0,0.984485542114978,0.015581195413209537
126,1500,0.65,0.01,0.02,0.15,Naive,2000,0.15270668869046686,0.002706688690466869,0.024617855877959463,6.130619722810706e-4,53.98401474964836,0.024196569658978595,-1.7113034582270314,0.9445,0.9465,1,NA,NA,5.504719920341012e-4,3.893398255468791e-4,1.9391453343639312e-5,4.135156069876924,1.42071921126132e-5,1.5555403258366864,0.005119558086397692,0.005031786462082825,0,0.9828869654177297,0.015555403258366865
127,500,0.25,0.01,0.05,0.15,CCA,2000,0.14880806879652436,-0.0011919312034756292,0.0866039913640966,0.0074979218945262415,0,0.08743452854871765,0.9590056665279345,0.9585,0.9570000000000001,0.40650000000000003,NA,NA,0.0019365241181292475,0.001369671796622593,2.344372290866969e-4,0,2.135626853287456e-4,1.61563143181741,0.004459694496263168,0.004536022486716746,0.01098311772676593,1.0095900566652793,0.0161563143181741
127,500,0.25,0.01,0.05,0.15,AIPW,2000,0.1510659697167528,0.0010659697167527914,0.0525632632354811,0.0027626514850785325,171.4633333104024,0.05222884188474731,-0.6362263873070373,0.9505,0.9505,0.8225,NA,NA,0.0011753502971375129,8.313060178648347e-4,9.209961981179487e-5,9.306266201681916,1.2342047187951054e-4,1.5889170535482697,0.004850244839180801,0.004850244839180801,0.008543820866567839,0.9936377361269296,0.015889170535482697
127,500,0.25,0.01,0.05,0.15,FCS-MI,2000,0.15201630988490838,0.0020163098849083853,0.05025070454013051,0.0025279362456780826,197.02397493454308,0.053361880525560706,6.191308189411737,0.965,0.965,0.8225,NA,NA,0.0011236399126898914,7.947321097439076e-4,8.02982241282642e-5,9.424319548388356,1.245675395893815e-4,1.6976481581991318,0.00410944035119139,0.00410944035119139,0.008543820866567839,1.0619130818941174,0.016976481581991318
127,500,0.25,0.01,0.05,0.15,IPW,2000,0.1494307321445881,-5.692678554118939e-4,0.09022925555606214,0.008137571964813276,-7.874243384849134,0.08071435411424704,-10.545250964531338,0.9095,0.909,0.47000000000000003,NA,NA,0.0020175874898255555,0.001427006591945889,2.5252648148286523e-4,1.0853988904732086,2.6685102860294897e-4,1.4453392527437738,0.006415206543830059,0.0064311352030570765,0.011160197130875424,0.8945474903546866,0.014453392527437738
127,500,0.25,0.01,0.05,0.15,JM-MI,2000,0.15144730147852403,0.0014473014785240299,0.050574627269686395,0.002558608708575711,193.23137347741638,0.05345340891446014,5.692146042763313,0.962,0.9615,0.8155,NA,NA,0.0011308830451173338,7.998550586977549e-4,8.18132775711445e-5,9.272845587610153,1.262644306889117e-4,1.6900989379934575,0.004275277768753747,0.004302194207610808,0.00867351572316555,1.0569214604276331,0.016900989379934575
127,500,0.25,0.01,0.05,0.15,Naive,2000,0.15686468030943465,0.0068646803094346695,0.0429936438443576,0.0018946530200607008,305.75820172130665,0.04194127285902828,-2.4477362029118432,0.9425,0.9420000000000001,0.9590000000000001,NA,NA,9.6136710236399e-4,6.79959208347365e-4,6.121494874188169e-5,16.089497132821307,4.233216099874485e-5,1.545961140786414,0.005205465877325487,0.005226662414964255,0.004433903472111224,0.9755226379708816,0.01545961140786414
128,500,0.5,0.01,0.05,0.15,CCA,2000,0.15194224906041803,0.001942249060418037,0.059696849425039826,0.003565704305772935,0,0.059600297678986204,-0.16173675325170667,0.9455,0.9465,0.719,NA,NA,0.001334862133569583,9.441261276394246e-4,1.1406618398076364e-4,0,9.373421785220192e-5,1.5867642016915724,0.005075911248239078,0.005031786462082825,0.010050845735558775,0.9983826324674829,0.015867642016915724
128,500,0.5,0.01,0.05,0.15,AIPW,2000,0.14990690113696392,-9.309886303607922e-5,0.044117651754492386,0.0019454026801307986,83.09565831125137,0.04337237164690304,-1.6893013974014548,0.9390000000000001,0.9385,0.9355,NA,NA,9.865006833070786e-4,6.977357785659352e-4,6.1928969986929e-5,5.48509097269353,6.63943858869662e-5,1.5620837093573103,0.005351588549206672,0.005372045699731156,0.005492711079239468,0.9831069860259855,0.015620837093573103
128,500,0.5,0.01,0.05,0.15,FCS-MI,2000,0.15045100992560745,4.510099256074484e-4,0.04367965045703279,0.0019071613180695372,86.78608265026054,0.044222256804555285,1.2422405899430222,0.9510000000000001,0.9505,0.9325,NA,NA,9.767066765535507e-4,6.908086379738537e-4,6.116094884494659e-5,5.418813468712302,5.377152345929977e-5,1.6059060918768218,0.004826955562256604,0.004850244839180801,0.005609979946488223,1.0124224058994302,0.016059060918768218
128,500,0.5,0.01,0.05,0.15,IPW,2000,0.15178389161297307,0.0017838916129730702,0.060756950022241886,0.0036927435418040314,-3.4591998541301017,0.057913987977557924,-4.679237591161522,0.9315,0.933,0.7385,NA,NA,0.0013585667035529022,9.608919818073468e-4,1.1712480448198085e-4,0.8111369799756845,1.281670432545997e-4,1.5222182306654701,0.0056483515294287415,0.0055906618570612885,0.009826437553864574,0.9532076240883848,0.0152221823066547
128,500,0.5,0.01,0.05,0.15,JM-MI,2000,0.15014109258158007,1.4109258158008015e-4,0.043811791933263004,0.0019185332829639045,85.66104459850756,0.04415745169801715,0.7889651381543183,0.9495,0.9500000000000001,0.934,NA,NA,9.796614497885301e-4,6.928985006961812e-4,6.115314435814833e-5,5.355858069393639,5.1848178137567105e-5,1.5983990022457393,0.0048964145045124596,0.0048733971724044785,0.005551756478809205,1.0078896513815432,0.015983990022457394
128,500,0.5,0.01,0.05,0.15,Naive,2000,0.1548007886456812,0.004800788645681203,0.04199339082710243,0.0017856107223416934,102.08819030982221,0.04195085263610884,-0.1012973474057488,0.9470000000000001,0.9495,0.963,NA,NA,9.390007649511716e-4,6.641398641619302e-4,5.6553192161676374e-5,6.812371832512976,4.158537088201093e-5,1.5830326620397939,0.005009540897128196,0.0048964145045124596,0.004220841148396847,0.9989870265259425,0.01583032662039794
129,500,0.65,0.01,0.05,0.15,CCA,2000,0.1486939888677733,-0.0013060111322266863,0.051701490552714044,0.002673413268387194,0,0.0519346198157995,0.45091400768757506,0.9540000000000001,0.9550000000000001,0.8095,NA,NA,0.001156080474139318,8.176767876169646e-4,8.234478901184224e-5,0,7.040874870405006e-5,1.5944918710256248,0.004684228858627636,0.00463546114210873,0.008780938161722813,1.0045091400768758,0.01594491871025625
129,500,0.65,0.01,0.05,0.15,AIPW,2000,0.1506330908642604,6.330908642604197e-4,0.0424557397183358,0.0018019893941559706,48.29732037441949,0.04195094134208731,-1.1889991308536296,0.9435,0.9430000000000001,0.9425,NA,NA,9.493392004523663e-4,6.714520702917809e-4,5.701177777559762e-5,3.706167261667439,5.825119753197657e-5,1.5687414121259111,0.005162739098579358,0.005184158562389848,0.005205465877325487,0.9881100086914637,0.01568741412125911
129,500,0.65,0.01,0.05,0.15,FCS-MI,2000,0.15076103060723356,7.610306072335786e-4,0.04230442567110532,0.0017893487667315403,49.360074354161675,0.0427807630365043,1.1259752563532066,0.9470000000000001,0.9480000000000001,0.9355,NA,NA,9.459557154967867e-4,6.690589867899698e-4,5.660668734997475e-5,3.643696025423436,4.5385987386231574e-5,1.602936235888171,0.005009540897128196,0.004964675215963273,0.005492711079239468,1.011259752563532,0.016029362358881707
129,500,0.65,0.01,0.05,0.15,IPW,2000,0.149238240574043,-7.61759425956979e-4,0.05215431237561965,0.0027192925406470604,-1.7289310292289306,0.05071285675537419,-2.7638282523293145,0.9415,0.9410000000000001,0.8215,NA,NA,0.001166205877916441,8.24838319896944e-4,8.415683732140363e-5,0.6035113488845384,9.212816337931893e-5,1.5479354964568097,0.0052477495176503994,0.005268728499363008,0.008562644159370398,0.9723617174767069,0.015479354964568098
129,500,0.65,0.01,0.05,0.15,JM-MI,2000,0.15058046027733618,5.804602773361781e-4,0.042314219588217634,0.0017899348669037866,49.29094152304947,0.04276434969271208,1.063779762157746,0.9500000000000001,0.9495,0.9395,NA,NA,9.461747141410779e-4,6.692138809447992e-4,5.6284382364099996e-5,3.629042023402317,4.554900923531013e-5,1.601978978710136,0.0048733971724044785,0.0048964145045124596,0.005331029450303197,1.0106377976215775,0.01601978978710136
129,500,0.65,0.01,0.05,0.15,Naive,2000,0.15521364005613875,0.0052136400561387415,0.04228784523837909,0.0018145497666126231,49.47722102556573,0.0419584920029181,-0.7788366458598373,0.9440000000000001,0.9405,0.9550000000000001,NA,NA,9.455849657500645e-4,6.687967615654366e-4,5.717683488857102e-5,4.2492425818624575,4.1996177994714124e-5,1.5723560559857228,0.005141206084179078,0.005289600646551685,0.00463546114210873,0.9922116335414016,0.015723560559857228
130,800,0.25,0.01,0.05,0.15,CCA,2000,0.14808601124321508,-0.0019139887567849176,0.06578593954474775,0.004329289299825413,0,0.06718857963584825,2.1321274740576213,0.9530000000000001,0.9535,0.613,NA,NA,0.0014710183278574755,0.001040427174192745,1.432448064958316e-4,0,1.2312017388213436e-4,1.626060739678033,0.004732388403332927,0.004708383480558906,0.010891074327172687,1.0213212747405762,0.01626060739678033
130,800,0.25,0.01,0.05,0.15,AIPW,2000,0.1483724170509818,-0.0016275829490181928,0.03727271894264884,0.0013912099758449394,211.5186227975545,0.03880737093896241,4.117359934688225,0.961,0.9595,0.9685,NA,NA,8.334433326200689e-4,5.894808208614637e-4,4.414720273358478e-5,11.187697044043286,6.643330087571969e-5,1.6562698646637755,0.004328914413568374,0.004407933189148855,0.0039056209493497944,1.0411735993468823,0.016562698646637754
130,800,0.25,0.01,0.05,0.15,FCS-MI,2000,0.14933581718493877,-6.64182815061233e-4,0.036254859305463856,0.0013141987546591725,229.25601303360392,0.03958853076307373,9.195102453776371,0.97,0.9695,0.969,NA,NA,8.1068329921708e-4,5.733830219492679e-4,4.1185192616858e-5,11.367518773503464,7.234618186238472e-5,1.7384486087259035,0.003814446224552132,0.0038451105315712303,0.003875499967746099,1.0919510245377637,0.017384486087259034
130,800,0.25,0.01,0.05,0.15,IPW,2000,0.1484140189358981,-0.0015859810641018924,0.06791041505153732,0.00461203389617152,-6.158834369830424,0.06459872973471573,-4.876549958218257,0.9295,0.929,0.6305000000000001,NA,NA,0.0015185230443546234,0.0010740264822434765,1.5053442191786322e-4,1.0402625546472626,1.6642768712053568e-4,1.5242402538986901,0.005724061058374553,0.005742778073371805,0.010792815897623752,0.9512345004178174,0.0152424025389869
130,800,0.25,0.01,0.05,0.15,JM-MI,2000,0.14874935664556949,-0.0012506433544305189,0.03652398440953205,0.0013348985452291476,224.42167761367293,0.039630871005699425,8.50642843708076,0.9665,0.966,0.9665,NA,NA,8.167011194885618e-4,5.776393276806703e-4,4.278199904215148e-5,11.138180972081447,7.082154375020291e-5,1.7269865482643962,0.004023540107914917,0.004052406692324946,0.004023540107914917,1.0850642843708076,0.017269865482643962
130,800,0.25,0.01,0.05,0.15,Naive,2000,0.15403523012233872,0.004035230122338732,0.03219434540628305,0.0010522407203412186,317.54853551502913,0.03301996865071074,2.564497690537171,0.9490000000000001,0.9545,0.997,NA,NA,7.198874481955697e-4,5.091646033763839e-4,3.280725600034829e-5,16.8277378106365,2.5851237749537556e-5,1.624078914060781,0.004919298730510272,0.004659922209651143,0.0012229063741758816,1.0256449769053717,0.01624078914060781
131,800,0.5,0.01,0.05,0.15,CCA,2000,0.14936355061454448,-6.364493854555224e-4,0.04546921940647813,0.002066821256297977,0,0.046468109176720625,2.1968482927159805,0.9575,0.9560000000000001,0.895,NA,NA,0.0010167226547673773,7.191112840708668e-4,6.298257370549952e-5,0,5.551153943534274e-5,1.6208825105111282,0.004510751046111944,0.004586065852122053,0.006854742883580681,1.0219684829271598,0.01620882510511128
131,800,0.5,0.01,0.05,0.15,AIPW,2000,0.14963264293240178,-3.673570675982137e-4,0.03354463489728598,0.0011248148603421346,83.73371585180071,0.03383804797742614,0.874694510876628,0.9535,0.9550000000000001,0.992,NA,NA,7.500808391074312e-4,5.305198943274349e-4,3.597246800259118e-5,5.532194279540534,3.9340712303691656e-5,1.5996727450766735,0.004708383480558906,0.00463546114210873,0.001991983935678198,1.0087469451087663,0.015996727450766735
131,800,0.5,0.01,0.05,0.15,FCS-MI,2000,0.14978739842197197,-2.1260157802802684e-4,0.03335471099568911,0.0011120256766641212,85.83205647813537,0.03424097656220046,2.6570926266634265,0.9605,0.9595,0.9925,NA,NA,7.458340115622055e-4,5.27516182749892e-4,3.516273309708943e-5,5.521541712470285,3.124485792126147e-5,1.6262572204117636,0.004355441998236229,0.004407933189148855,0.0019292161620720412,1.0265709262666343,0.016262572204117635
131,800,0.5,0.01,0.05,0.15,IPW,2000,0.1497109647714378,-2.890352285621846e-4,0.045874874832402726,0.0021035354301815233,-1.7607105984844384,0.04581498340821459,-0.13055386942621983,0.9460000000000001,0.9475,0.8965,NA,NA,0.0010257933858454677,7.255268636219287e-4,6.505008897641862e-5,0.7456113553353999,7.876576219723304e-5,1.588774299005167,0.005053909377897468,0.004987171041783106,0.006811304941052046,0.9986944613057378,0.01588774299005167
131,800,0.5,0.01,0.05,0.15,JM-MI,2000,0.14958443820063566,-4.155617993643257e-4,0.033511183741206645,0.001122610627628135,84.10070812527044,0.03427031227564673,2.265299072400806,0.9635,0.963,0.9935,NA,NA,7.493328485182377e-4,5.299908528326421e-4,3.559604723188366e-5,5.4531800773162145,3.1615050511665476e-5,1.620109919041146,0.004193313129257102,0.004220841148396847,0.0017969070649312877,1.022652990724008,0.01620109919041146
131,800,0.5,0.01,0.05,0.15,Naive,2000,0.15398084218777397,0.003980842187773973,0.03250791363988144,0.0010720831715173415,95.6396162800867,0.03300361260185447,1.5248562779645702,0.9550000000000001,0.9530000000000001,0.997,NA,NA,7.268990470546751e-4,5.141237924288937e-4,3.33389103522244e-5,6.557408956535939,2.6013808615783595e-5,1.607643258970412,0.00463546114210873,0.004732388403332927,0.0012229063741758816,1.0152485627796457,0.01607643258970412
132,800,0.65,0.01,0.05,0.15,CCA,2000,0.14999023022985847,-9.76977014153014e-6,0.04181652753627692,0.0017477477596530185,0,0.040580946559400324,-2.9547670494751044,0.9430000000000001,0.9430000000000001,0.9530000000000001,NA,NA,9.350459815410699e-4,6.613427106187046e-4,5.589290848159878e-5,0,4.266029662419258e-5,1.5381904140379428,0.005184158562389848,0.005184158562389848,0.004732388403332927,0.970452329505249,0.015381904140379427
132,800,0.65,0.01,0.05,0.15,AIPW,2000,0.1497601693701927,-2.3983062980727595e-4,0.03376794923715475,0.0011397617772162126,53.35098129119407,0.03296850636307801,-2.3674605421318273,0.9400000000000001,0.9405,0.9915,NA,NA,7.55074299550402e-4,5.340516871268422e-4,3.6984672230317774e-5,3.8120724659113696,3.832137926282126e-5,1.5482567700576153,0.005310367218940699,0.005289600646551685,0.0020527725154044657,0.9763253945786817,0.015482567700576154
132,800,0.65,0.01,0.05,0.15,FCS-MI,2000,0.14995429149112321,-4.570850887676562e-5,0.03376615659231085,0.0011395853436187333,53.36726452689413,0.0333633171176056,-1.1930273248717427,0.9440000000000001,0.9445,0.993,NA,NA,7.550342147930972e-4,5.340233358344205e-4,3.664603894897617e-5,3.7681365468135977,2.823644083794174e-5,1.5649020142538907,0.005141206084179078,0.005119558086397692,0.0018642692938521525,0.9880697267512826,0.015649020142538907
132,800,0.65,0.01,0.05,0.15,IPW,2000,0.1504763626044002,4.7636260440019876e-4,0.041926640075053985,0.0017571911477400025,-0.5245731282393917,0.04008692198225675,-4.387945443526842,0.9375,0.9385,0.9585,NA,NA,9.37508172759876e-4,6.63084178147417e-4,5.629638484053337e-5,0.5416486424709083,5.952967809963224e-5,1.5187887798210433,0.005412658773652742,0.005372045699731156,0.004459694496263168,0.9561205455647316,0.015187887798210432
132,800,0.65,0.01,0.05,0.15,JM-MI,2000,0.14986566148129177,-1.34338518708235e-4,0.033803397937064494,0.001142116424073099,53.029519964394424,0.033351707262095256,-1.3362286117218125,0.9445,0.9445,0.9915,NA,NA,7.558669565775237e-4,5.346123204617331e-4,3.680154398210124e-5,3.7376378663527117,2.8446142997748955e-5,1.5626688342088617,0.005119558086397692,0.005119558086397692,0.0020527725154044657,0.9866377138827819,0.015626688342088618
132,800,0.65,0.01,0.05,0.15,Naive,2000,0.15443175710452509,0.0044317571045251036,0.0331714317400473,0.0011194341827762844,58.91595355960541,0.033009393667969913,-0.4884868200662029,0.9390000000000001,0.9390000000000001,0.9965,NA,NA,7.417357628173991e-4,5.246175585247893e-4,3.6202084276776824e-5,4.513782067346118,2.645244115808575e-5,1.5758277061425159,0.005351588549206672,0.005351588549206672,0.0013205585939290896,0.995115131799338,0.015758277061425158
133,1500,0.25,0.01,0.05,0.15,CCA,2000,0.14892404208086868,-0.0010759579191313082,0.0476971236168549,0.002275035778964618,0,0.048131977328610374,0.9116979783699408,0.9530000000000001,0.9525,0.872,NA,NA,0.001066540107384982,7.543463525066948e-4,7.235637967007237e-5,9.426678795130648e-8,6.41993565833627e-5,1.6016188191505758,0.004732388403332927,0.00475624589355933,0.007470475219154402,1.0091169797836994,0.016016188191505756
133,1500,0.25,0.01,0.05,0.15,AIPW,2000,0.15073188296153842,7.318829615384099e-4,0.026778819273608832,7.1728226177715e-4,217.2499269095265,0.027046818962515182,1.0007897890048856,0.9495,0.9495,0.9995,NA,NA,5.98792602529709e-4,4.235162020618047e-4,2.220207546337512e-5,11.617612611310957,3.0733860326983637e-5,1.6014798334347706,0.0048964145045124596,0.0048964145045124596,4.99874984371065e-4,1.0100078978900489,0.016014798334347706
133,1500,0.25,0.01,0.05,0.15,FCS-MI,2000,0.15110404498249433,0.001104044982494323,0.02647527856642673,7.018088203056807e-4,224.566208754934,0.027404234393563546,3.508766960869014,0.9595,0.9580000000000001,1,NA,NA,5.920052259777335e-4,4.1871560177530846e-4,2.2092581903072543e-5,11.586737967477335,3.6444406966501174e-5,1.6428039728759893,0.004407933189148855,0.004485309353879615,0,1.0350876696086901,0.016428039728759895
133,1500,0.25,0.01,0.05,0.15,IPW,2000,0.14950217117178652,-4.978288282134867e-4,0.04878981927009357,0.00237950407471839,-4.429037353421805,0.04779551392842054,-2.037936103367588,0.9375,0.9365,0.872,NA,NA,0.001090973524978584,7.716277086539077e-4,7.460445627898513e-5,1.0064000559843531,9.171445269077717e-5,1.5606657686425234,0.005412658773652742,0.005452877680637995,0.007470475219154402,0.9796206389663241,0.015606657686425234
133,1500,0.25,0.01,0.05,0.15,JM-MI,2000,0.15085811334510937,8.581133451093662e-4,0.026705458681088413,7.135612911186916e-4,218.99530859688335,0.027473659915883453,2.8765700824268103,0.961,0.9595,0.9995,NA,NA,5.971522098122557e-4,4.2235597915549195e-4,2.2455638830147362e-5,11.388416376908255,3.6841540947807424e-5,1.6328663101009475,0.004328914413568374,0.004407933189148855,4.99874984371065e-4,1.028765700824268,0.016328663101009475
133,1500,0.25,0.01,0.05,0.15,Naive,2000,0.1560023708806005,0.006002370880600509,0.023893016324307098,6.066192471473497e-4,298.5129324815888,0.024070697572280107,0.743653482512574,0.9445,0.9540000000000001,1,NA,NA,5.342640868866283e-4,3.7787623965347266e-4,1.8803962539638708e-5,15.689932494574359,1.3819433578137038e-5,1.594344865761624,0.005119558086397692,0.004684228858627636,0,1.0074365348251257,0.015943448657616238
134,1500,0.5,0.01,0.05,0.15,CCA,2000,0.1486519572417043,-0.001348042758295697,0.03359418783872218,0.0011298223910932714,4.440892098500626e-14,0.03364114904944079,0.1397896890499517,0.9535,0.9540000000000001,0.9915,NA,NA,7.511888765627955e-4,5.31303591074615e-4,3.532424495614011e-5,0,2.9876396179657944e-5,1.5862400869047477,0.004708383480558906,0.004684228858627636,0.0020527725154044657,1.0013978968904995,0.01586240086904748
134,1500,0.5,0.01,0.05,0.15,AIPW,2000,0.14959005269044406,-4.099473095559353e-4,0.024246720836248136,5.877775763719062e-4,91.9650948865439,0.02449902339432996,1.040563628318103,0.9535,0.9535,1,NA,NA,5.421731602131138e-4,3.834701976998987e-4,1.8425247899723566e-5,5.940776387759969,2.0617024608398746e-5,1.600251789526334,0.004708383480558906,0.004708383480558906,0,1.010405636283181,0.01600251789526334
134,1500,0.5,0.01,0.05,0.15,FCS-MI,2000,0.14984591826358126,-1.5408173641872142e-4,0.024170747331320137,5.839566552227403e-4,93.17376100765725,0.02466922891793964,2.062334191767312,0.9570000000000001,0.9580000000000001,1,NA,NA,5.404743409980346e-4,3.822686506885956e-4,1.8358332300862492e-5,5.913242343288887,1.6654948058621422e-5,1.6156208433643988,0.004536022486716746,0.004485309353879615,0,1.0206233419176731,0.016156208433643987
134,1500,0.5,0.01,0.05,0.15,IPW,2000,0.14912066889883172,-8.793311011682698e-4,0.033887219579476394,0.0011485427021877162,-1.721975322460878,0.03351609239347389,-1.0951833482003237,0.9490000000000001,0.9480000000000001,0.993,NA,NA,7.577412654817105e-4,5.359379884563581e-4,3.5348684266857044e-5,0.6750027343445377,4.360444475292857e-5,1.5694971730538716,0.004919298730510272,0.004964675215963273,0.0018642692938521525,0.9890481665179968,0.015694971730538715
134,1500,0.5,0.01,0.05,0.15,JM-MI,2000,0.14966633733306606,-3.336626669339318e-4,0.024262882531339798,5.885044557705347e-4,91.70944117068399,0.02466740254262039,1.6672380569707101,0.9555,0.9565,1,NA,NA,5.425345467016796e-4,3.837258004452687e-4,1.8480190592413104e-5,5.877360775677089,1.658227795103172e-5,1.6093540414607526,0.004610843198374891,0.004561126505590477,0,1.016672380569707,0.016093540414607525
134,1500,0.5,0.01,0.05,0.15,Naive,2000,0.15463543679742764,0.004635436797427656,0.023783225866928537,5.868462860239665e-4,99.52015417270812,0.02408194642691835,1.2560136360862506,0.9540000000000001,0.9520000000000001,1,NA,NA,5.318090976268358e-4,3.761398659524327e-4,1.8793487128789523e-5,6.5981346651666515,1.3849327350070357e-5,1.6024569322527975,0.004684228858627636,0.004779958158812687,0,1.0125601363608625,0.016024569322527975
135,1500,0.65,0.01,0.05,0.15,CCA,2000,0.1478904932765375,-0.002109506723462495,0.029274216976110063,8.610013082909218e-4,0,0.029479828287803933,0.7023631472762082,0.9495,0.9495,0.9985,NA,NA,6.545913914666044e-4,4.629817717271042e-4,2.729732189090871e-5,6.665668500104314e-8,2.1853717408469103e-5,1.5943909889358416,0.0048964145045124596,0.0048964145045124596,8.653756409790912e-4,1.007023631472762,0.015943909889358416
135,1500,0.65,0.01,0.05,0.15,AIPW,2000,0.1488438143145458,-0.0011561856854541929,0.02452485027069098,6.025043119986609e-4,42.481292350909825,0.024045630532460168,-1.9540169784584394,0.9510000000000001,0.9520000000000001,1,NA,NA,5.483923234326915e-4,3.8786891000133756e-4,1.852388071417931e-5,3.5326970722656306,1.9890281973305464e-5,1.5527503180619162,0.004826955562256604,0.004779958158812687,0,0.9804598302154156,0.015527503180619162
135,1500,0.65,0.01,0.05,0.15,FCS-MI,2000,0.1490154646377008,-9.845353622991856e-4,0.024575220594554265,6.046088064169862e-4,41.8978205680687,0.02420562048530995,-1.5039543910593367,0.9545,0.9535,1,NA,NA,5.495186381147614e-4,3.886655339316624e-4,1.8537586056607553e-5,3.499922541558831,1.4837814302377598e-5,1.5589183555250359,0.004659922209651143,0.004708383480558906,0,0.9849604560894066,0.015589183555250359
135,1500,0.65,0.01,0.05,0.15,IPW,2000,0.14832647886562597,-0.0016735211343740176,0.0294341407614615,8.68736131031543e-4,-1.0837029806992304,0.02933708065113223,-0.3297535033071286,0.9445,0.9475,0.998,NA,NA,6.581673960192533e-4,4.655110211872601e-4,2.7480590566761964e-5,0.49473542370498313,3.081429152560099e-5,1.5797916556935714,0.005119558086397692,0.004987171041783106,9.989994994993746e-4,0.9967024649669287,0.015797916556935715
135,1500,0.65,0.01,0.05,0.15,JM-MI,2000,0.14884022881831907,-0.0011597711816809274,0.024541749843318625,6.033414058232014e-4,42.2851332402671,0.024202680055541045,-1.3816039603626318,0.9545,0.9555,1,NA,NA,5.487702093645526e-4,3.8813618253275874e-4,1.8604436350368846e-5,3.4921144839892544,1.4692235547260613e-5,1.560832242393949,0.004659922209651143,0.004610843198374891,0,0.9861839603963737,0.015608322423939489
135,1500,0.65,0.01,0.05,0.15,Naive,2000,0.15365714090529825,0.003657140905298258,0.024273238617121676,6.022701975084509e-4,45.4504684835283,0.024110588795348345,-0.6700787823945453,0.9530000000000001,0.9555,1,NA,NA,5.427661158195706e-4,3.838895854902236e-4,1.870070342143653e-5,3.9748188166583995,1.388590746030335e-5,1.57197800066425,0.004732388403332927,0.004610843198374891,0,0.9932992121760545,0.0157197800066425
136,500,0.25,0.01,0.1,0.15,CCA,2000,0.14291635227732177,-0.007083647722678224,0.08255107761594789,0.00686145114040548,0,0.08425436206798803,2.063309772846722,0.9525,0.9525,0.41200000000000003,NA,NA,0.0018458982116512075,0.0013055735770423277,2.170399810912995e-4,0,2.0564968817780779e-4,1.6332765845917723,0.00475624589355933,0.00475624589355933,0.011005816643938786,1.0206330977284672,0.016332765845917724
136,500,0.25,0.01,0.1,0.15,AIPW,2000,0.147141634474071,-0.0028583655259290038,0.05221825692335877,0.0027335532364156684,149.91985045746512,0.052289261509054254,0.13597655279780074,0.9515,0.9540000000000001,0.7985,NA,NA,0.0011676357214717924,8.258496248288132e-4,8.642431806206993e-5,8.68889374698658,1.278496133221297e-4,1.6024988720733737,0.004803527349771207,0.004684228858627636,0.008969329685099104,1.001359765527978,0.016024988720733737
136,500,0.25,0.01,0.1,0.15,FCS-MI,2000,0.1480027736853531,-0.001997226314646895,0.04899648074599969,0.00240344371088229,183.86753029152615,0.05336148477298854,8.908811327934485,0.97,0.9705,0.811,NA,NA,0.0010955946160631491,7.748961307039605e-4,7.576607170458279e-5,9.116389787359411,1.3069532655817957e-4,1.7429624804408412,0.003814446224552132,0.0037835003634200943,0.00875439889427024,1.0890881132793448,0.017429624804408413
136,500,0.25,0.01,0.1,0.15,IPW,2000,0.14284710927105143,-0.0071528907289485685,0.08713220314500107,0.007639388660269563,-10.238913028239004,0.07804926621949669,-10.424316839996584,0.9165,0.9155,0.47600000000000003,NA,NA,0.0019483352926154337,0.00137802564691925,2.355274312189532e-4,1.0867179878565423,2.6403188981819007e-4,1.4487160022197056,0.006185780063985464,0.006219314672855845,0.011167452708652947,0.8957568316000342,0.014487160022197056
136,500,0.25,0.01,0.1,0.15,JM-MI,2000,0.14740089882752183,-0.00259910117247816,0.049636820850119105,0.002469337404019543,176.59070284986265,0.053506367379866665,7.7957179035132995,0.962,0.962,0.806,NA,NA,0.0011099130560784521,7.85023328850885e-4,7.957265793087397e-5,8.91565182726297,1.3508976988362825e-4,1.7264129012506446,0.004275277768753747,0.004275277768753747,0.008842058583836684,1.077957179035133,0.017264129012506447
136,500,0.25,0.01,0.1,0.15,Naive,2000,0.1550744721152264,0.005074472115226407,0.04153112786206282,0.0017497224314524734,295.091824379332,0.04164798475589412,0.28137182842569164,0.9455,0.9450000000000001,0.9595,NA,NA,9.286642508180797e-4,6.568290169842749e-4,5.600495200529155e-5,15.88829038495141,4.1913784624592596e-5,1.589191989843911,0.005075911248239078,0.005097793640389926,0.004407933189148855,1.002813718284257,0.015891919898439112
137,500,0.5,0.01,0.1,0.15,CCA,2000,0.1490318891863248,-9.681108136752121e-4,0.05915677184376656,0.0034987111316955198,0,0.05757334245953073,-2.676666313736109,0.9450000000000001,0.9455,0.7295,NA,NA,0.001322785631721076,9.355846156443458e-4,1.1284393696906979e-4,0,8.90934731574318e-5,1.5465524463975702,0.005097793640389926,0.005075911248239078,0.009933019430163217,0.9732333368626389,0.015465524463975701
137,500,0.5,0.01,0.1,0.15,AIPW,2000,0.1486336259402243,-0.001366374059775678,0.0441207263109483,0.0019475321490317308,79.77265283631729,0.0427385336856771,-3.132751295910141,0.9380000000000001,0.9380000000000001,0.935,NA,NA,9.865694324794393e-4,6.977844037297234e-4,6.360904807064094e-5,5.176310115183247,6.371038261974916e-5,1.5387790152713807,0.005392402062161164,0.005392402062161164,0.005512485827646179,0.9686724870408986,0.015387790152713807
137,500,0.5,0.01,0.1,0.15,FCS-MI,2000,0.1492621264274734,-7.378735725265872e-4,0.043759269014530894,0.0019144606452827738,82.75481002299298,0.04365717902749747,-0.23329911429628147,0.9495,0.9505,0.928,NA,NA,9.784870016219132e-4,6.920678327404604e-4,6.265099259670142e-5,5.116769442358711,5.512915218228844e-5,1.5828661073886259,0.0048964145045124596,0.004850244839180801,0.0057799653978203,0.9976670088570372,0.01582866107388626
137,500,0.5,0.01,0.1,0.15,IPW,2000,0.14879929860180224,-0.001200701398197763,0.05991004416905692,0.003588860469489816,-2.498868904098961,0.05577514349954615,-6.901848808261124,0.934,0.934,0.749,NA,NA,0.0013396293129702619,9.474978755631519e-4,1.1638030812878813e-4,0.7746284167971396,1.1991577319220588e-4,1.4859220370589212,0.005551756478809205,0.005551756478809205,0.009695333929267212,0.9309815119173888,0.014859220370589211
137,500,0.5,0.01,0.1,0.15,JM-MI,2000,0.1486794194295571,-0.0013205805704428978,0.04388135874110362,0.0019263547911859797,81.73927879233503,0.04361991395355013,-0.5957992073490459,0.9475,0.9490000000000001,0.925,NA,NA,9.812170109016229e-4,6.939987235979152e-4,6.249310550752939e-5,5.056629419600698,5.505238823542114e-5,1.5771094118178932,0.004987171041783106,0.004919298730510272,0.0058896094946948715,0.9940420079265095,0.01577109411817893
137,500,0.5,0.01,0.1,0.15,Naive,2000,0.15570548261400158,0.005705482614001575,0.0425781956950246,0.001844548829128164,93.03427376859352,0.0416746441949604,-2.1220990822064967,0.937,0.9380000000000001,0.9545,NA,NA,9.520773993336392e-4,6.733887535203099e-4,6.191898963469036e-5,6.564643549972106,4.1724133141634107e-5,1.5510711883553405,0.00543281694887652,0.005392402062161164,0.004659922209651143,0.978779009177935,0.015510711883553406
138,500,0.65,0.01,0.1,0.15,CCA,2000,0.15051674737464463,5.16747374644639e-4,0.04930610873370608,0.00243014384013002,4.440892098500626e-14,0.05018129097008713,1.7749975791189643,0.9560000000000001,0.9550000000000001,0.8575,NA,NA,0.001102518108345629,7.797930034176387e-4,7.8921950980040875e-05,0,6.54051480465536e-5,1.6150632470841777,0.004586065852122053,0.00463546114210873,0.007816449001944552,1.0177499757911896,0.016150632470841777
138,500,0.65,0.01,0.1,0.15,AIPW,2000,0.150078814410522,7.8814410522009e-5,0.04161346400361725,0.0017308207578984646,40.389206783224466,0.04111436086536763,-1.1993789755311846,0.9450000000000001,0.9450000000000001,0.9545,NA,NA,9.305053429132874e-4,6.581311912738606e-4,5.537364472993532e-5,3.4407572374521376,5.835403069203721e-5,1.5688453015605208,0.005097793640389926,0.005097793640389926,0.004659922209651143,0.9880062102446882,0.01568845301560521
138,500,0.65,0.01,0.1,0.15,FCS-MI,2000,0.1505304031115157,5.304031115156985e-4,0.04154104299594871,0.0017250767515253698,40.87913142502166,0.04189623056347164,0.8550280443309077,0.9485,0.9485,0.9470000000000001,NA,NA,9.288859599518285e-4,6.569858282239111e-4,5.4933019980816884e-5,3.3968762823756617,4.4512800524673416e-5,1.59865199701351,0.004942051699446293,0.004942051699446293,0.005009540897128196,1.008550280443309,0.015986519970135102
138,500,0.65,0.01,0.1,0.15,IPW,2000,0.15065984770629198,6.598477062919985e-4,0.04983088506655392,0.002482310946958348,-2.095138723805534,0.04903127528363654,-1.6046469611154413,0.9425,0.9425,0.866,NA,NA,0.001114252463877937,7.880925209261896e-4,8.002415535189799e-5,0.6221704184755302,9.176040919957691e-5,1.567013423303459,0.005205465877325487,0.005205465877325487,0.007617217339685143,0.9839535303888456,0.01567013423303459
138,500,0.65,0.01,0.1,0.15,JM-MI,2000,0.15014281490799164,1.4281490799165377e-4,0.04157270847514861,0.0017274463410126579,40.66460095924902,0.041873402977801163,0.7232978405347534,0.9480000000000001,0.9480000000000001,0.9475,NA,NA,9.295940215921392e-4,6.574866286270276e-4,5.5011352702083535e-5,3.378719686798637,4.4205299298765555e-5,1.5965184196480382,0.004964675215963273,0.004964675215963273,0.004987171041783106,1.0072329784053475,0.01596518419648038
138,500,0.65,0.01,0.1,0.15,Naive,2000,0.15652982495178355,0.006529824951783547,0.04168788430373266,0.0017796493717734743,39.88841469565158,0.041728749278596676,0.0980260225399876,0.9450000000000001,0.9475,0.964,NA,NA,9.321694314129272e-4,6.593081738188768e-4,5.756846060047682e-5,4.144539363659673,4.130054097158839e-5,1.586181520174818,0.005097793640389926,0.004987171041783106,0.0041655731898503495,1.0009802602253999,0.01586181520174818
139,800,0.25,0.01,0.1,0.15,CCA,2000,0.15176460929870722,0.0017646092987072186,0.06293044559444645,0.003961374708201312,0,0.06504650136359279,3.3625310438498923,0.96,0.96,0.6535,NA,NA,0.0014071675420353445,9.952665589884032e-4,1.2332537191449077e-4,0,1.1876647213125605e-4,1.6455719580899313,0.004381780460041331,0.004381780460041331,0.010640435846336371,1.033625310438499,0.016455719580899312
139,800,0.25,0.01,0.1,0.15,AIPW,2000,0.1491006096547914,-8.993903452085767e-4,0.03885861608316265,0.0015100459508697324,162.26899662932627,0.039373705685269364,1.3255479840155848,0.9485,0.9495,0.962,NA,NA,8.689050707351831e-4,6.145623275159792e-4,4.797227415916945e-5,9.334486149513236,6.879879521055154e-5,1.6122490567419372,0.004942051699446293,0.0048964145045124596,0.004275277768753747,1.0132554798401558,0.01612249056741937
139,800,0.25,0.01,0.1,0.15,FCS-MI,2000,0.1500880578696417,8.805786964169409e-5,0.037499155794655945,0.0014054913461576286,181.62981658706587,0.04004733153488928,6.7952882837871265,0.9590000000000001,0.9595,0.9665,NA,NA,8.385066145570585e-4,5.930619972602079e-4,4.4788802809932477e-5,9.585845624192016,8.042113098662012e-5,1.7025652304236427,0.004433903472111224,0.004407933189148855,0.004023540107914917,1.0679528828378713,0.017025652304236426
139,800,0.25,0.01,0.1,0.15,IPW,2000,0.15136416798045116,0.001364167980451162,0.06532446154021983,0.004267012587160788,-7.195307390520867,0.06256190037420555,-4.228984213384434,0.9415,0.9405,0.665,NA,NA,0.0014606993659750213,0.001033128741434534,1.3116368421356274e-4,1.0548804701082215,1.6030719281990967e-4,1.5344024358383757,0.0052477495176503994,0.005289600646551685,0.010554027667198908,0.9577101578661557,0.015344024358383756
139,800,0.25,0.01,0.1,0.15,JM-MI,2000,0.14971713798299496,-2.828620170050413e-4,0.0377883425213582,0.0014273248620168969,177.3357955493048,0.04029486844083984,6.6330665814859024,0.961,0.961,0.9625,NA,NA,8.449730263480273e-4,5.976355844272988e-4,4.556397780916103e-5,9.409491976584935,8.094651474625985e-5,1.6999884717435383,0.004328914413568374,0.004328914413568374,0.004248161366991606,1.066330665814859,0.016999884717435382
139,800,0.25,0.01,0.1,0.15,Naive,2000,0.15576761204580464,0.005767612045804657,0.0328489664281461,0.001111780416810682,267.01025134477374,0.032851115616947084,0.006542637515494221,0.9455,0.9475,0.998,NA,NA,7.345252192394315e-4,5.19517659130507e-4,3.4287095453896664e-5,14.689307717146455,2.6719170276160487e-5,1.5837278928174203,0.005075911248239078,0.004987171041783106,9.989994994993746e-4,1.000065426375155,0.015837278928174204
140,800,0.5,0.01,0.1,0.15,CCA,2000,0.15043640493791635,4.364049379163569e-4,0.04468168209168655,0.001995644937455109,0,0.04498643134907597,0.682045176285162,0.9570000000000001,0.9570000000000001,0.9105,NA,NA,9.991127850604612e-4,7.066561116028562e-4,6.517368271282538e-5,0,5.4149983497135124e-5,1.5969262511761364,0.004536022486716746,0.004536022486716746,0.006383171233799076,1.0068204517628516,0.015969262511761364
140,800,0.5,0.01,0.1,0.15,AIPW,2000,0.15077804116380414,7.780411638041565e-4,0.03262380409105802,0.0010643857851276221,87.5814236321113,0.03336323567965912,2.26654005932978,0.9530000000000001,0.9535,0.995,NA,NA,7.294904363224148e-4,5.159566396218954e-4,3.2899592525361815e-5,5.554058471807373,3.8936814384335916e-5,1.6217780084326643,0.004732388403332927,0.004708383480558906,0.0015771810295587513,1.0226654005932978,0.016217780084326644
140,800,0.5,0.01,0.1,0.15,FCS-MI,2000,0.15125868939833514,0.0012586893983351402,0.03246141894638318,0.00105480114715408,89.46283395346461,0.033844865819845374,4.2618188556305725,0.9585,0.9615,0.9955,NA,NA,7.25859394102124e-4,5.133884629207022e-4,3.281485960431595e-5,5.5182177479111125,3.348275784135368e-5,1.652159307067865,0.004459694496263168,0.004302194207610808,0.0014966211945579198,1.0426181885563057,0.01652159307067865
140,800,0.5,0.01,0.1,0.15,IPW,2000,0.15052412907089702,5.241290708970155e-4,0.045445504046073365,0.002064535902365629,-3.33323627817228,0.04428121839548392,-2.5619380289171656,0.9480000000000001,0.9490000000000001,0.917,NA,NA,0.0010161923631876177,7.187362175204513e-4,6.770153629855975e-5,0.7057463382216176,7.507520589916589e-5,1.5498457434126738,0.004964675215963273,0.004919298730510272,0.006168914004912047,0.9743806197108283,0.015498457434126738
140,800,0.5,0.01,0.1,0.15,JM-MI,2000,0.1508779775063009,8.779775063008897e-4,0.03257516063722296,0.0010613813644971802,88.14206068722864,0.033874269290661854,3.9880345270022266,0.963,0.9635,0.994,NA,NA,7.284027356280591e-4,5.15187326732746e-4,3.2613886560704455e-5,5.467232074823189,3.273395741731439e-5,1.6476734899712278,0.004220841148396847,0.004193313129257102,0.0017268468374467964,1.0398803452700223,0.016476734899712277
140,800,0.5,0.01,0.1,0.15,Naive,2000,0.1571768569277617,0.0071768569277617,0.03247895317016247,0.001105862233191653,89.2583207738694,0.03279755588429147,0.9809513024012562,0.9480000000000001,0.9565,0.9965,NA,NA,7.262514712651558e-4,5.136657726775378e-4,3.515076108192919e-5,6.485780189967082,2.6115563073086848e-5,1.5990712315001387,0.004964675215963273,0.004561126505590477,0.0013205585939290896,1.0098095130240126,0.015990712315001387
141,800,0.65,0.01,0.1,0.15,CCA,2000,0.14888911631864596,-0.0011108836813540474,0.04008679633247429,0.0016073818271346726,0,0.03929180836908406,-1.9831666187457686,0.9460000000000001,0.9445,0.965,NA,NA,8.963680159960178e-4,6.339864189712889e-4,5.1127486276380735e-5,0,4.083717338039644e-5,1.5535135338424915,0.005053909377897468,0.005119558086397692,0.00410944035119139,0.9801683338125423,0.015535135338424915
141,800,0.65,0.01,0.1,0.15,AIPW,2000,0.14994944229978183,-5.055770021817859e-5,0.03252813365664364,0.001057552995525932,51.87434137177016,0.03229933194503966,-0.7033963707206214,0.9520000000000001,0.9520000000000001,0.9955,NA,NA,7.273511803745401e-4,5.144435789219895e-4,3.4052725702718545e-5,3.7489918895622933,3.6869845631575454e-5,1.5744950415266825,0.004779958158812687,0.004779958158812687,0.0014966211945579198,0.9929660362927938,0.015744950415266825
141,800,0.65,0.01,0.1,0.15,FCS-MI,2000,0.15027113406565248,2.711340656524955e-4,0.03243632398266809,0.0010516625696334121,52.7353062007055,0.032725843287182685,0.8925774223654148,0.9560000000000001,0.9560000000000001,0.996,NA,NA,7.252982536545256e-4,5.129915774712393e-4,3.3793778012190805e-5,3.7053428191763533,2.87788042805243e-5,1.5981154662788482,0.004586065852122053,0.004586065852122053,0.0014113823011501884,1.0089257742236541,0.01598115466278848
141,800,0.65,0.01,0.1,0.15,IPW,2000,0.14930637818106346,-6.936218189365466e-4,0.04015795502002483,0.0016123361319423475,-0.3540799923145932,0.03876202867542518,-3.476089217948408,0.9455,0.9440000000000001,0.968,NA,NA,8.979591726215446e-4,6.351118179960624e-4,5.100327160582263e-5,0.5477869025964277,5.73355051367056e-5,1.533220864320286,0.005075911248239078,0.005141206084179078,0.003935479640399632,0.9652391078205159,0.01533220864320286
141,800,0.65,0.01,0.1,0.15,JM-MI,2000,0.14999581019358724,-4.189806412767935e-6,0.03254837051273589,0.0010588667423772958,51.68554520871673,0.03271865306666287,0.523167677043479,0.9525,0.9525,0.9955,NA,NA,7.278036902332713e-4,5.147636317348596e-4,3.411242385946364e-5,3.6952069298297365,2.8412031247271716e-5,1.5922030018086393,0.00475624589355933,0.00475624589355933,0.0014966211945579198,1.0052316767704348,0.015922030018086394
141,800,0.65,0.01,0.1,0.15,Naive,2000,0.1570696446265757,0.007069644626575692,0.032317569034194804,0.0010938829307918774,53.85985852752735,0.03285168285179728,1.6527041902110184,0.9495,0.9555,0.9995,NA,NA,7.22642812280018e-4,5.11113427272025e-4,3.373193952131263e-5,4.4423699095149365,2.638643508302009e-5,1.6097442841693466,0.0048964145045124596,0.004610843198374891,4.99874984371065e-4,1.0165270419021102,0.016097442841693465
142,1500,0.25,0.01,0.1,0.15,CCA,2000,0.1509302051243779,9.302051243779098e-4,0.04703101060923723,0.0022116752825201407,0,0.04658751181852827,-0.9429922618372388,0.9445,0.9445,0.8935000000000001,NA,NA,0.0010516453677276824,7.438115470603534e-4,7.360244741320492e-5,0,6.055372595451074e-5,1.571902388697278,0.005119558086397692,0.005119558086397692,0.006897744196474669,0.9905700773816276,0.015719023886972782
142,1500,0.25,0.01,0.1,0.15,AIPW,2000,0.150007178121191,7.178121190995209e-6,0.027402263166782913,7.505086361737206e-4,194.57491175570644,0.027612420329453907,0.7669335973889524,0.9545,0.9545,0.999,NA,NA,6.127332317826525e-4,4.3337618084346555e-4,2.4401256952645026e-5,10.578456681832991,3.3592731824711995e-5,1.5983717285615884,0.004659922209651143,0.004659922209651143,7.067531393633852e-4,1.0076693359738895,0.015983717285615883
142,1500,0.25,0.01,0.1,0.15,FCS-MI,2000,0.15069245358438355,6.924535843835595e-4,0.02679354607099626,7.180146559695954e-4,208.11172913293808,0.027879321159291936,4.052375469147096,0.9655,0.9645,0.999,NA,NA,5.991219037302005e-4,4.2374911140834204e-4,2.3262208216095802e-5,10.776586690660764,4.326820615839639e-5,1.6535284805510808,0.00408103847078167,0.0041376170678302255,7.067531393633852e-4,1.040523754691471,0.016535284805510808
142,1500,0.25,0.01,0.1,0.15,IPW,2000,0.15091320910133685,9.132091013368459e-4,0.04811732784527289,0.002314953551212753,-4.464315473912517,0.046110424494932266,-4.17085370325232,0.9315,0.932,0.8915000000000001,NA,NA,0.0010759361595767366,7.609920263540582e-4,7.64011690230931e-5,0.9394347708202425,8.61272673040173e-5,1.526104109071436,0.0056483515294287415,0.0056292095359828254,0.0069544140659008775,0.9582914629674768,0.015261041090714361
142,1500,0.25,0.01,0.1,0.15,JM-MI,2000,0.15014752275708268,1.4752275708268016e-4,0.026893333157213078,7.229115055845613e-4,205.82948831613467,0.027983495603235476,4.053653147601777,0.96,0.9595,0.9985,NA,NA,6.013532108107749e-4,4.2532727836699544e-4,2.395016923518807e-5,10.614887432078199,4.429163212219726e-5,1.6538648006214192,0.004381780460041331,0.004407933189148855,8.653756409790912e-4,1.0405365314760178,0.016538648006214192
142,1500,0.25,0.01,0.1,0.15,Naive,2000,0.15662767805906802,0.006627678059068032,0.0237232942426445,6.0643940883288e-4,293.0236015578802,0.02392827088698125,0.8640311174334725,0.9405,0.9495,1,NA,NA,5.30468985767825e-4,3.751920267799571e-4,1.880024030763621e-5,15.52341258789962,1.379394265542073e-5,1.596258557027875,0.005289600646551685,0.0048964145045124596,0,1.0086403111743347,0.01596258557027875
143,1500,0.5,0.01,0.1,0.15,CCA,2000,0.14913540059874394,-8.645994012560624e-4,0.03262840908793115,0.001064828305194236,0,0.03256393199702349,-0.19761028107102563,0.9545,0.9540000000000001,0.996,NA,NA,7.295934071828598e-4,5.16029469225258e-4,3.437426116002062e-5,0,2.9623885237916656e-5,1.5810180478144082,0.004659922209651143,0.004684228858627636,0.0014113823011501884,0.9980238971892897,0.015810180478144083
143,1500,0.5,0.01,0.1,0.15,AIPW,2000,0.15021458173533583,2.1458173533582753e-4,0.024381917844113712,5.942267241193719e-4,79.0837048457641,0.02424606092674732,-0.5572035728895308,0.9455,0.9450000000000001,1,NA,NA,5.451962572125338e-4,3.856083847019589e-4,1.9306782368108386e-5,5.380037930027341,2.0547786688779974e-5,1.574978219362779,0.005075911248239078,0.005097793640389926,0,0.9944279642711047,0.01574978219362779
143,1500,0.5,0.01,0.1,0.15,FCS-MI,2000,0.15045648891995858,4.5648891995859564e-4,0.02429743310716996,5.902784551036452e-4,80.33125586499688,0.024444642091281957,0.6058622878502895,0.9505,0.9510000000000001,1,NA,NA,5.433071210638597e-4,3.8427222964011596e-4,1.916247043532194e-5,5.361023748098181,1.8716490503108814e-5,1.5929797364209946,0.004850244839180801,0.004826955562256604,0,1.006058622878503,0.015929797364209946
143,1500,0.5,0.01,0.1,0.15,IPW,2000,0.14945673303845053,-5.43266961549478e-4,0.03297100423614275,0.0010868387157710845,-2.0673633520127743,0.03243631401442833,-1.6216983197869794,0.9510000000000001,0.9500000000000001,0.9955,NA,NA,7.372540675844872e-4,5.214477288778921e-4,3.519972519331707e-5,0.6341572942634384,4.154804746706523e-5,1.5609812472280844,0.004826955562256604,0.0048733971724044785,0.0014966211945579198,0.9837830168021302,0.015609812472280844
143,1500,0.5,0.01,0.1,0.15,JM-MI,2000,0.15027768501496902,2.7768501496903064e-4,0.024391894169321825,5.947441278843507e-4,78.93724373815276,0.024423659999307436,0.13023109138265987,0.9470000000000001,0.9490000000000001,1,NA,NA,5.454193346258437e-4,3.8576616370332195e-4,1.9468484636070838e-5,5.305666756604738,1.8589012102010367e-5,1.5854266340709322,0.005009540897128196,0.004919298730510272,0,1.0013023109138266,0.01585426634070932
143,1500,0.5,0.01,0.1,0.15,Naive,2000,0.15686920607108332,0.006869206071083331,0.023546419832950374,6.013426620530921e-4,92.0180394215775,0.023937814751529292,1.6622268750649205,0.9455,0.9485,1,NA,NA,5.265139537322628e-4,3.723946973880147e-4,1.894039370210862e-5,6.5169919410829404,1.4173956251337974e-5,1.6089494010668026,0.005075911248239078,0.004942051699446293,0,1.0166222687506492,0.016089494010668025
144,1500,0.65,0.01,0.1,0.15,CCA,2000,0.14942529282852327,-5.747071714767273e-4,0.028110602961834166,7.901411842113877e-4,0,0.028495091738874805,1.3677713621534915,0.9550000000000001,0.9530000000000001,0.9995,NA,NA,6.285721911116813e-4,4.4457881740126906e-4,2.4815371595071894e-5,0,2.1920280852609334e-5,1.6050613742164745,0.00463546114210873,0.004732388403332927,4.99874984371065e-4,1.013677713621535,0.016050613742164745
144,1500,0.65,0.01,0.1,0.15,AIPW,2000,0.15041433348597924,4.1433348597925187e-4,0.02369032391831431,5.611225038685816e-4,40.79859612330854,0.02353081980430047,-0.6732880249498363,0.9480000000000001,0.9470000000000001,1,NA,NA,5.297317469033998e-4,3.746705898040248e-4,1.7714348384422165e-5,3.5355986872808307,1.9088919249444682e-5,1.5729511752664533,0.004964675215963273,0.005009540897128196,0,0.9932671197505016,0.015729511752664533
144,1500,0.65,0.01,0.1,0.15,FCS-MI,2000,0.1505990158137119,5.990158137119197e-4,0.02367648961827006,5.606546925088047e-4,40.96318294556207,0.02370147118985892,0.10551214302301215,0.9505,0.9520000000000001,1,NA,NA,5.29422402550199e-4,3.7445179560876695e-4,1.7688849272393676e-5,3.5152469465425704,1.5338508514709173e-5,1.5845278745864715,0.004850244839180801,0.004779958158812687,0,1.0010551214302301,0.015845278745864715
144,1500,0.65,0.01,0.1,0.15,IPW,2000,0.14979671694018876,-2.0328305981124391e-4,0.02822052444506505,7.960411249569431e-4,-0.7775008321201149,0.028352238063647967,0.4667298754114757,0.9480000000000001,0.9480000000000001,0.9995,NA,NA,6.310301101985998e-4,4.46317263321057e-4,2.506260490422806e-5,0.5155536723428981,3.0568673740366946e-5,1.5926037350245486,0.004964675215963273,0.004964675215963273,4.99874984371065e-4,1.0046672987541148,0.015926037350245486
144,1500,0.65,0.01,0.1,0.15,JM-MI,2000,0.1504459330889661,4.459330889660835e-4,0.023685839517806704,5.60937340486297e-4,40.851915497202775,0.02368471195415045,-0.004760496901135003,0.9495,0.9490000000000001,1,NA,NA,5.296314726596663e-4,3.7459966747350305e-4,1.7747379332412823e-5,3.517757053888152,1.5305027001371987e-5,1.5827785111710184,0.0048964145045124596,0.004919298730510272,0,0.99995239503098865,0.015827785111710183
144,1500,0.65,0.01,0.1,0.15,Naive,2000,0.15692405759861422,0.006924057598614213,0.02378827370117677,6.135415983281846e-4,39.64148829613035,0.02393653209788134,0.623241512044781,0.9480000000000001,0.9530000000000001,1,NA,NA,5.319219706320179e-4,3.762196991806123e-4,1.9262048100497536e-5,4.0900893152074556,1.4030779879394057e-5,1.5924836929677568,0.004964675215963273,0.004732388403332927,0,1.0062324151204478,0.01592483692967757
145,500,0.25,0.05,0,0.15,CCA,2000,0.14978997707803576,-2.1002292196423163e-4,0.09227861473072481,0.008511129174880982,0,0.09276368176221472,0.5256548691214835,0.9455,0.9455,0.364,NA,NA,0.0020634125540741413,0.0014594179094668607,3.0212491348324724e-4,0,2.2420738483674293e-4,1.6083062567396134,0.005075911248239078,0.005075911248239078,0.010758810343155975,1.0052565486912148,0.016083062567396132
145,500,0.25,0.05,0,0.15,AIPW,2000,0.1493265118011393,-6.734881988606997e-4,0.05540678119312003,0.003068830032835193,177.3807325699471,0.05512534183683654,-0.5079511031376049,0.9465,0.9470000000000001,0.786,NA,NA,0.001238933291622733,8.762772286418768e-4,1.0651030641414458e-4,9.60501832466955,1.4391982869387362e-4,1.5947964237923693,0.005031786462082825,0.005009540897128196,0.009170714257897256,0.994920488968624,0.015947964237923693
145,500,0.25,0.05,0,0.15,FCS-MI,2000,0.14951589677174146,-4.841032282585489e-4,0.052692194211726974,0.0027753134531165406,206.6970261820369,0.05592127003036089,6.128186284402748,0.9575,0.9570000000000001,0.778,NA,NA,0.0011782332814104246,8.333451054298935e-4,9.572405391442525e-5,9.727920540418715,1.4062491079633072e-4,1.6995386142592717,0.004510751046111944,0.004536022486716746,0.009292900515985306,1.0612818628440275,0.016995386142592717
145,500,0.25,0.05,0,0.15,IPW,2000,0.14949010155059508,-5.09898449404914e-4,0.09538814752396896,0.009094609235139146,-6.413478943325835,0.08582704543880079,-10.023364886885622,0.9125,0.9125,0.427,NA,NA,0.0021329438211137287,0.0015085962360138893,3.149756009707391e-4,1.1346139620937465,2.83865937857211e-4,1.4537954544669256,0.006318375978050056,0.006318375978050056,0.01106053796160024,0.8997663511311438,0.014537954544669256
145,500,0.25,0.05,0,0.15,JM-MI,2000,0.1494796490800407,-5.203509199592951e-4,0.05331197253237731,0.002841016097165209,199.60746460174585,0.05611944515628839,5.26612033011169,0.9575,0.9575,0.783,NA,NA,0.0011920919459699729,8.431471119261531e-4,9.828830172162194e-5,9.478169864142924,1.3914870687097846e-4,1.6851558386069891,0.004510751046111944,0.004510751046111944,0.009217130790001842,1.052661203301117,0.01685155838606989
145,500,0.25,0.05,0,0.15,Naive,2000,0.15023297435159727,2.3297435159728175e-4,0.04190256722736001,0.0017550015047218058,384.9766950848526,0.04238130042225089,1.1424913234869605,0.9540000000000001,0.9540000000000001,0.9445,NA,NA,9.369698875213188e-4,6.627034578130365e-4,5.546342349225731e-5,19.038652070482296,4.194323091579474e-5,1.6027319398484141,0.004684228858627636,0.004684228858627636,0.005119558086397692,1.0114249132348696,0.01602731939848414
146,500,0.5,0.05,0,0.15,CCA,2000,0.15159546419824987,0.0015954641982498905,0.06252211270132244,0.003909605575356443,0,0.0631305964392205,0.9732296488522252,0.9560000000000001,0.9560000000000001,0.6625,NA,NA,0.0013980369409705997,9.888086343761994e-4,1.318836967653033e-4,0,1.0184746607173503e-4,1.6052131394578637,0.004586065852122053,0.004586065852122053,0.010573404134903763,1.0097322964885223,0.016052131394578638
146,500,0.5,0.05,0,0.15,AIPW,2000,0.15121606393050752,0.0012160639305075277,0.04610722368216161,0.002126291949122128,83.8778196604063,0.045732925464583345,-0.8117995135826783,0.9485,0.9495,0.9115,NA,NA,0.001030988864071015,7.2920154029075e-4,6.877548932641828e-5,5.31030240705576,7.346591553936661e-5,1.5767667851152471,0.004942051699446293,0.0048964145045124596,0.006350895606133045,0.9918820048641732,0.01576766785115247
146,500,0.5,0.05,0,0.15,FCS-MI,2000,0.15130322663195186,0.0013032266319518587,0.04555586623553281,0.0020759976796497523,88.35565856036831,0.046541001720951505,2.162477781292438,0.9535,0.9535,0.9065,NA,NA,0.001018660136765388,7.204816333602435e-4,6.686823787376204e-5,5.265330934822754,5.918912713833113e-5,1.6209500770691931,0.004708383480558906,0.004708383480558906,0.006509905913298595,1.0216247778129244,0.016209500770691932
146,500,0.5,0.05,0,0.15,IPW,2000,0.15182068884682712,0.001820688846827136,0.0635185862642362,0.004035908403483673,-3.1129700128447957,0.06125609593128198,-3.5619343345305365,0.9410000000000001,0.9420000000000001,0.6985,NA,NA,0.0014203187672151656,0.0010045682051962673,1.35066895008861e-4,0.7848111995381337,1.3671044802487117e-4,1.5403122375724039,0.005268728499363008,0.005226662414964255,0.010261524009619624,0.9643806566546946,0.015403122375724039
146,500,0.5,0.05,0,0.15,JM-MI,2000,0.15109440969688068,0.0010944096968806747,0.04583126689483409,0.0021006525052575495,86.09879670683588,0.046627825008838636,1.738023336409955,0.9535,0.9540000000000001,0.9065,NA,NA,0.0010248182827178474,7.24837189147856e-4,6.74414914349945e-5,5.213273433297703,6.168402779617756e-5,1.6146408673440702,0.004708383480558906,0.004684228858627636,0.006509905913298595,1.0173802333640996,0.016146408673440703
146,500,0.5,0.05,0,0.15,Naive,2000,0.15109856705567845,0.0010985670556784653,0.04254910941310448,0.0018107283480682343,115.91675327448061,0.042402075529904174,-0.3455627749403001,0.9490000000000001,0.9485,0.9475,NA,NA,9.514270102977781e-4,6.729287440058857e-4,5.803500740000288e-5,7.086639595503779,4.3082853792813405e-5,1.5793182608361922,0.004919298730510272,0.004942051699446293,0.004987171041783106,0.996544372250597,0.015793182608361923
147,500,0.65,0.05,0,0.15,CCA,2000,0.15141012024834874,0.0014101202483487324,0.054251908355715625,0.0029437863645716514,0,0.05485282188566034,1.107635746202118,0.9545,0.9550000000000001,0.798,NA,NA,0.0012131095499246897,8.580125190232611e-4,9.46192485108742e-5,0,7.105275855075956e-5,1.6044063262223096,0.004659922209651143,0.00463546114210873,0.008977638887814545,1.0110763574620212,0.016044063262223095
147,500,0.65,0.05,0,0.15,AIPW,2000,0.15164299717389004,0.0016429971738900356,0.044683698774814803,0.0019983340594436974,47.411650227557026,0.04432028048723457,-0.8133129027918962,0.9505,0.9510000000000001,0.9215,NA,NA,9.991578794660996e-4,7.066880061375075e-4,6.32549467018375e-5,3.7503211777887207,6.655302104853963e-5,1.5757264863171323,0.004850244839180801,0.004826955562256604,0.006014056451347959,0.991866870972081,0.015757264863171323
147,500,0.65,0.05,0,0.15,FCS-MI,2000,0.15172995843116002,0.00172995843116002,0.04452111168097034,0.0019841310767903207,48.490284340216675,0.04507533949486716,1.2448651728831805,0.9590000000000001,0.9575,0.9165,NA,NA,9.955223215250962e-4,7.041166355410027e-4,6.265153432862523e-5,3.6954676297713185,4.959150509775306e-5,1.6050919252701157,0.004433903472111224,0.004510751046111944,0.006185780063985464,1.0124486517288318,0.016050919252701155
147,500,0.65,0.05,0,0.15,IPW,2000,0.15168949682887956,0.0016894968288795533,0.05487039380503545,0.003012109135796307,-2.2416450821464373,0.053585469287849324,-2.3417446606118775,0.9430000000000001,0.9430000000000001,0.8085,NA,NA,0.0012269393050024263,8.677940783164511e-4,9.646702289275395e-5,0.6099741758492292,1.0147515559929511e-4,1.555531356494639,0.005184158562389848,0.005184158562389848,0.00879851549978745,0.9765825533938812,0.01555531356494639
147,500,0.65,0.05,0,0.15,JM-MI,2000,0.15176458118732442,0.0017645811873244217,0.04455501145110499,0.001987270217652053,48.264412037228375,0.045103018111600966,1.229955155768181,0.9605,0.9570000000000001,0.9155,NA,NA,9.96280343429523e-4,7.046527720207894e-4,6.266590766186483e-5,3.6828736682224927,4.9661190792038565e-5,1.6048616616855511,0.004355441998236229,0.004536022486716746,0.006219314672855845,1.0122995515576818,0.016048616616855513
147,500,0.65,0.05,0,0.15,Naive,2000,0.15156300992923016,0.0015630099292301568,0.0422695690667565,0.0017882661108936256,64.73064479767021,0.04237409328563957,0.247280067412059,0.9495,0.9500000000000001,0.9435,NA,NA,9.451762981288989e-4,6.685077176492452e-4,5.554868212731991e-5,4.72276889626677,4.283572614675563e-5,1.588680515881761,0.0048964145045124596,0.0048733971724044785,0.005162739098579358,1.0024728006741206,0.01588680515881761
148,800,0.25,0.05,0,0.15,CCA,2000,0.14998321573587042,-1.6784264129580313e-5,0.07216169549035578,0.005204706922606335,0,0.07121475846777149,-1.3122433115652643,0.9535,0.9535,0.5690000000000001,NA,NA,0.0016135845648807554,0.0011412619390032321,1.694593326370838e-4,0,1.2906483954893867e-4,1.5709950600240818,0.004708383480558906,0.004708383480558906,0.011073368954387819,0.9868775668843474,0.01570995060024082
148,800,0.25,0.05,0,0.15,AIPW,2000,0.15013276215479177,1.3276215479176228e-4,0.04130945039142062,0.0017056350820851655,205.150877864452,0.04089392480015901,-1.0058850634040772,0.9475,0.9480000000000001,0.9465,NA,NA,9.23707391883718e-4,6.533231118325279e-4,5.552896935493931e-5,11.014990614235112,7.861165221267922e-5,1.5771487458459086,0.004987171041783106,0.004964675215963273,0.005031786462082825,0.9899411493659592,0.015771487458459087
148,800,0.25,0.05,0,0.15,FCS-MI,2000,0.1503208006150492,3.2080061504922714e-4,0.04031829260503919,0.0016248548492608812,220.33854060106796,0.04166592637671083,3.342487205182887,0.9570000000000001,0.9580000000000001,0.9525,NA,NA,9.015444300159471e-4,6.37647611839668e-4,5.250478432949476e-5,11.051319427613166,8.376985409350114e-5,1.647550293279182,0.004536022486716746,0.004485309353879615,0.00475624589355933,1.0334248720518289,0.01647550293279182
148,800,0.25,0.05,0,0.15,IPW,2000,0.1504242607728984,4.242607728983935e-4,0.07465660596280216,0.0055710020066815835,-6.572016983498042,0.06854640039724164,-8.184413806066871,0.923,0.923,0.6025,NA,NA,0.0016693724590224174,0.001180719802958274,1.8497092034434068e-4,1.028193243411161,1.8304501912858875e-4,1.4726487265625223,0.005961165993327143,0.005961165993327143,0.010942891528293607,0.9181558619393313,0.014726487265625223
148,800,0.25,0.05,0,0.15,JM-MI,2000,0.15031114731822262,3.1114731822262084e-4,0.04015803282020889,0.001611958078842617,222.90041023199302,0.041635714260463676,3.6796659011423705,0.96,0.9595,0.9470000000000001,NA,NA,8.979609122865467e-4,6.351130484326301e-4,5.181655081640646e-5,11.099350490353002,8.312980591935105e-5,1.6527445046072184,0.004381780460041331,0.004407933189148855,0.005009540897128196,1.0367966590114237,0.016527445046072186
148,800,0.25,0.05,0,0.15,Naive,2000,0.15066005878825253,6.60058788252525e-4,0.03397055245228761,0.0011538571123006168,351.24067269164055,0.0334623103520032,-1.4961255075208069,0.9440000000000001,0.9450000000000001,0.9915,NA,NA,7.596046451653729e-4,5.372559263922807e-4,3.676639205756651e-5,17.81894232877283,2.6286767578623738e-5,1.5597931374464982,0.005141206084179078,0.005097793640389926,0.0020527725154044657,0.9850387449247919,0.015597931374464982
149,800,0.5,0.05,0,0.15,CCA,2000,0.14881687706738175,-0.0011831229326182452,0.05124763967585945,0.0026264071919342375,0,0.04936272420353637,-3.678053241564172,0.9435,0.9415,0.846,NA,NA,0.00114593206001637,8.104989804961964e-4,8.084367514295933e-5,0,6.280152410774787e-5,1.5282856419749442,0.005162739098579358,0.0052477495176503994,0.008071059410015517,0.9632194675843583,0.015282856419749443
149,800,0.5,0.05,0,0.15,AIPW,2000,0.14934806764127212,-6.519323587278675e-4,0.03723819054997626,0.0013864145098189797,89.39590980949231,0.03571459552595305,-4.091485116545723,0.9385,0.9390000000000001,0.984,NA,NA,8.32671254288372e-4,5.889347425008544e-4,4.226303262918525e-5,5.567575409900151,4.391118409592274e-5,1.5214027266488623,0.005372045699731156,0.005351588549206672,0.00280570846668003,0.9590851488345428,0.015214027266488623
149,800,0.5,0.05,0,0.15,FCS-MI,2000,0.14936004462617314,-6.399553738268504e-4,0.0372053210850964,0.0013839533419670864,89.73070558326796,0.036210923407396914,-2.6727297297746477,0.9435,0.9445,0.982,NA,NA,8.31936270709818e-4,5.884149006516866e-4,4.174646049191307e-5,5.459848525514427,3.700819233420609e-5,1.542474753206052,0.005162739098579358,0.005119558086397692,0.002972877394041,0.9732727027022535,0.015424747532060521
149,800,0.5,0.05,0,0.15,IPW,2000,0.1493406087197779,-6.593912802221091e-4,0.05199152265415907,0.0027022016655444204,-2.841083644675313,0.04860447189847283,-6.514621197414183,0.9345,0.935,0.852,NA,NA,0.0011625657890841998,8.22263744675264e-4,8.437580026407706e-5,0.6813892995659317,8.45846449003318e-5,1.4874272443372907,0.005532167296819575,0.005512485827646179,0.007940277073251286,0.9348537880258582,0.014874272443372907
149,800,0.5,0.05,0,0.15,JM-MI,2000,0.14939978005419963,-6.002199458003697e-4,0.03723751950355018,0.0013862998063312278,89.40273596736985,0.0361940386275177,-2.8022298207403207,0.9495,0.9490000000000001,0.9835,NA,NA,8.326562492341242e-4,5.889241296717046e-4,4.206970981674812e-5,5.4594817767880865,3.704306411926982e-5,1.5404314267948365,0.0048964145045124596,0.004919298730510272,0.002848486440199423,0.9719777017925968,0.015404314267948365
149,800,0.5,0.05,0,0.15,Naive,2000,0.14958804863272238,-4.1195136727762804e-4,0.034453661736192374,0.0011866309835574522,121.24678294453837,0.03347920107235926,-2.828322490928392,0.9520000000000001,0.9525,0.994,NA,NA,7.704072971590957e-4,5.448964652453804e-4,3.5900815120980775e-5,7.067306938989079,2.6896876967555233e-5,1.538784922483466,0.004779958158812687,0.00475624589355933,0.0017268468374467964,0.9717167750907161,0.01538784922483466
150,800,0.65,0.05,0,0.15,CCA,2000,0.14759397752294254,-0.002406022477057468,0.04250747096525576,0.0018117705894782363,0,0.04313696926472486,1.4809121436173633,0.9415,0.9440000000000001,0.927,NA,NA,9.504959462991048e-4,6.722702176865413e-4,5.825822258292564e-5,0,4.397354032365174e-5,1.6082858926219685,0.0052477495176503994,0.005141206084179078,0.005816829033072915,1.0148091214361736,0.016082858926219686
150,800,0.65,0.05,0,0.15,AIPW,2000,0.14894008375603057,-0.0010599162439694138,0.03491800734941546,0.0012197810260794356,48.19434432862539,0.03494172020763336,0.06791011291282789,0.9440000000000001,0.9440000000000001,0.989,NA,NA,7.807903807213022e-4,5.52240250217637e-4,3.879100410261084e-5,3.7390958822759237,4.0892416502966076e-5,1.5869353148946195,0.005141206084179078,0.005141206084179078,0.0023322735688593665,1.0006791011291283,0.015869353148946195
150,800,0.65,0.05,0,0.15,FCS-MI,2000,0.14896014794612383,-0.0010398520538761704,0.03486314373422291,0.0012159123639315203,48.661133838443995,0.03535633291868588,1.414643464808485,0.9485,0.9505,0.9875,NA,NA,7.79563592990683e-4,5.513725633453996e-4,3.851785098607303e-5,3.690688092559384,3.058199811286706e-5,1.606304317186714,0.004942051699446293,0.004850244839180801,0.0024843258642939696,1.0141464346480848,0.01606304317186714
150,800,0.65,0.05,0,0.15,IPW,2000,0.14815412224392643,-0.0018458777560735476,0.04268137877509796,0.0018241965087866783,-0.8132516613985952,0.04257380620488144,-0.2520363055358521,0.9435,0.9445,0.9275,NA,NA,9.543846431453576e-4,6.750206292853768e-4,5.831238250072631e-5,0.5591421366506377,6.259760044760155e-5,1.584351065709677,0.005162739098579358,0.005119558086397692,0.005798437289477226,0.9974796369446415,0.01584351065709677
150,800,0.65,0.05,0,0.15,JM-MI,2000,0.14895041498890454,-0.0010495850110954555,0.03490747096418803,0.0012190238920465892,48.283819063216086,0.03534770579375264,1.2611478786768826,0.9475,0.9465,0.9885,NA,NA,7.805547799852457e-4,5.520736136751745e-4,3.8678388569826805e-5,3.6849511588816304,3.0391382580157513e-5,1.6038445366632532,0.004987171041783106,0.005031786462082825,0.0023840878758971907,1.0126114787867688,0.016038445366632532
150,800,0.65,0.05,0,0.15,Naive,2000,0.14910075474590978,-8.992452540902073e-4,0.03307202595861634,0.0010940206635838931,65.19957791409541,0.03350521359878262,1.3098309753032389,0.9475,0.9480000000000001,0.9945,NA,NA,7.395129819710379e-4,5.230454220319709e-4,3.5395495722578806e-5,4.613179073942796,2.661066856669004e-5,1.604268781294835,0.004987171041783106,0.004964675215963273,0.0016537457482938467,1.0130983097530324,0.01604268781294835
151,1500,0.25,0.05,0,0.15,CCA,2000,0.1507387689029824,7.387689029824112e-4,0.04978790945309751,0.0024781422892379956,0,0.05095556308242965,2.3452553886242677,0.9525,0.9525,0.847,NA,NA,0.001113291499947304,7.874128468746054e-4,8.123616164374554e-5,0,6.65240352599496e-5,1.6241307596218995,0.00475624589355933,0.00475624589355933,0.008049565205649308,1.0234525538862427,0.016241307596218994
151,1500,0.25,0.05,0,0.15,AIPW,2000,0.14962738535194883,-3.7261464805116715e-4,0.02826736344583631,7.987831559368556e-4,210.22527369255926,0.0284113119076071,0.5092390807745817,0.9560000000000001,0.9550000000000001,0.9995,NA,NA,6.320774620958269e-4,4.470580381667412e-4,2.5333130716984332e-5,11.389338049800788,3.7842644856534085e-5,1.5952154785831283,0.004586065852122053,0.00463546114210873,4.99874984371065e-4,1.0050923908077458,0.01595215478583128
151,1500,0.25,0.05,0,0.15,FCS-MI,2000,0.1497077181351763,-2.9228186482368557e-4,0.02758725833077077,7.607617224860818e-4,225.7097046336104,0.02879945834579319,4.3940575771907575,0.9595,0.96,0.9995,NA,NA,6.168698494045082e-4,4.363019427469842e-4,2.38651464353572e-5,11.663045563658283,4.2702737775398146e-5,1.6582681257374747,0.004407933189148855,0.004381780460041331,4.99874984371065e-4,1.0439405757719076,0.01658268125737475
151,1500,0.25,0.05,0,0.15,IPW,2000,0.15105795109331638,0.0010579510933163925,0.05137829163531311,0.002639528247453453,-6.095054936053579,0.05046662378852505,-1.7744222662348097,0.9445,0.9430000000000001,0.851,NA,NA,0.0011488535266436896,8.125652860003482e-4,8.543727068017804e-5,0.9598485639795682,9.551110895914351e-5,1.5645544589876332,0.005119558086397692,0.005184158562389848,0.007962380297373393,0.9822557773376519,0.015645544589876333
151,1500,0.25,0.05,0,0.15,JM-MI,2000,0.14968873157144955,-3.1126842855045507e-4,0.027741166509626172,7.692844211897597e-4,222.1056508265382,0.028848714292362843,3.9924340685253856,0.9580000000000001,0.9580000000000001,0.9995,NA,NA,6.20311340906647e-4,4.3873605332927297e-4,2.4353213051315287e-5,11.570736362301691,4.1355981305519996e-5,1.6514185783647477,0.004485309353879615,0.004485309353879615,4.99874984371065e-4,1.0399243406852539,0.016514185783647477
151,1500,0.25,0.05,0,0.15,Naive,2000,0.1498453965282231,-1.5460347177690426e-4,0.024197541380848536,5.852521506069239e-4,323.35559102489003,0.024396325844586186,0.8215068655486713,0.9560000000000001,0.9560000000000001,1,NA,NA,5.410734741594146e-4,3.826924077623553e-4,1.811426396885142e-5,16.59716049024581,1.3698470612249006e-5,1.5955312986138501,0.004586065852122053,0.004586065852122053,0,1.0082150686554867,0.0159553129861385
152,1500,0.5,0.05,0,0.15,CCA,2000,0.14864828398918178,-0.0013517160108182107,0.03578965161678955,0.0012820858494436435,0,0.03563074813258973,-0.44399282200690005,0.9475,0.9480000000000001,0.9865,NA,NA,8.002809390617668e-4,5.660256029583768e-4,4.0508983871644494e-5,0,3.184404576463134e-5,1.5770243617575603,0.004987171041783106,0.004964675215963273,0.0025804796065847873,0.995560071779931,0.015770243617575605
152,1500,0.5,0.05,0,0.15,AIPW,2000,0.1492610924397527,-7.389075602473003e-4,0.026052432497501242,6.789358587999309e-4,88.72019786105112,0.025836609139114917,-0.8284192211496011,0.9500000000000001,0.9510000000000001,0.9995,NA,NA,5.82550100436374e-4,4.120281463151427e-4,2.1175051937126803e-5,5.717538326394453,2.2945624197410988e-5,1.570903487420833,0.0048733971724044785,0.004826955562256604,4.99874984371065e-4,0.991715807788504,0.01570903487420833
152,1500,0.5,0.05,0,0.15,FCS-MI,2000,0.14927782429724817,-7.221757027518249e-4,0.02600453548802901,6.764192857608313e-4,89.41603475219395,0.026029449178807642,0.09580517517839837,0.9520000000000001,0.9515,0.9995,NA,NA,5.814790907453854e-4,4.1127063869934616e-4,2.0996198184754652e-5,5.687741285276111,1.8768361996769847e-5,1.584693843748765,0.004779958158812687,0.004803527349771207,4.99874984371065e-4,1.000958051751784,0.015846938437487648
152,1500,0.5,0.05,0,0.15,IPW,2000,0.14888921844591654,-0.0011107815540834585,0.03613039590607989,0.0013059866412368014,-1.877297538774525,0.03547756652011432,-1.8068702808089365,0.9440000000000001,0.9455,0.9855,NA,NA,8.079002129997474e-4,5.714145906430098e-4,4.1198818509750965e-5,0.6491798468238436,4.452125038345368e-5,1.557839089126284,0.005141206084179078,0.005075911248239078,0.00267298989897081,0.9819312971919106,0.01557839089126284
152,1500,0.5,0.05,0,0.15,JM-MI,2000,0.1492652964827202,-7.347035172798075e-4,0.026036398949416797,6.78094912476369e-4,88.95270206047876,0.026040316838936695,0.01504773961833461,0.9500000000000001,0.9515,0.9995,NA,NA,5.821915794020007e-4,4.11774570258599e-4,2.102410097090944e-5,5.663676989093884,1.8957997235388974e-5,1.5834472653302183,0.0048733971724044785,0.004803527349771207,4.99874984371065e-4,1.0001504773961833,0.015834472653302182
152,1500,0.5,0.05,0,0.15,Naive,2000,0.1495318406860142,-4.681593139858012e-4,0.024374097040280412,5.940187313690136e-4,115.60452437774154,0.02437104208180799,-0.01253362726575391,0.9490000000000001,0.9500000000000001,1,NA,NA,5.450213787224343e-4,3.8548469600968653e-4,1.837663871267353e-5,7.001535372815938,1.4210165153148237e-5,1.5824103739530695,0.004919298730510272,0.0048733971724044785,0,0.9998746637273425,0.015824103739530696
153,1500,0.65,0.05,0,0.15,CCA,2000,0.14989685544679018,-1.0314455320982058e-4,0.03087184701537507,9.526050414705092e-4,0,0.0312873843348985,1.3460073163632957,0.9540000000000001,0.9540000000000001,0.999,NA,NA,6.903154851735265e-4,4.882488381954229e-4,2.944307940697984e-5,0,2.3336012126226165e-5,1.6046032713448135,0.004684228858627636,0.004684228858627636,7.067531393633852e-4,1.013460073163633,0.016046032713448136
153,1500,0.65,0.05,0,0.15,AIPW,2000,0.15028881335240452,2.8881335240451384e-4,0.02560733788137818,6.554912986469076e-4,45.343750625322635,0.025409962489974843,-0.7707766903285562,0.9465,0.9460000000000001,1,NA,NA,5.725974822556706e-4,4.0498882245800866e-4,2.087224246999959e-5,3.612120242588024,2.1451359408010127e-5,1.5715783733597004,0.005031786462082825,0.005053909377897468,0,0.9922922330967144,0.015715783733597003
153,1500,0.65,0.05,0,0.15,FCS-MI,2000,0.15034744046612494,3.474404661249572e-4,0.02561068140901792,6.556997636106001e-4,45.30580324562432,0.025580725615268366,-0.11696601613655488,0.9530000000000001,0.9515,1,NA,NA,5.726722458065417e-4,4.0504170149322687e-4,2.0883952939983643e-5,3.588901131044084,1.601997910644551e-5,1.5809223784141304,0.004732388403332927,0.004803527349771207,0,0.9988303398386345,0.015809223784141305
153,1500,0.65,0.05,0,0.15,IPW,2000,0.15034997192835695,3.4997192835695113e-4,0.03086413871670849,9.522412415454997e-4,0.04995610801676875,0.031106385583569728,0.784881344283539,0.9515,0.9510000000000001,0.998,NA,NA,6.901431223754331e-4,4.8812692881091e-4,2.969069125067231e-5,0.49471405884066527,3.278223580197999e-5,1.597482382441351,0.004803527349771207,0.004826955562256604,9.989994994993746e-4,1.0078488134428354,0.015974823824413512
153,1500,0.65,0.05,0,0.15,JM-MI,2000,0.15030768653137347,3.0768653137347224e-4,0.025608818887809155,6.555783700277854e-4,45.326940103445864,0.025592572968495143,-0.06343876843826202,0.9520000000000001,0.9535,1,NA,NA,5.726305985662184e-4,4.0501224508215304e-4,2.0938373993773317e-5,3.5876845929609407,1.6180913274712353e-5,1.5817934257133073,0.004779958158812687,0.004708383480558906,0,0.9993656123156174,0.015817934257133074
153,1500,0.65,0.05,0,0.15,Naive,2000,0.1504851308721012,4.8513087210120295e-4,0.024225434383627807,5.868135872029845e-4,62.398525114391234,0.024415775361474233,0.7857071820972727,0.9555,0.9565,1,NA,NA,5.41697180662525e-4,3.8313354515831277e-4,1.8025122523105046e-5,4.411923055893924,1.413672461439942e-5,1.5950283197459048,0.004610843198374891,0.004561126505590477,0,1.0078570718209727,0.015950283197459048
154,500,0.25,0.05,0.02,0.15,CCA,2000,0.14873378169655238,-0.0012662183034476105,0.08775922743054436,0.007699434466998392,0,0.09070197812530875,3.3532094355472664,0.963,0.9635,0.3695,NA,NA,0.001962355981875614,0.0013879422508329827,2.527905540637302e-4,0,2.2172527093756382e-4,1.653977119767346,0.004220841148396847,0.004193313129257102,0.010792815897623754,1.0335320943554727,0.01653977119767346
154,500,0.25,0.05,0.02,0.15,AIPW,2000,0.1499628927295157,-3.7107270484295825e-5,0.05521854095254552,0.0030475640982450054,152.58975326139148,0.05483029246542435,-0.7031125423158646,0.9445,0.9445,0.79,NA,NA,0.0012347241118824777,8.733001447402768e-4,1.0116791527346356e-4,8.968831714538773,1.429633413053728e-4,1.5916132243530183,0.005119558086397692,0.005119558086397692,0.00910768905925098,0.9929688745768414,0.01591613224353018
154,500,0.25,0.05,0.02,0.15,FCS-MI,2000,0.15122257149620824,0.001222571496208245,0.05229324270927337,0.0027347106224977886,181.6400651522041,0.05546750968004423,6.070128388132923,0.9615,0.9625,0.797,NA,NA,0.0011693124546183055,8.270355507254964e-4,8.889730906409841e-5,9.279319502846139,1.3605487029009686e-4,1.6975915435531508,0.004302194207610808,0.004248161366991606,0.008994192570764758,1.0607012838813292,0.016975915435531508
154,500,0.25,0.05,0.02,0.15,IPW,2000,0.14956760362932991,-4.3239637067006846e-4,0.0912818018110775,0.008328388124827264,-7.569101514537446,0.08434025402500203,-7.6045253800337225,0.9255,0.9255,0.441,NA,NA,0.002041123139582327,0.001443652971603778,2.7777591489354446e-4,1.1488072838003969,2.873472816962034e-4,1.4947883532607662,0.005871530890662162,0.005871530890662162,0.011102229505824495,0.9239547461996628,0.014947883532607661
154,500,0.25,0.05,0.02,0.15,JM-MI,2000,0.1505624019704605,5.624019704605097e-4,0.05253560689290276,0.0027589262925861867,179.04746113682793,0.055700946386053996,6.025131678033135,0.961,0.962,0.7945,NA,NA,0.0011747318825173709,8.308686233310421e-4,8.843368892191416e-5,9.151097361526183,1.3876753874878143e-4,1.6975004954540784,0.004328914413568374,0.004275277768753747,0.00903520198999447,1.0602513167803314,0.016975004954540785
154,500,0.25,0.05,0.02,0.15,Naive,2000,0.1563955349273259,0.006395534927325923,0.04235957913420902,0.0018343396444617487,329.2223319480309,0.042100316078207266,-0.6120529554373588,0.9405,0.9455,0.9570000000000001,NA,NA,9.471889844237306e-4,6.699312577062329e-4,5.809636797550245e-5,17.30879660856501,4.218912773031565e-5,1.5750066829091995,0.005289600646551685,0.005075911248239078,0.004536022486716746,0.9938794704456264,0.015750066829091997
155,500,0.5,0.05,0.02,0.15,CCA,2000,0.1490742638192679,-9.257361807321198e-4,0.06266835946941375,0.003926216604424683,0,0.062020494754896904,-1.033798746292447,0.9490000000000001,0.9510000000000001,0.6765,NA,NA,0.001401307118120018,9.911215771222185e-4,1.2327676753624413e-4,0,9.588617254440733e-5,1.572645191408951,0.004919298730510272,0.004826955562256604,0.010460586742625864,0.9896620125370755,0.01572645191408951
155,500,0.5,0.05,0.02,0.15,AIPW,2000,0.14985946818668364,-1.405318133163656e-4,0.04663674770181097,0.002173918492274824,80.56773018687942,0.045214272018069095,-3.050117672949648,0.934,0.9335,0.9035,NA,NA,0.0010428293811075645,7.37576144092771e-4,6.841644966505819e-5,5.307331740334288,7.118660395315595e-5,1.5408746108416893,0.005551756478809205,0.005571254347092763,0.006602565789145914,0.9694988232705035,0.015408746108416893
155,500,0.5,0.05,0.02,0.15,FCS-MI,2000,0.15037403242684966,3.740324268496601e-4,0.046315106791630936,0.002144156472817953,83.08438783467258,0.046143099288888344,-0.3713853095847153,0.9460000000000001,0.9460000000000001,0.902,NA,NA,0.0010356372717124898,7.324892828941745e-4,6.761507775361938e-5,5.188534406425137,6.050693271471764e-5,1.581067321157489,0.005053909377897468,0.005053909377897468,0.006648157639526908,0.9962861469041528,0.01581067321157489
155,500,0.5,0.05,0.02,0.15,IPW,2000,0.1500800035278146,8.000352781459e-5,0.06385746553668203,0.004075743417380613,-3.6895756337403274,0.06011418682198304,-5.861928097582769,0.9305,0.9305,0.6915,NA,NA,0.0014278963381087115,0.0010099276970004921,1.2841481310552034e-4,0.7508843264353103,1.325323627352802e-4,1.5032221972936048,0.005686376262612245,0.005686376262612245,0.010327820438020793,0.9413807190241723,0.015032221972936048
155,500,0.5,0.05,0.02,0.15,JM-MI,2000,0.1498158496883224,-1.8415031167759698e-4,0.04636927524042126,0.0021490685428160743,82.65688041738382,0.04613353546107555,-0.5083965149841552,0.9485,0.9485,0.898,NA,NA,0.0010368485150497985,7.333459754715753e-4,6.755488510689939e-5,5.194268073539159,5.909110185564264e-5,1.5786458248215824,0.004942051699446293,0.004942051699446293,0.006767421961131136,0.9949160348501584,0.015786458248215826
155,500,0.5,0.05,0.02,0.15,Naive,2000,0.15647883847991614,0.0064788384799161595,0.04202374894570102,0.0018070878257624241,122.38580637269285,0.042099862327117404,0.18111992224856266,0.9465,0.9465,0.9605,NA,NA,9.39679593119726e-4,6.64619988209195e-4,5.7437585954300664e-5,7.221149867990865,4.271743619080469e-5,1.5876562040626876,0.005031786462082825,0.005031786462082825,0.004355441998236229,1.0018111992224856,0.015876562040626877
156,500,0.65,0.05,0.02,0.15,CCA,2000,0.1495864687021666,-4.135312978333838e-4,0.05375698838082924,0.00288853990101101,0,0.053978758229524165,0.41254143019293643,0.9520000000000001,0.9520000000000001,0.7865,NA,NA,0.0012020428028520055,8.5018519004558e-4,8.960883560850408e-5,0,6.838496936380388e-5,1.5931457252585475,0.004779958158812687,0.004779958158812687,0.00916290756255895,1.0041254143019294,0.015931457252585476
156,500,0.65,0.05,0.02,0.15,AIPW,2000,0.14877480825417858,-0.0012251917458214097,0.045140795585815296,0.002038173675221331,41.81802812404409,0.04375271217012736,-3.0750087535544313,0.9455,0.9440000000000001,0.919,NA,NA,0.0010093788748830545,7.139171488189504e-4,6.522927698927954e-5,3.553273490516284,6.238069786960022e-5,1.5391183318854598,0.005075911248239078,0.005141206084179078,0.006100778638829636,0.9692499124644557,0.015391183318854598
156,500,0.65,0.05,0.02,0.15,FCS-MI,2000,0.14906520751565894,-9.347924843410521e-4,0.04497573181124499,0.002022678880719837,42.8609005518406,0.04452311677716967,-1.00635390653534,0.9505,0.9485,0.914,NA,NA,0.0010056879366774354,7.113066086681792e-4,6.438808350008726e-5,3.4979833227413586,4.847426745263157e-5,1.5693238430773104,0.004850244839180801,0.004942051699446293,0.006269130721240385,0.9899364609346466,0.015693238430773103
156,500,0.65,0.05,0.02,0.15,IPW,2000,0.14993875480513066,-6.124519486932872e-5,0.05468918361701591,0.002989415102267228,-3.38001186664717,0.05269350950777574,-3.649120314568466,0.9375,0.937,0.8025,NA,NA,0.001222887322016154,8.649281771047208e-4,9.239303425171379e-5,0.578094566436737,9.397103516649446e-5,1.5334792783402924,0.005412658773652742,0.00543281694887652,0.00890207138816579,0.9635087968543153,0.015334792783402924
156,500,0.65,0.05,0.02,0.15,JM-MI,2000,0.14889763778533904,-0.0011023622146609621,0.04493592020250246,0.0020194425084357585,43.114151924987,0.04454334744385668,-0.8736279503717026,0.9495,0.9490000000000001,0.9125,NA,NA,0.0010047977220430163,7.106769744352307e-4,6.438533961790877e-5,3.482388124106008,4.851085863522534e-5,1.5714301440102072,0.0048964145045124596,0.004919298730510272,0.006318375978050056,0.991263720496283,0.015714301440102073
156,500,0.65,0.05,0.02,0.15,Naive,2000,0.15538539102550758,0.00538539102550758,0.042762761783021415,0.0018567419049113987,58.02957384202121,0.04206921449981519,-1.6218486699369206,0.9430000000000001,0.9460000000000001,0.9535,NA,NA,9.562044225246599e-4,6.763077294400157e-4,5.872192305786775e-5,4.543211771232534,4.1722635109124584e-5,1.5589403468319458,0.005184158562389848,0.005053909377897468,0.004708383480558906,0.9837815133006308,0.015589403468319458
157,800,0.25,0.05,0.02,0.15,CCA,2000,0.14795839783296966,-0.0020416021670303457,0.06915467416435976,0.004784145913707801,0,0.06988452679575652,1.0553916133884345,0.9480000000000001,0.9505,0.5775,NA,NA,0.001546345523933569,0.0010937048664343243,1.4960703955783547e-4,0,1.2659753664015616e-4,1.6086757761550126,0.004964675215963273,0.004850244839180801,0.01104521955417818,1.0105539161338843,0.016086757761550125
157,800,0.25,0.05,0.02,0.15,AIPW,2000,0.1503705937392494,3.705937392494012e-4,0.04033255432958293,0.0016260389209989555,193.9893674583995,0.040826552461775495,1.224812413703802,0.9525,0.9525,0.9580000000000001,NA,NA,9.01863331871509e-4,6.378731658998341e-4,5.0832992600356994e-5,10.483052711911325,7.565541737426255e-5,1.6118570054643013,0.00475624589355933,0.00475624589355933,0.004485309353879615,1.012248124137038,0.016118570054643015
157,800,0.25,0.05,0.02,0.15,FCS-MI,2000,0.15119603310814142,0.001196033108141439,0.03911496323600609,0.001530645853975402,212.5771492456087,0.04150760729878772,6.116953372409539,0.9615,0.96,0.96,NA,NA,8.746371673311478e-4,6.186165455706418e-4,4.894924629337952e-5,10.71141215632721,8.136598824961097e-5,1.6911184330320026,0.004302194207610808,0.004381780460041331,0.004381780460041331,1.0611695337240954,0.016911184330320028
157,800,0.25,0.05,0.02,0.15,IPW,2000,0.14774222158048908,-0.0022577784195109223,0.07163836562112395,0.0051345869645430114,-6.813770329139778,0.0671056370609505,-6.327236140681702,0.926,0.9255,0.595,NA,NA,0.0016018825532581713,0.0011329852978123715,1.587647396424019e-4,1.0199990604603044,1.710270144538217e-4,1.5005796277359817,0.005853375094763702,0.005871530890662162,0.01097667982588542,0.936727638593183,0.015005796277359817
157,800,0.25,0.05,0.02,0.15,JM-MI,2000,0.15045601005182185,4.56010051821848e-4,0.03933996659675099,0.00154706710051493,209.01182940765892,0.04165377346370997,5.881567950162081,0.9580000000000001,0.9585,0.9560000000000001,NA,NA,8.796683954290629e-4,6.221750508139158e-4,4.915970944927157e-5,10.569717345340168,8.29669640066023e-5,1.6877814973084888,0.004485309353879615,0.004459694496263168,0.004586065852122053,1.0588156795016208,0.01687781497308489
157,800,0.25,0.05,0.02,0.15,Naive,2000,0.15739140568902799,0.007391405689027988,0.03277987594113184,0.0011286158846424317,345.0701496208068,0.03321811357062099,1.3369105797598646,0.9460000000000001,0.9425,0.997,NA,NA,7.32980308983807e-4,5.18424969405844e-4,3.6816412101887033e-05,17.687549176287565,2.595357220988304e-5,1.6046324754735575,0.005053909377897468,0.005205465877325487,0.0012229063741758816,1.0133691057975986,0.016046324754735573
158,800,0.5,0.05,0.02,0.15,CCA,2000,0.1492568813889116,-7.431186110883901e-4,0.04832806642218943,0.002334986428375646,0,0.04842171734043033,0.19378163699490525,0.9525,0.9515,0.863,NA,NA,0.0010806484174114062,7.643249291535317e-4,7.297408872099818e-5,0,6.007114295535386e-5,1.5894666104021582,0.00475624589355933,0.004803527349771207,0.007688660481514319,1.001937816369949,0.01589466610402158
158,800,0.5,0.05,0.02,0.15,AIPW,2000,0.14953030402488027,-4.696959751197141e-4,0.03492404026313717,0.0012192993583161193,91.49166652125228,0.03536929898250574,1.2749347326762361,0.9530000000000001,0.9540000000000001,0.989,NA,NA,7.809252807731435e-4,5.523356628152081e-4,3.7991042659437095e-5,5.721525736257565,4.3483817036354503e-5,1.6065299511882767,0.004732388403332927,0.004684228858627636,0.0023322735688593665,1.0127493473267624,0.016065299511882767
158,800,0.5,0.05,0.02,0.15,FCS-MI,2000,0.1499067567398872,-9.324326011279579e-5,0.03491787660649707,0.0012186571719587582,91.55927619103169,0.03584760592656523,2.6626170043088315,0.962,0.962,0.99,NA,NA,7.807874572207711e-4,5.52238182473586e-4,3.7877607415950014e-5,5.583737654973826,3.620589675699237e-5,1.6269519637522356,0.004275277768753747,0.004275277768753747,0.0022248595461287,1.0266261700430883,0.016269519637522357
158,800,0.5,0.05,0.02,0.15,IPW,2000,0.14966486430262288,-3.351356973771182e-4,0.04911922861868193,0.002411604586719952,-3.1954515721393295,0.04769017343441848,-2.9093599888495136,0.9435,0.9430000000000001,0.8665,NA,NA,0.0010983393419372591,7.768374303676386e-4,7.511143244145826e-5,0.7051115280320235,8.29672563349771e-5,1.5447839892816753,0.005162739098579358,0.005184158562389848,0.0076051873744175415,0.9709064001115049,0.015447839892816752
158,800,0.5,0.05,0.02,0.15,JM-MI,2000,0.14972448455613085,-2.7551544386914266e-4,0.03481724563888875,0.0012117103823415891,92.66818945853798,0.03584333458159642,2.9470709812886353,0.963,0.962,0.9895,NA,NA,7.785372803786335e-4,5.506466692415862e-4,3.739976260479727e-5,5.631773224146791,3.713904553643359e-5,1.6316336773963205,0.004220841148396847,0.004275277768753747,0.0022792268425937726,1.0294707098128864,0.016316336773963203
158,800,0.5,0.05,0.02,0.15,Naive,2000,0.1566752349963879,0.006675234996387907,0.032797297101597254,0.0011196836280788563,117.13144931505192,0.03319406981671838,1.2097726037972878,0.9500000000000001,0.9575,0.998,NA,NA,7.333698579742829e-4,5.187004910276315e-4,3.505440302487256e-5,7.269768240916961,2.6807573951443243e-5,1.6027528025636988,0.0048733971724044785,0.004510751046111944,9.989994994993746e-4,1.0120977260379729,0.01602752802563699
159,800,0.65,0.05,0.02,0.15,CCA,2000,0.14993414787319037,-6.5852126809637e-5,0.043182224712242395,0.0018637765153356543,4.440892098500626e-14,0.04229171647178919,-2.062210195022074,0.9470000000000001,0.9475,0.9375,NA,NA,9.65583898762453e-4,6.829416793865865e-4,5.721595863572042e-5,6.665668500104317e-8,4.309771202933863e-5,1.5521318049857589,0.005009540897128196,0.004987171041783106,0.005412658773652742,0.9793778980497793,0.01552131804985759
159,800,0.65,0.05,0.02,0.15,AIPW,2000,0.15022191251372105,2.219125137210528e-4,0.03526087047216117,0.0012427565671250464,49.97676008632141,0.034433169227158326,-2.347364752825154,0.9465,0.9460000000000001,0.99,NA,NA,7.884570332156749e-4,5.576627479793445e-4,3.8144686759420504e-5,3.7946774143865887,3.98800634113493e-5,1.5485456130690487,0.005031786462082825,0.005053909377897468,0.0022248595461287,0.9765263524717485,0.015485456130690488
159,800,0.65,0.05,0.02,0.15,FCS-MI,2000,0.15037695323377714,3.769532337771631e-4,0.03530852216964227,0.0012462104856756724,49.57222178940768,0.03481469017046997,-1.3986198482044965,0.9490000000000001,0.9480000000000001,0.9895,NA,NA,7.895225575637847e-4,5.584163759019497e-4,3.820589247285974e-5,3.728802912663927,3.004970692249436e-5,1.5617352456598823,0.004919298730510272,0.004964675215963273,0.0022792268425937726,0.986013801517955,0.015617352456598822
159,800,0.65,0.05,0.02,0.15,IPW,2000,0.15040021994886105,4.0021994886104805e-4,0.04338856499847515,0.0018817864648480553,-0.9488658886957491,0.04176174837221409,-3.749413298914661,0.9415,0.9415,0.9450000000000001,NA,NA,9.701978078275849e-4,6.862050217119058e-4,5.793875148428455e-5,0.5265892454795088,6.229993730425035e-5,1.5289929437783336,0.0052477495176503994,0.0052477495176503994,0.005097793640389926,0.9625058670108534,0.015289929437783336
159,800,0.65,0.05,0.02,0.15,JM-MI,2000,0.15033433420833797,3.3433420833797707e-4,0.03522899648215074,0.0012405734314056844,50.24827053409895,0.034830266841857443,-1.131822305796648,0.9505,0.9500000000000001,0.9895,NA,NA,7.877443091319001e-4,5.571586499063171e-4,3.8011641473554666e-5,3.738353185988001,2.9965284348955886e-5,1.5659459052202047,0.004850244839180801,0.0048733971724044785,0.0022792268425937726,0.9886817769420335,0.01565945905220205
159,800,0.65,0.05,0.02,0.15,Naive,2000,0.15701428815499396,0.0070142881549939634,0.03405065605326058,0.0012080676923899114,60.827036110955014,0.03317397117834686,-2.574648998076412,0.937,0.9450000000000001,0.9965,NA,NA,7.613958161355536e-4,5.385227922876334e-4,3.7284182777352855e-5,4.542624620539283,2.582329035391951e-5,1.5426805217020834,0.00543281694887652,0.005097793640389926,0.0013205585939290896,0.9742535100192359,0.015426805217020834
160,1500,0.25,0.05,0.02,0.15,CCA,2000,0.14971752907629282,-2.8247092370718057e-4,0.05023466824237478,0.0025223399222974873,4.440892098500626e-14,0.05012791412763223,-0.21251083858557784,0.9480000000000001,0.9490000000000001,0.844,NA,NA,0.0011232813301709991,7.944784902003704e-4,8.017249242362761e-5,0,6.575574418929295e-5,1.5835924744599958,0.004964675215963273,0.004919298730510272,0.00811369213120636,0.9978748916141442,0.01583592474459996
160,1500,0.25,0.05,0.02,0.15,AIPW,2000,0.15023105087529343,2.310508752934362e-4,0.02843549004118427,8.082261898423225e-4,212.09416053391504,0.028582660928618806,0.5175605808846129,0.9465,0.9460000000000001,0.9995,NA,NA,6.358368870560632e-4,4.4971701787752794e-4,2.6437936412101097e-5,11.452610307779649,3.833516527050824e-5,1.595425821359995,0.005031786462082825,0.005053909377897468,4.99874984371065e-4,1.0051756058088461,0.01595425821359995
160,1500,0.25,0.05,0.02,0.15,FCS-MI,2000,0.1508811462878855,8.811462878854982e-4,0.028172450120190966,7.94066521082415e-4,217.9492754487061,0.028866770520265716,2.4645367978737953,0.9530000000000001,0.9520000000000001,0.999,NA,NA,6.299551356146912e-4,4.4555695140142645e-4,2.612600176771262e-5,11.378281133507928,4.445693489983146e-5,1.6281769253758493,0.004732388403332927,0.004779958158812687,7.067531393633852e-4,1.024645367978738,0.016281769253758495
160,1500,0.25,0.05,0.02,0.15,IPW,2000,0.1499864915843497,-1.3508415650293023e-5,0.051313346126579826,0.0026317431434381253,-4.160088204286971,0.04968651100639104,-3.1703937532658766,0.937,0.937,0.8425,NA,NA,0.0011474013009200802,8.115381505273963e-4,8.27098657553182e-5,0.9328259259751277,9.482285079696158e-5,1.5425024311112487,0.00543281694887652,0.00543281694887652,0.00814535910810567,0.9682960624673412,0.015425024311112487
160,1500,0.25,0.05,0.02,0.15,JM-MI,2000,0.1503186839181472,3.1868391814721613e-4,0.027985119159864246,7.828768703842907e-4,222.22019488977486,0.028984110007482494,3.5697216149466415,0.9520000000000001,0.9535,0.9985,NA,NA,6.257662879988826e-4,4.425942480784927e-4,2.570594627935298e-5,11.55073930689541,4.380691154003503e-5,1.6454534253824378,0.004779958158812687,0.004708383480558906,8.653756409790912e-4,1.0356972161494664,0.016454534253824378
160,1500,0.25,0.05,0.02,0.15,Naive,2000,0.15727121466355118,0.007271214663551189,0.02418022166068867,6.372613406836994e-4,331.6050539171302,0.024176389085761262,-0.01585004050494998,0.9470000000000001,0.9515,1,NA,NA,5.406861934431273e-4,3.824184904537565e-4,2.0238752576800047e-5,16.99284865745598,1.4327692481132407e-5,1.5823933767289298,0.005009540897128196,0.004803527349771207,0,0.9998414995949505,0.015823933767289296
161,1500,0.5,0.05,0.02,0.15,CCA,2000,0.14949866851337398,-5.013314866260088e-4,0.035026904600931864,0.0012265219371593035,4.440892098500626e-14,0.03503671057202756,0.027995540021086285,0.9550000000000001,0.9545,0.991,NA,NA,7.832253972908381e-4,5.539624975619271e-4,3.917180229689454e-5,0,3.0386303184853444e-5,1.5843538401028943,0.00463546114210873,0.004659922209651143,0.002111752826445369,1.0002799554002109,0.015843538401028943
161,1500,0.5,0.05,0.02,0.15,AIPW,2000,0.1498784540575451,-1.2154594245490392e-4,0.025462345463038223,6.480216443769909e-4,89.23728417902555,0.025613531207177923,0.5937620489799844,0.9505,0.9500000000000001,1,NA,NA,5.693553532193683e-4,4.026957176830863e-4,1.984163107336875e-5,5.81588133886509,2.2840253422690383e-5,1.5934516700472638,0.004850244839180801,0.0048733971724044785,0,1.0059376204897998,0.015934516700472637
161,1500,0.5,0.05,0.02,0.15,FCS-MI,2000,0.15016857282204468,1.6857282204467593e-4,0.025460260490179413,6.479291685920093e-4,89.26827920806915,0.025785555727825604,1.2776587174811782,0.9535,0.9540000000000001,1,NA,NA,5.693087318089329e-4,4.026627431229482e-4,1.9820809545443078e-5,5.770320418228314,1.914968895997203e-5,1.6035058392891206,0.004708383480558906,0.004684228858627636,0,1.0127765871748118,0.016035058392891207
161,1500,0.5,0.05,0.02,0.15,IPW,2000,0.14990542999153958,-9.45700084604087e-5,0.03531449196489143,0.0012464987295535124,-1.6220896788081807,0.0349336060705658,-1.0785540811525496,0.9485,0.9490000000000001,0.99,NA,NA,7.896560462436735e-4,5.585107902592513e-4,3.942000849744098e-5,0.6699257140739913,4.375402111514672e-5,1.569374930967993,0.004942051699446293,0.004919298730510272,0.0022248595461287,0.9892144591884745,0.01569374930967993
161,1500,0.5,0.05,0.02,0.15,JM-MI,2000,0.14989473609698192,-1.0526390301807743e-4,0.025374432900849217,6.435509946064582e-4,90.55082318896149,0.025800771326738123,1.6801889821728366,0.9515,0.9515,1,NA,NA,5.673895685680603e-4,4.0130535039051106e-4,1.9841546897376912e-5,5.8087552666582996,1.9098204866431923e-5,1.609867421257677,0.004803527349771207,0.004803527349771207,0,1.0168018898217284,0.01609867421257677
161,1500,0.5,0.05,0.02,0.15,Naive,2000,0.15678643700145725,0.00678643700145726,0.02410773786775352,6.269481607625151e-4,111.10114936874007,0.024175004997012167,0.2790271307397285,0.9420000000000001,0.9565,1,NA,NA,5.390654065604271e-4,3.8127213443330335e-4,1.9459229254253373e-5,7.040471860332361,1.4144956240866852e-5,1.5870321560586182,0.005226662414964255,0.004561126505590477,0,1.0027902713073973,0.01587032156058618
162,1500,0.65,0.05,0.02,0.15,CCA,2000,0.150119454104687,1.194541046869863e-4,0.03039475367756393,9.233933998773526e-4,0,0.030602300812790466,0.6828386813996001,0.9475,0.9480000000000001,0.9985,NA,NA,6.796473538239467e-4,4.8070344359104256e-4,2.8964423933135618e-5,0,2.2830258920415107e-5,1.5941041847411674,0.004987171041783106,0.004964675215963273,8.653756409790912e-4,1.006828386813996,0.015941041847411675
162,1500,0.65,0.05,0.02,0.15,AIPW,2000,0.1501489439267072,1.4894392670718843e-4,0.025461840451444916,6.480033508085523e-4,42.500921062262954,0.02503548656779764,-1.6744817974188475,0.9430000000000001,0.9430000000000001,1,NA,NA,5.693440608168477e-4,4.026877307517056e-4,2.001338879773091e-5,3.595042619100081,2.105009526073241e-5,1.557247834639358,0.005184158562389848,0.005184158562389848,0,0.9832551820258115,0.01557247834639358
162,1500,0.65,0.05,0.02,0.15,FCS-MI,2000,0.15034906348982366,3.4906348982365867e-4,0.025420864424545303,6.460190832369953e-4,42.960687302518984,0.025204728636802783,-0.8502298904274452,0.9475,0.9470000000000001,1,NA,NA,5.684278090008937e-4,4.020396808466372e-4,1.9825164636797136e-5,3.5911820443296087,1.581160996683604e-5,1.5693206923589391,0.004987171041783106,0.005009540897128196,0,0.9914977010957255,0.01569320692358939
162,1500,0.65,0.05,0.02,0.15,IPW,2000,0.15065564929680406,6.556492968040488e-4,0.0306079330261134,9.368070173493775e-4,-1.3881170503613927,0.03042879990074391,-0.5852506447157402,0.9450000000000001,0.9450000000000001,0.9985,NA,NA,6.844141889715041e-4,4.840749480301744e-4,2.936032877385967e-5,0.4937240132547989,3.200621659764324e-5,1.5757517795869584,0.005097793640389926,0.005097793640389926,8.653756409790912e-4,0.9941474935528426,0.015757517795869584
162,1500,0.65,0.05,0.02,0.15,JM-MI,2000,0.1501561826614626,1.561826614626094e-4,0.025451851479093936,6.474972383657408e-4,42.61279638785338,0.025196047577667403,-1.0050502677050765,0.9440000000000001,0.9430000000000001,1,NA,NA,5.691207006048261e-4,4.025297517314447e-4,2.000397435926701e-5,3.578260511013034,1.587438966915806e-5,1.5668808768056919,0.005141206084179078,0.005184158562389848,0,0.9899494973229492,0.01566880876805692
162,1500,0.65,0.05,0.02,0.15,Naive,2000,0.15659701645550933,0.00659701645550934,0.024462440168100383,6.416323996026631e-4,54.382369905335295,0.024160134244215505,-1.2357962730107808,0.9375,0.9505,1,NA,NA,5.469967911139384e-4,3.868818728452406e-4,1.9606215104150815e-5,4.385711366975873,1.3655539222123547e-5,1.5629868966080647,0.005412658773652742,0.004850244839180801,0,0.9876420372698922,0.015629868966080648
163,500,0.25,0.05,0.05,0.15,CCA,2000,0.1485838180347306,-0.0014161819652693786,0.09036348084786247,0.00816348146296529,0,0.08915322494105754,-1.3393197068653606,0.9415,0.9425,0.397,NA,NA,0.002020588858593208,0.0014291294109254375,2.586158407113265e-4,9.426678795130648e-8,2.1304159557568263e-4,1.5780630302006347,0.0052477495176503994,0.005205465877325487,0.010940543862167,0.9866068029313464,0.015780630302006347
163,500,0.25,0.05,0.05,0.15,AIPW,2000,0.14840361600986546,-0.0015963839901345402,0.05515419158643949,0.003043012298972854,168.42864362523295,0.054779706205198474,-0.6789790049848032,0.9480000000000001,0.9470000000000001,0.769,NA,NA,0.0012332852163132568,8.722824374672318e-4,9.761581507780133e-5,9.182734425116653,1.3986309892132398e-4,1.5911334544146747,0.004964675215963273,0.005009540897128196,0.009424409795843981,0.993210209950152,0.015911334544146748
163,500,0.25,0.05,0.05,0.15,FCS-MI,2000,0.15029610537728896,2.961053772889819e-4,0.05221810897607301,0.002725455217978978,199.4633117576043,0.0555652719799423,6.409965947642804,0.965,0.9645,0.785,NA,NA,0.001167632413269912,8.258472849917976e-4,8.498406281877801e-5,9.503784924344316,1.4060013050057367e-4,1.7043135951952277,0.00410944035119139,0.0041376170678302255,0.009186266924055712,1.064099659476428,0.01704313595195228
163,500,0.25,0.05,0.05,0.15,IPW,2000,0.14885667676232822,-0.001143323237671777,0.0937324689873557,0.008782690042620165,-7.059331921321443,0.08278065427753557,-11.684120591443614,0.91,0.91,0.461,NA,NA,0.0020959217235461823,0.0014824111126708018,2.8237951796769584e-4,1.11590107872249,2.735013795989265e-4,1.4268987785414895,0.0063992187023104614,0.0063992187023104614,0.01114627740548386,0.8831587940855639,0.014268987785414895
163,500,0.25,0.05,0.05,0.15,JM-MI,2000,0.1492744324029323,-7.255675970676724e-4,0.05275879693223384,0.0027826253567477333,193.35678422272343,0.05559926549795306,5.383876681963895,0.9635,0.964,0.772,NA,NA,0.0011797225635158223,8.343984502748567e-4,8.807391275775909e-5,9.293487853965233,1.4229612675138422e-4,1.6883640451153945,0.004193313129257102,0.0041655731898503495,0.009381257911389069,1.053838766819639,0.016883640451153946
163,500,0.25,0.05,0.05,0.15,Naive,2000,0.15969795226369574,0.00969795226369573,0.042009310598994445,0.001857950064023207,362.6949873672206,0.0418337723645159,-0.4178555467243106,0.9420000000000001,0.9475,0.969,NA,NA,9.3935674187254e-4,6.643916408090075e-4,6.0855297344190413e-5,18.61398510598307,4.2950952680255675e-5,1.5782409179153531,0.005226662414964255,0.004987171041783106,0.003875499967746099,0.9958214445327569,0.015782409179153533
164,500,0.5,0.05,0.05,0.15,CCA,2000,0.14873631871630125,-0.0012636812836987529,0.059926423453227844,0.003590977530168399,0,0.06073989090932295,1.357443693815652,0.9560000000000001,0.9565,0.6950000000000001,NA,NA,0.0013399955648985514,9.477569195543632e-4,1.1390631809542023e-4,0,9.414094690090934e-5,1.6106819209605534,0.004586065852122053,0.004561126505590477,0.01029502306942534,1.0135744369381565,0.016106819209605536
164,500,0.5,0.05,0.05,0.15,AIPW,2000,0.14896447758765888,-0.001035522412341103,0.04512783230836372,0.0020365752948938317,76.33875560691075,0.04478746085102603,-0.7542384376273525,0.9460000000000001,0.9445,0.9135,NA,NA,0.0010090890071871254,7.13712130144435e-4,6.588832820215883e-5,5.276669893623186,7.022237458690645e-5,1.5773001868171939,0.005053909377897468,0.005119558086397692,0.006285608562422576,0.9924576156237265,0.01577300186817194
164,500,0.5,0.05,0.05,0.15,FCS-MI,2000,0.14962901093298106,-3.709890670189437e-4,0.044770096752343745,0.002003497015320461,79.16808493058107,0.04568067095717801,2.0338892941673015,0.9505,0.9510000000000001,0.91,NA,NA,0.001001089796974832,7.080544197547405e-4,6.486630109698358e-5,5.203398621226789,5.8422593174220785e-5,1.6189686584957517,0.004850244839180801,0.004826955562256604,0.0063992187023104614,1.020338892941673,0.016189686584957518
164,500,0.5,0.05,0.05,0.15,IPW,2000,0.14904893378298853,-9.510662170114717e-4,0.06046569330613753,0.0036551765439075297,-1.775767563980435,0.05891707094637451,-2.561158691958354,0.9415,0.9415,0.715,NA,NA,0.0013520540053917752,9.562856570486195e-4,1.1556252918615532e-4,0.8193896529135225,1.3024650760534994e-4,1.5560105780391527,0.0052477495176503994,0.0052477495176503994,0.010093933821855581,0.9743884130804165,0.015560105780391527
164,500,0.5,0.05,0.05,0.15,JM-MI,2000,0.1494280673168498,-5.719326831501901e-4,0.04480874140450192,0.0020071465015964523,78.8591763382264,0.04570781144493199,2.006461266818227,0.9520000000000001,0.9515,0.9075,NA,NA,0.001001953917666757,7.08665598169472e-4,6.474412079681319e-5,5.201625389892907,5.8919786193052666e-5,1.6186169786969369,0.004779958158812687,0.004803527349771207,0.006478570444164362,1.0200646126681823,0.01618616978696937
164,500,0.5,0.05,0.05,0.15,Naive,2000,0.160777331396444,0.010777331396444016,0.040861760006314314,0.001784999461126999,115.08126400617238,0.04186315593057089,2.4506920996595127,0.9425,0.9570000000000001,0.978,NA,NA,9.136967305440104e-4,6.462427349995331e-4,5.621726226690661e-5,7.443121287900175,4.145319970798529e-5,1.6234655310595891,0.005205465877325487,0.004536022486716746,0.0032799390238234627,1.0245069209965951,0.01623465531059589
165,500,0.65,0.05,0.05,0.15,CCA,2000,0.14930926504765443,-6.907349523455535e-4,0.05432669583363909,0.0029503913000350304,0,0.052785533484732965,-2.836841676559021,0.9470000000000001,0.9480000000000001,0.7965,NA,NA,0.0012147818487697162,8.591953086111181e-4,9.096825122981182e-5,0,7.137429135570669e-5,1.5422746690108442,0.005009540897128196,0.004964675215963273,0.009002437170011241,0.9716315832344098,0.015422746690108442
165,500,0.65,0.05,0.05,0.15,AIPW,2000,0.14971208536547828,-2.879146345217103e-4,0.044606138574144846,0.0019887956395333367,48.33284460651115,0.04310868864531979,-3.357048999737955,0.9385,0.9395,0.929,NA,NA,9.974235806556344e-4,7.054613649893944e-4,6.077938133808404e-5,3.599190976863755,6.373648466903143e-5,1.5351058032616243,0.005372045699731156,0.005331029450303197,0.005742778073371805,0.9664295100026205,0.015351058032616242
165,500,0.65,0.05,0.05,0.15,FCS-MI,2000,0.15019097062478945,1.9097062478945194e-4,0.044409914486263816,0.0019712908542044586,49.64655036753245,0.043907411282535974,-1.131511306744959,0.9450000000000001,0.9445,0.927,NA,NA,9.930358766623854e-4,7.023580138071294e-4,6.016391672254128e-5,3.572368646178837,4.9193249154790124e-5,1.5675577129780283,0.005097793640389926,0.005119558086397692,0.005816829033072915,0.9886848869325504,0.015675577129780283
165,500,0.65,0.05,0.05,0.15,IPW,2000,0.14949611552183018,-5.038844781698314e-4,0.054822708502934824,0.003004280502481304,-1.8013295088943226,0.0514611386322643,-6.131710676955282,0.932,0.9325,0.8075,NA,NA,0.00122587302923218,8.670399189252739e-4,9.173231938063321e-5,0.5766090568198157,9.728923249382283e-5,1.4951282545399867,0.0056292095359828254,0.005609979946488223,0.008816001077586141,0.9386828932304472,0.014951282545399867
165,500,0.65,0.05,0.05,0.15,JM-MI,2000,0.14990436271130472,-9.56372886952739e-5,0.04452494600376081,0.001981488727720486,48.87431660689807,0.04390950902741492,-1.3822295849475141,0.9430000000000001,0.9425,0.9245,NA,NA,9.956080595891678e-4,7.041772766696912e-4,6.035346716267255e-5,3.542253385325635,4.9640092063736184e-5,1.5636534417847523,0.005184158562389848,0.005205465877325487,0.005907611615534657,0.9861777041505249,0.015636534417847524
165,500,0.65,0.05,0.05,0.15,Naive,2000,0.15968902281131525,0.00968902281131525,0.043198447808610534,0.0019590500031648993,58.157685003617885,0.04183745045094861,-3.150570047543799,0.9390000000000001,0.9420000000000001,0.965,NA,NA,9.659466582253e-4,6.83198253214182e-4,5.885385333427892e-5,4.629269940381265,4.222388820417153e-5,1.5348224561558332,0.005351588549206672,0.005226662414964255,0.00410944035119139,0.968494299524562,0.015348224561558332
166,800,0.25,0.05,0.05,0.15,CCA,2000,0.15007387382306447,7.38738230644729e-5,0.06786676217961805,0.004603599917382197,0,0.06858896727270167,1.0641513900017996,0.9510000000000001,0.9510000000000001,0.5955,NA,NA,0.0015175469364643777,0.0010733360971172526,1.4691196769908086e-4,0,1.2490025150763194e-4,1.6089244349184084,0.004826955562256604,0.004826955562256604,0.010974510239641676,1.010641513900018,0.016089244349184083
166,800,0.25,0.05,0.05,0.15,AIPW,2000,0.14974081524356517,-2.5918475643481656e-4,0.03952120874021555,0.0015612121540555146,194.88577466717012,0.0410958018972257,3.9841725675963113,0.9570000000000001,0.9575,0.9560000000000001,NA,NA,8.837210929608081e-4,6.250414574119579e-4,4.936488873112753e-5,10.329466643489516,7.842246391087967e-5,1.65647345203877,0.004536022486716746,0.004510751046111944,0.004586065852122053,1.0398417256759631,0.0165647345203877
166,800,0.25,0.05,0.05,0.15,FCS-MI,2000,0.1510621931322916,0.001062193132291621,0.03862627033319298,0.0014923710197232653,208.70858633002928,0.0417296748280385,8.034439950001214,0.9695,0.9685,0.9605,NA,NA,8.637096618230296e-4,6.108876998713864e-4,4.635796838003815e-5,10.27720176824806,8.586381820425407e-5,1.7230015273967745,0.0038451105315712303,0.0039056209493497944,0.004355441998236229,1.0803443995000122,0.017230015273967746
166,800,0.25,0.05,0.05,0.15,IPW,2000,0.1503988154658677,3.9881546586770233e-4,0.06972036782912581,0.004858658279159304,-5.246574168649887,0.06599230023616388,-5.347171435037268,0.9315,0.9315,0.6265000000000001,NA,NA,0.0015589948188221479,0.001102651505566702,1.5581955641701394e-4,1.0622557551367329,1.6363876418760764e-4,1.5152549096316983,0.0056483515294287415,0.0056483515294287415,0.010816601823123563,0.9465282856496273,0.015152549096316983
166,800,0.25,0.05,0.05,0.15,JM-MI,2000,0.1504325553650947,4.325553650947191e-4,0.03862674945890629,0.001491466865018109,208.70092794270104,0.04175885292595069,8.108638471835539,0.964,0.963,0.9585,NA,NA,8.637203753996768e-4,6.108952774087057e-4,4.678585690342309e-5,10.291802852573634,8.778742245127851e-5,1.7248139690253965,0.0041655731898503495,0.004220841148396847,0.004459694496263168,1.0810863847183554,0.017248139690253964
166,800,0.25,0.05,0.05,0.15,Naive,2000,0.16032894745345114,0.01032894745345115,0.03232156784250533,0.0011508485614199313,340.889160806287,0.03298820900205752,2.0625272969447384,0.9475,0.9580000000000001,0.999,NA,NA,7.227322283521315e-4,5.111766697955711e-4,3.529425436021278e-5,17.48666201979349,2.6097930119608613e-5,1.6161721167682752,0.004987171041783106,0.004485309353879615,7.067531393633852e-4,1.0206252729694474,0.016161721167682754
167,800,0.5,0.05,0.05,0.15,CCA,2000,0.1492847048654963,-7.152951345036834e-4,0.0457444404470421,0.0020920192020265197,0,0.047448650212610015,3.7255013918923385,0.96,0.9605,0.8895000000000001,NA,NA,0.0010228767843227702,7.234639991266058e-4,6.522046251790126e-5,0,5.932295961531868e-5,1.6455723159778128,0.004381780460041331,0.004355441998236229,0.007010340576605389,1.0372550139189234,0.016455723159778127
167,800,0.5,0.05,0.05,0.15,AIPW,2000,0.14872567578518492,-0.0012743242148150695,0.03482057804461788,0.0012134903212381082,72.58565152460179,0.03509635633071329,0.791998012617845,0.9470000000000001,0.9475,0.985,NA,NA,7.786117952360228e-4,5.506993723799774e-4,3.843219838199526e-5,5.2143979357760015,4.3655392241337156e-5,1.598982634863262,0.005009540897128196,0.004987171041783106,0.002717995584985378,1.0079199801261784,0.01598982634863262
167,800,0.5,0.05,0.05,0.15,FCS-MI,2000,0.14946078713014882,-5.392128698511866e-4,0.03456387852068641,0.0011943551180625843,75.1586942670205,0.03548852169115777,2.675171913701657,0.9535,0.9520000000000001,0.9865,NA,NA,7.728718193829968e-4,5.466395814558245e-4,3.8361120996664315e-5,5.215855227213284,3.7014634104919094e-5,1.6273704380044234,0.004708383480558906,0.004779958158812687,0.0025804796065847873,1.0267517191370166,0.016273704380044232
167,800,0.5,0.05,0.05,0.15,IPW,2000,0.14962201544734777,-3.7798455265223706e-4,0.04655652578114462,0.0021665692100860225,-3.458173562652922,0.0468090126975592,0.5423233632197544,0.9485,0.9485,0.894,NA,NA,0.0010410355644286087,7.363074069309276e-4,6.673152551372162e-5,0.730747826179254,8.401023630323797e-5,1.6003172622584685,0.004942051699446293,0.004942051699446293,0.006883458433084346,1.0054232336321975,0.016003172622584685
167,800,0.5,0.05,0.05,0.15,JM-MI,2000,0.14892180894575924,-0.001078191054240751,0.03466886088482592,0.0012024914460433316,74.09948829865611,0.035527435462499084,2.4765006860924865,0.9505,0.9505,0.9845,NA,NA,7.752192964095426e-4,5.482999135148877e-4,3.843576346047325e-5,5.1677552083384954,3.730635396531138e-5,1.6242693880692787,0.004850244839180801,0.004850244839180801,0.0027622228367747558,1.0247650068609249,0.016242693880692785
167,800,0.5,0.05,0.05,0.15,Naive,2000,0.1594639668708647,0.009463966870864694,0.032558541722761264,0.0011490952787260543,97.39981870855186,0.032978281670362694,1.2891853424380928,0.9445,0.9560000000000001,0.997,NA,NA,7.28031125403573e-4,5.149244929063813e-4,3.6683426982348866e-5,6.723786992345967,2.6212219249881125e-5,1.6039449423603351,0.005119558086397692,0.004586065852122053,0.0012229063741758816,1.012891853424381,0.01603944942360335
168,800,0.65,0.05,0.05,0.15,CCA,2000,0.1480270457676118,-0.0019729542323882036,0.042344983670578415,0.0017960936416436205,0,0.04131293352366575,-2.43724299185345,0.9445,0.9445,0.9450000000000001,NA,NA,9.46862619935319e-4,6.697004254480587e-4,5.612929881024503e-5,0,4.379435248583006e-5,1.5464506340321467,0.005119558086397692,0.005119558086397692,0.005097793640389926,0.9756275700814655,0.015464506340321467
168,800,0.65,0.05,0.05,0.15,AIPW,2000,0.14852993795849134,-0.0014700620415086432,0.03527381926277749,0.0012457812866262857,44.1116095700628,0.03387076009197758,-3.9776219307232297,0.9315,0.932,0.9895,NA,NA,7.8874657697612e-4,5.578675375395968e-4,3.959544762828192e-5,3.4912781530421997,3.97353605748189e-5,1.5227990765407844,0.0056483515294287415,0.0056292095359828254,0.0022792268425937726,0.9602237806927677,0.015227990765407843
168,800,0.65,0.05,0.05,0.15,FCS-MI,2000,0.14888247569621413,-0.0011175243037858764,0.03514340168419879,0.0012356900131655303,45.18319398795141,0.03428294131299735,-2.448426532336301,0.9445,0.9430000000000001,0.991,NA,NA,7.85830351264491e-4,5.558049388492885e-4,3.9529018526197903e-5,3.472489972909836,3.0722133484888644e-5,1.5452862673605894,0.005119558086397692,0.005184158562389848,0.002111752826445369,0.975515734676637,0.015452862673605895
168,800,0.65,0.05,0.05,0.15,IPW,2000,0.14834155663718374,-0.0016584433628162615,0.04269155878732384,0.0018244083414833514,-1.6170332388106723,0.04076365318763211,-4.515894135643917,0.9390000000000001,0.9390000000000001,0.9475,NA,NA,9.54612275138846e-4,6.751816296667154e-4,5.678591734377916e-5,0.5183825257666193,6.064969757881593e-5,1.5167815468251535,0.005351588549206672,0.005351588549206672,0.004987171041783106,0.9548410586435608,0.015167815468251536
168,800,0.65,0.05,0.05,0.15,JM-MI,2000,0.14859214188031417,-0.001407858119685821,0.03524937435698985,0.0012438791978480995,44.31155730164378,0.034256707514903735,-2.816126130446539,0.9385,0.9415,0.9905,NA,NA,7.881999722656724e-4,5.574809329789862e-4,3.9501144546308035e-5,3.4411925781375423,3.083857207936664e-5,1.539484155534135,0.005372045699731156,0.0052477495176503994,0.0021690723823791537,0.9718387386955346,0.01539484155534135
168,800,0.65,0.05,0.05,0.15,Naive,2000,0.15922476821157702,0.009224768211577023,0.03344248340824218,0.00120293684521962,60.32708589389652,0.03294812280734484,-1.478241298238936,0.9375,0.9415,0.9965,NA,NA,7.477966623723836e-4,5.289043335279554e-4,3.872557281192693e-5,4.49729030972638,2.644720268404172e-5,1.5601609610248917,0.005412658773652742,0.0052477495176503994,0.0013205585939290896,0.9852175870176106,0.015601609610248916
169,1500,0.25,0.05,0.05,0.15,CCA,2000,0.14903908980941594,-9.609101905840482e-4,0.049240947037824105,0.002424381878143576,0,0.04888581906153643,-0.7212046023706287,0.9480000000000001,0.9485,0.8535,NA,NA,0.0011010610485304162,7.787624488708578e-4,7.799426938708275e-5,0,6.405496441811975e-5,1.5755076953600715,0.004964675215963273,0.004942051699446293,0.007906887820122402,0.9927879539762937,0.015755076953600716
169,1500,0.25,0.05,0.05,0.15,AIPW,2000,0.1489864126445931,-0.00101358735540688,0.029210020299668002,8.53826032591104e-4,184.17709897149436,0.02874693272128471,-1.5853723264566022,0.9475,0.9470000000000001,0.999,NA,NA,6.531559101420642e-4,4.619664792934111e-4,2.693085219980686e-5,10.006301361377897,3.8798639142389306e-5,1.5621183988222813,0.004987171041783106,0.005009540897128196,7.067531393633852e-4,0.984146276735434,0.015621183988222813
169,1500,0.25,0.05,0.05,0.15,FCS-MI,2000,0.14991254600910442,-8.745399089558266e-5,0.028733538000253557,8.252110461095329e-4,193.68014430018493,0.028963264652549517,0.7995070161354034,0.9550000000000001,0.9545,0.9995,NA,NA,6.425014420264033e-4,4.5443074847063505e-4,2.550805560086905e-5,10.11068212119633,4.595232812651576e-5,1.6021804218992532,0.00463546114210873,0.004659922209651143,4.99874984371065e-4,1.007995070161354,0.016021804218992533
169,1500,0.25,0.05,0.05,0.15,IPW,2000,0.1488872412578304,-0.0011127587421695913,0.05047897053467367,0.002548090635025608,-4.8449558016169565,0.048389038581637865,-4.1402031992713635,0.9325,0.932,0.8565,NA,NA,0.0011287440954973924,7.9834221465858e-4,8.170660317937296e-5,0.9200062062002266,9.048146610165215e-5,1.526615030735927,0.005609979946488223,0.0056292095359828254,0.007839252196478946,0.9585979680072864,0.01526615030735927
169,1500,0.25,0.05,0.05,0.15,JM-MI,2000,0.1493960050118743,-6.039949881256773e-4,0.028826392070457594,8.309102093055216e-4,191.79121714684553,0.02909414087138825,0.9288321628188045,0.9520000000000001,0.9530000000000001,0.9995,NA,NA,6.445777221560409e-4,4.558992674055812e-4,2.5796544271178953e-5,10.063626490041814,4.808090954168643e-5,1.6049148718224648,0.004779958158812687,0.004732388403332927,4.99874984371065e-4,1.009288321628188,0.01604914871822465
169,1500,0.25,0.05,0.05,0.15,Naive,2000,0.15968364750399594,0.009683647503995956,0.024243418033072978,6.81222475249012e-4,312.539078068383,0.024042507125883232,-0.8287235195782339,0.9255,0.9460000000000001,1,NA,NA,5.420993072889543e-4,3.8341796273604127e-4,2.0956516270831818e-5,16.191175520376273,1.3908693867620395e-5,1.5694766437472827,0.005871530890662162,0.005053909377897468,0,0.9917127648042177,0.015694766437472828
170,1500,0.5,0.05,0.05,0.15,CCA,2000,0.14958793422179462,-4.120657782053802e-4,0.0346771602362164,0.0012020739875327718,0,0.034281523389077424,-1.1409147820754306,0.9460000000000001,0.9445,0.9935,NA,NA,7.754048755483253e-4,5.48431170600742e-4,3.939569934998922e-5,0,3.0315352784878815e-5,1.5659324640556145,0.005053909377897468,0.005119558086397692,0.0017969070649312877,0.9885908521792457,0.015659324640556145
170,1500,0.5,0.05,0.05,0.15,AIPW,2000,0.14989826593859734,-1.0173406140265755e-4,0.025989086012960835,6.751052253124314e-4,78.03485598215627,0.02536637445732738,-2.396050231712288,0.9430000000000001,0.9435,1,NA,NA,5.811336299806941e-4,4.110262999576762e-4,2.171472853072272e-5,5.225302909009974,2.2780888923472024e-5,1.5461266664301347,0.005184158562389848,0.005162739098579358,0,0.9760394976828771,0.015461266664301348
170,1500,0.5,0.05,0.05,0.15,FCS-MI,2000,0.1503442854813518,3.442854813518304e-4,0.0259577492321497,6.735863753192385e-4,78.46497084148342,0.025569139068441802,-1.4970872868537821,0.9475,0.9465,1,NA,NA,5.804329182597971e-4,4.1053069803220017e-4,2.1805586963630036e-5,5.170795223400361,1.962343632203726e-5,1.5596904855108882,0.004987171041783106,0.005031786462082825,0,0.9850291271314622,0.015596904855108881
170,1500,0.5,0.05,0.05,0.15,IPW,2000,0.15013024129645225,1.302412964522602e-4,0.03515151494011613,0.0012350281508792167,-2.680704359292152,0.03417167057675185,-2.787488291851825,0.9385,0.9385,0.993,NA,NA,7.860117691819913e-4,5.55933252771473e-4,4.0649076230640076e-5,0.6432291460690641,4.295384147683955e-5,1.5422976082775837,0.005372045699731156,0.005372045699731156,0.0018642692938521525,0.9721251170814817,0.015422976082775836
170,1500,0.5,0.05,0.05,0.15,JM-MI,2000,0.14996759688789202,-3.240311210797986e-5,0.025886553844334585,6.697796630623402e-4,79.44797964854706,0.02556729644630968,-1.2332943193007373,0.9450000000000001,0.9445,1,NA,NA,5.788409409914064e-4,4.094047185801677e-4,2.1666297189278512e-5,5.197508876326426,2.0132044771402483e-5,1.5639641049514355,0.005097793640389926,0.005119558086397692,0,0.9876670568069926,0.015639641049514354
170,1500,0.5,0.05,0.05,0.15,Naive,2000,0.1604621858880984,0.010462185888098425,0.02412803712452244,6.913284279517179e-4,106.55849738982575,0.024026327012038603,-0.42154325260244097,0.923,0.9445,1,NA,NA,5.395193117407074e-4,3.8159317413425547e-4,2.2018149886423492e-5,6.708437609757899,1.4010263813280591e-5,1.5759375189144933,0.005961165993327143,0.005119558086397692,0,0.9957845674739756,0.01575937518914493
171,1500,0.65,0.05,0.05,0.15,CCA,2000,0.14972361332111056,-2.7638667888943403e-4,0.03068636946179167,9.412588337064751e-4,0,0.03003221123369546,-2.131755041634098,0.9475,0.9485,0.9985,NA,NA,6.86168080992398e-4,4.853154471351691e-4,2.9026115768522667e-5,0,2.2320021326171074e-5,1.5495279067681784,0.004987171041783106,0.004942051699446293,8.653756409790912e-4,0.978682449583659,0.015495279067681784
171,1500,0.65,0.05,0.05,0.15,AIPW,2000,0.1500132890523044,1.3289052304417195e-5,0.02511168361827973,6.302815324164174e-4,49.32734967060024,0.02470288241270704,-1.6279322875631719,0.9430000000000001,0.9430000000000001,1,NA,NA,5.615143159994136e-4,3.9714988046066386e-4,1.9489292101770092e-5,3.7564764740354173,2.0926344846513896e-5,1.5580181547161698,0.005184158562389848,0.005184158562389848,0,0.9837206771243683,0.015580181547161698
171,1500,0.65,0.05,0.05,0.15,FCS-MI,2000,0.15033505009222484,3.350500922248325e-4,0.025167693852795908,6.332083660254269e-4,48.66343877623629,0.02487641733148487,-1.1573429135569469,0.9475,0.9470000000000001,1,NA,NA,5.627667429175524e-4,3.9803570151037164e-4,1.9625500436619847e-5,3.7293061793788915,1.593013863915834e-5,1.564511406454875,0.004987171041783106,0.005009540897128196,0,0.9884265708644305,0.01564511406454875
171,1500,0.65,0.05,0.05,0.15,IPW,2000,0.1501481327393715,1.4813273937149346e-4,0.030844012958089417,9.508994020995823e-4,-1.019586129765515,0.02987654137847696,-3.1366592308434305,0.9415,0.9420000000000001,0.999,NA,NA,6.896930967317231e-4,4.8780863304264354e-4,2.909390819703809e-5,0.48555190555097333,3.155032327969984e-5,1.5353381805750408,0.0052477495176503994,0.005226662414964255,7.067531393633852e-4,0.9686334076915657,0.015353381805750408
171,1500,0.65,0.05,0.05,0.15,JM-MI,2000,0.1501128784166622,1.128784166622056e-4,0.02516401608532984,6.329238332269159e-4,48.70689682449856,0.02487529411757163,-1.1473604482653776,0.9480000000000001,0.9475,1,NA,NA,5.626845055369568e-4,3.979775363577792e-4,1.953527925548147e-5,3.7099528873761325,1.5825438043202675e-5,1.5646527488466475,0.004964675215963273,0.004987171041783106,0,0.9885263955173462,0.015646527488466476
171,1500,0.65,0.05,0.05,0.15,Naive,2000,0.1605808578280823,0.010580857828082303,0.02430626713839727,7.024537772701198e-4,59.38758332532939,0.024051923618442963,-1.046411275355863,0.9325,0.9475,1,NA,NA,5.435046560072558e-4,3.844119428707875e-4,2.1606239224477426e-5,4.6148311379507065,1.369746968511979e-5,1.5659992029295675,0.005609979946488223,0.004987171041783106,0,0.9895358872464414,0.015659992029295675
172,500,0.25,0.05,0.1,0.15,CCA,2000,0.14744226687964393,-0.0025577331203560636,0.08487578319461486,0.007206838622327783,0,0.08609456421126796,1.4359584922574609,0.9495,0.9520000000000001,0.41200000000000003,NA,NA,0.001897880208666931,0.0013423395922848005,2.304638907049619e-4,0,2.0516785786219225e-4,1.622353925698465,0.0048964145045124596,0.004779958158812687,0.011005816643938786,1.0143595849225746,0.01622353925698465
172,500,0.25,0.05,0.1,0.15,AIPW,2000,0.14847715748316095,-0.0015228425168390457,0.05634445145557065,0.0031754289105553352,126.91608354319048,0.054806500701956334,-2.729551382405482,0.9405,0.9405,0.7735,NA,NA,0.0012599002360959295,8.911068051172949e-4,1.034932674118615e-4,7.4729351659722845,1.4104649941070117e-4,1.5585996707859293,0.005289600646551685,0.005289600646551685,0.009359427065798419,0.9727044861759452,0.015585996707859293
172,500,0.25,0.05,0.1,0.15,FCS-MI,2000,0.15040802110117893,4.08021101178948e-4,0.052436898931946946,0.0027484200366334264,161.99535371935713,0.05567491342548237,6.1750686243626784,0.9645,0.965,0.7905,NA,NA,0.0011725247054111948,8.29307523108133e-4,8.978775729579606e-5,7.944130410238572,1.47679373858545e-4,1.702648830136863,0.0041376170678302255,0.00410944035119139,0.009099718402236412,1.0617506862436268,0.01702648830136863
172,500,0.25,0.05,0.1,0.15,IPW,2000,0.14824182840830147,-0.001758171591698529,0.08895382262242693,0.007911917335208478,-8.958719400470605,0.07994614064432846,-10.126244957827657,0.917,0.9175,0.4835,NA,NA,0.0019890679424220525,0.0014068351830977747,2.522372331386611e-4,1.0530097748129328,2.667214463652659e-4,1.4526660687046176,0.006168914004912047,0.0061519813881382975,0.011174250534152167,0.8987375504217234,0.014526660687046175
172,500,0.25,0.05,0.1,0.15,JM-MI,2000,0.14941286577074517,-5.871342292548287e-4,0.053182328513115974,0.002827290612647113,154.70231528517044,0.05596203461348784,5.226747639841167,0.966,0.965,0.7785,NA,NA,0.0011891930175705265,8.410967473414942e-4,9.146757419012993e-5,7.7527142633225274,1.482901103839254e-4,1.6873944298710633,0.004052406692324946,0.00410944035119139,0.0092854119456274,1.0522674763984117,0.01687394429871063
172,500,0.25,0.05,0.1,0.15,Naive,2000,0.16354541947324158,0.013545419473241584,0.04078600439951014,0.0018461447945054945,333.0572024849965,0.04159256540187981,1.9775435575134725,0.9390000000000001,0.9525,0.9745,NA,NA,9.120027836791017e-4,6.45044634121717e-4,6.001847358584465e-5,17.378172623547535,4.16403270179982e-5,1.616037976677879,0.005351588549206672,0.00475624589355933,0.00352489361541593,1.0197754355751347,0.01616037976677879
173,500,0.5,0.05,0.1,0.15,CCA,2000,0.14828091094203608,-0.0017190890579639173,0.059196922767488475,0.0035054787944966367,0,0.05856596071371609,-1.0658696842243853,0.9500000000000001,0.9505,0.713,NA,NA,0.0013236834336690922,9.362196162599531e-4,1.0437582692483174e-4,0,9.292513206500288e-5,1.5725317795518015,0.0048733971724044785,0.004850244839180801,0.010115112456122274,0.9893413031577561,0.015725317795518015
173,500,0.5,0.05,0.1,0.15,AIPW,2000,0.14930776246013952,-6.922375398604822e-4,0.045680164397535486,0.002086113273487768,67.9356680905351,0.044097971782747415,-3.4636316126599453,0.9415,0.9420000000000001,0.917,NA,NA,0.0010214395281625507,7.22447451380701e-4,6.216775372118764e-5,4.73712234397974,6.919761914940508e-5,1.5342523109174842,0.0052477495176503994,0.005226662414964255,0.006168914004912047,0.9653636838734005,0.015342523109174841
173,500,0.5,0.05,0.1,0.15,FCS-MI,2000,0.15026493005422442,2.6493005422443655e-4,0.045111712269671804,0.0020341192385433388,72.19464428635796,0.04493164094740184,-0.3991675625024449,0.9475,0.9475,0.911,NA,NA,0.0010087285521639749,7.134571862092996e-4,6.099249202011655e-5,4.730954781486848,6.178434972212178e-5,1.5811640530593374,0.004987171041783106,0.004987171041783106,0.006367063687446513,0.9960083243749756,0.015811640530593373
173,500,0.5,0.05,0.1,0.15,IPW,2000,0.1485454674095008,-0.0014545325904991911,0.0602439061647576,0.0036296292309299497,-3.445611885275346,0.05687605153643098,-5.590365636511141,0.9325,0.932,0.7275,NA,NA,0.0013470946941451665,9.527780174165785e-4,1.0895182528553122e-4,0.776311600934407,1.2628436357404443e-4,1.5077634997161589,0.005609979946488223,0.0056292095359828254,0.00995599693652022,0.9440963436348886,0.015077634997161589
173,500,0.5,0.05,0.1,0.15,JM-MI,2000,0.14975150612887891,-2.484938711210797e-4,0.04521931248137455,0.0020438255773815367,71.37613842743593,0.04496418012489552,-0.5642110471806072,0.9475,0.9480000000000001,0.9105,NA,NA,0.001011134566041582,7.151589204245309e-4,6.168314351520894e-5,4.690699627910386,6.120773334565816e-5,1.5784255567604664,0.004987171041783106,0.004964675215963273,0.006383171233799076,0.9943578895281939,0.015784255567604665
173,500,0.5,0.05,0.1,0.15,Naive,2000,0.16426271028389997,0.014262710283899973,0.04204464061447971,0.0019702928331410225,98.2334656039509,0.04148693528892715,-1.326459965888005,0.9335,0.9490000000000001,0.975,NA,NA,9.401467450352516e-4,6.649503971090604e-4,5.943136442145461e-5,6.7525748328376904,4.134241069950353e-5,1.5636506299049848,0.005571254347092763,0.004919298730510272,0.003491060010942237,0.98673540034112,0.01563650629904985
174,500,0.65,0.05,0.1,0.15,CCA,2000,0.15062995140674862,6.299514067486329e-4,0.05194868932357863,0.002697713828051338,0,0.0510552486286875,-1.719852235974717,0.9490000000000001,0.9495,0.8375,NA,NA,0.001161608006695394,8.215863208761137e-4,8.348026951709174e-5,0,6.945373221488595e-5,1.5600736108619622,0.004919298730510272,0.0048964145045124596,0.00824905297594821,0.9828014776402528,0.015600736108619622
174,500,0.65,0.05,0.1,0.15,AIPW,2000,0.15129080798590017,0.0012908079859001687,0.04345694613495713,0.001889228099549341,42.89952392300456,0.04205235525060192,-3.2321435565057954,0.9420000000000001,0.9400000000000001,0.9430000000000001,NA,NA,9.717268565231091e-4,6.872864928148554e-4,6.047222991795169e-5,3.3584704474777163,6.220005344992597e-5,1.5370952729611476,0.005226662414964255,0.005310367218940699,0.005184158562389848,0.967678564434942,0.015370952729611476
174,500,0.65,0.05,0.1,0.15,FCS-MI,2000,0.1520135552818873,0.002013555281887332,0.043449925095292274,0.0018910064476643329,42.9457097005334,0.04296879418327865,-1.1073227651335005,0.9515,0.9495,0.9395,NA,NA,9.715698613034756e-4,6.871754526669309e-4,6.0339476327123347e-5,3.2774886893938766,5.0414678457763435e-5,1.568319578818893,0.004803527349771207,0.0048964145045124596,0.005331029450303197,0.988926772348665,0.01568319578818893
174,500,0.65,0.05,0.1,0.15,IPW,2000,0.15099197382744237,9.919738274423726e-4,0.0524494561089084,0.0027505539854715795,-1.9004056862104157,0.049717090034936094,-5.2095222270726715,0.935,0.9355,0.844,NA,NA,0.001172805492424108,8.295061191642547e-4,8.650224229590372e-5,0.5754786658308555,9.476892152963949e-5,1.5099933386966102,0.005512485827646179,0.005492711079239468,0.00811369213120636,0.9479047777292733,0.015099933386966103
174,500,0.65,0.05,0.1,0.15,JM-MI,2000,0.15172475982312347,0.0017247598231234786,0.04340546282840444,0.0018860669826937864,43.23871178357912,0.0429053187617045,-1.1522606467235796,0.9525,0.9515,0.9365,NA,NA,9.705756547915261e-4,6.864722666819554e-4,6.009940559097421e-5,3.263745969416075,5.0025621389770296e-5,1.5675534648334237,0.00475624589355933,0.004803527349771207,0.005452877680637995,0.9884773935327642,0.01567553464833424
174,500,0.65,0.05,0.1,0.15,Naive,2000,0.16669966306378248,0.016699663063782497,0.04134458114798328,0.0019873984495508844,57.87450296132237,0.04155607698748251,0.5115442789037639,0.9355,0.9535,0.979,NA,NA,9.24492939481469e-4,6.538787167844473e-4,6.205530336257557e-5,4.6304373138958574,4.17292117149895e-5,1.592825480953704,0.005492711079239468,0.004708383480558906,0.00320616593457045,1.0051154427890376,0.015928254809537037
175,800,0.25,0.05,0.1,0.15,CCA,2000,0.15015583642020233,1.5583642020234318e-4,0.06531136952693382,0.004263466486978819,0,0.06634292470645592,1.5794419669866056,0.9570000000000001,0.9570000000000001,0.623,NA,NA,0.001460406619658323,0.0010329216867586881,1.4117856994181393e-4,0,1.2291095630869876e-4,1.6174988517615154,0.004536022486716746,0.004536022486716746,0.01083676612278774,1.015794419669866,0.016174988517615153
175,800,0.25,0.05,0.1,0.15,AIPW,2000,0.1502336044148946,2.3360441489461443e-4,0.041876222796626984,0.0017527957977175434,143.24424718579021,0.041409216880891934,-1.1152054424848123,0.9525,0.9530000000000001,0.9510000000000001,NA,NA,9.363808081418429e-4,6.622868116145789e-4,5.695708280585555e-5,8.293483645572353,7.865893584690762e-5,1.5751368765982432,0.00475624589355933,0.004732388403332927,0.004826955562256604,0.9888479455751519,0.015751368765982432
175,800,0.25,0.05,0.1,0.15,FCS-MI,2000,0.15169846023275108,0.0016984602327510903,0.04041279353050929,0.0016352620511613407,161.17995170479836,0.04190776128320395,3.699243784189399,0.9580000000000001,0.9590000000000001,0.9565,NA,NA,9.03657534948825e-4,6.391421763549104e-4,5.286244029017694e-5,8.49333673253689,9.108539158867465e-5,1.6554539217130488,0.004485309353879615,0.004433903472111224,0.004561126505590477,1.036992437841894,0.016554539217130487
175,800,0.25,0.05,0.1,0.15,IPW,2000,0.15011148308482478,1.1148308482479118e-4,0.06704968667747868,0.00449342508178449,-5.117946404235008,0.06416602512084903,-4.3007830454161455,0.934,0.934,0.6405,NA,NA,0.0014992765728090436,0.0010604137680956425,1.4651175446483148e-4,1.030119911055022,1.7253883966909166e-4,1.535235823625114,0.005551756478809205,0.005551756478809205,0.010729859039148651,0.9569921695458385,0.01535235823625114
175,800,0.25,0.05,0.1,0.15,JM-MI,2000,0.1508956953345468,8.956953345468224e-4,0.04063056592487495,0.0016508197360642508,158.38770134357262,0.041954690236752024,3.2589364231976337,0.9565,0.9555,0.9555,NA,NA,9.085270737230701e-4,6.425863213873444e-4,5.322821528442314e-5,8.413004197105645,8.743837865338207e-5,1.6471939713959212,0.004561126505590477,0.004610843198374891,0.004610843198374891,1.0325893642319763,0.016471939713959213
175,800,0.25,0.05,0.1,0.15,Naive,2000,0.1654225093115354,0.015422509311535416,0.0327161376347399,0.0013076642823687734,298.52312593749855,0.0327917296282135,0.2310541492322571,0.925,0.9480000000000001,0.9995,NA,NA,7.31555077125176e-4,5.174169262515451e-4,4.2315950438159704e-5,15.87800416405385,2.68126598716692e-5,1.5873056296791754,0.0058896094946948715,0.004964675215963273,4.99874984371065e-4,1.0023105414923226,0.015873056296791754
176,800,0.5,0.05,0.1,0.15,CCA,2000,0.14882363141038885,-0.0011763685896111545,0.04671349197749186,0.0021824431006234545,0,0.04589021166495611,-1.7624037032650697,0.9460000000000001,0.9465,0.8925000000000001,NA,NA,0.0010445454352806288,7.387898811076209e-4,6.606044084665008e-5,9.426678795130648e-8,5.5508343287570047e-5,1.5581986943526425,0.005053909377897468,0.005031786462082825,0.006926173185822022,0.9823759629673493,0.015581986943526424
176,800,0.5,0.05,0.1,0.15,AIPW,2000,0.14902171636653078,-9.782836334692154e-4,0.03535391362230206,0.0012502312976765025,74.58610406686613,0.03455288069704627,-2.2657546030504516,0.9460000000000001,0.9465,0.989,NA,NA,7.905375413012324e-4,5.591342572782765e-4,3.713401014352554e-5,4.86279190436437,4.304220683548792e-5,1.5504878340980996,0.005053909377897468,0.005031786462082825,0.0023322735688593665,0.9773424539694955,0.015504878340980997
176,800,0.5,0.05,0.1,0.15,FCS-MI,2000,0.14986878989060198,-1.3121010939802158e-4,0.03515055636459607,0.0012349610480270835,76.612020819495,0.03505295099022409,-0.27767803547567027,0.9495,0.9490000000000001,0.9905,NA,NA,7.85990334781747e-4,5.559180925711856e-4,3.666883894393819e-5,4.821201271151745,3.871423248219995e-5,1.5809837170915533,0.0048964145045124596,0.004919298730510272,0.0021690723823791537,0.9972232196452433,0.015809837170915532
176,800,0.5,0.05,0.1,0.15,IPW,2000,0.14911024680292556,-8.897531970744353e-4,0.047172327463349546,0.0022249075248220317,-1.9358976391948834,0.04517676653478402,-4.230363511565061,0.9365,0.9365,0.898,NA,NA,0.001054805308649298,7.46046521527654e-4,6.725224979635321e-5,0.7117050607581453,7.853055504624674e-5,1.5237509946947674,0.005452877680637995,0.005452877680637995,0.006767421961131136,0.9576963648843494,0.015237509946947675
176,800,0.5,0.05,0.1,0.15,JM-MI,2000,0.1493682468892093,-6.317531107907024e-4,0.035475551640516585,0.001258284618809853,73.39092037749187,0.035028653322308485,-1.2597360648162526,0.9505,0.9515,0.9875,NA,NA,7.932574500749926e-4,5.610580042132771e-4,3.714909650752082e-5,4.714668898899141,3.8465468080809334e-5,1.5653708502746908,0.004850244839180801,0.004803527349771207,0.0024843258642939696,0.9874026393518375,0.01565370850274691
176,800,0.5,0.05,0.1,0.15,Naive,2000,0.16417327208945284,0.014173272089452862,0.033381286235465976,0.0013146347573204068,95.82968855645481,0.03275839405184464,-1.8659921586830275,0.9225,0.9500000000000001,1,NA,NA,7.464282519887998e-4,5.279364792724603e-4,3.931166012831302e-5,6.65024477988485,2.5766884692419255e-5,1.553941278584365,0.005978869040211535,0.0048733971724044785,0,0.9813400784131697,0.01553941278584365
177,800,0.65,0.05,0.1,0.15,CCA,2000,0.1487747261155484,-0.0012252738844515934,0.03978912698275318,0.0015838843348285514,0,0.04009724877503748,0.7743869133340464,0.9455,0.9470000000000001,0.9575,NA,NA,8.897119269880721e-4,6.292786762147463e-4,5.131434001477111e-5,0,4.154774772794778e-5,1.5971984346705506,0.005075911248239078,0.005009540897128196,0.004510751046111944,1.0077438691333405,0.015971984346705506
177,800,0.65,0.05,0.1,0.15,AIPW,2000,0.149137152765671,-8.628472343289878e-4,0.03340252533563617,0.0011159153397982062,41.89602075804881,0.03324976820964917,-0.4573220870340067,0.9445,0.9440000000000001,0.9925,NA,NA,7.469031727064145e-4,5.282723829188228e-4,3.619847648944577e-5,3.4404238551260007,3.795263882973375e-5,1.5783964545462796,0.005119558086397692,0.005141206084179078,0.0019292161620720412,0.9954267791296599,0.015783964545462797
177,800,0.65,0.05,0.1,0.15,FCS-MI,2000,0.14943375557592062,-5.662444240793637e-4,0.033297640372859955,0.0011084991207209142,42.791351385177244,0.03364965191221886,1.057166620268446,0.9505,0.9475,0.991,NA,NA,7.445578736405631e-4,5.266135912956929e-4,3.586038781236218e-5,3.414298633810198,3.0207379468397227e-5,1.6008263261480966,0.004850244839180801,0.004987171041783106,0.002111752826445369,1.0105716662026845,0.016008263261480967
177,800,0.65,0.05,0.1,0.15,IPW,2000,0.14918267292237347,-8.173270776265359e-4,0.039940832148713315,0.001595140461247147,-0.7582068321084989,0.03959310456270583,-0.8706067633062253,0.9430000000000001,0.9440000000000001,0.9595,NA,NA,8.931041576243197e-4,6.316779453932763e-4,5.1966271433325445e-5,0.5420043943201656,5.7675437911470946e-5,1.57440150169477,0.005184158562389848,0.005141206084179078,0.004407933189148855,0.9912939323669377,0.0157440150169477
177,800,0.65,0.05,0.1,0.15,JM-MI,2000,0.14911856278640484,-8.814372135951437e-4,0.03336137690023199,0.0011132019095065034,42.2462700954273,0.03364418573075304,0.847713304420239,0.9460000000000001,0.9465,0.99,NA,NA,7.459830657190995e-4,5.276216063141823e-4,3.5904306809476093e-5,3.390970117880353,3.010073330499338e-5,1.5974911649372026,0.005053909377897468,0.005031786462082825,0.0022248595461287,1.0084771330442024,0.015974911649372026
177,800,0.65,0.05,0.1,0.15,Naive,2000,0.16376693995357247,0.013766939953572484,0.03260285215309017,0.0012519431312172685,48.94215444079224,0.03282506048979272,0.6815610353939405,0.931,0.9465,0.998,NA,NA,7.2902193674685e-4,5.156252775441535e-4,3.91808774845981e-5,4.520368059952537,2.6004918741905064e-5,1.5943098833522542,0.0056674068144081545,0.005031786462082825,9.989994994993746e-4,1.0068156103539394,0.015943098833522542
178,1500,0.25,0.05,0.1,0.15,CCA,2000,0.14905098901524688,-9.490109847531204e-4,0.047726704644498345,0.0022776000389042508,0,0.04753624449172558,-0.399064117649528,0.9485,0.9480000000000001,0.8785000000000001,NA,NA,0.0010672015592715323,7.548141865942485e-4,7.275050839960934e-5,0,6.141805987703547e-5,1.5804706932816486,0.004942051699446293,0.004964675215963273,0.007305400399704316,0.9960093588235047,0.015804706932816485
178,1500,0.25,0.05,0.1,0.15,AIPW,2000,0.1495854642858109,-4.1453571418907875e-4,0.029824787382495974,8.89245023298224e-4,156.07559191543282,0.029115927927194783,-2.3767460475417113,0.9445,0.9455,0.998,NA,NA,6.669025200173903e-4,4.7168923134650523e-4,2.924833726529069e-5,8.890336578156866,3.832792744984381e-5,1.5492842579319428,0.005119558086397692,0.005075911248239078,9.989994994993746e-4,0.9762325395245829,0.015492842579319427
178,1500,0.25,0.05,0.1,0.15,FCS-MI,2000,0.1508557023017338,8.557023017338289e-4,0.029313359448962933,8.595756320922051e-4,165.08900249370785,0.029337022119803432,0.08072316269889246,0.9525,0.9515,0.9985,NA,NA,6.55466643767669e-4,4.636008233466912e-4,2.8356619418952844e-5,9.04852249461616,4.88534063157957e-5,1.5915607801038971,0.00475624589355933,0.004803527349771207,8.653756409790912e-4,1.000807231626989,0.01591560780103897
178,1500,0.25,0.05,0.1,0.15,IPW,2000,0.14918397333603883,-8.160266639611543e-4,0.04900595296710618,0.0024010485340174117,-5.152645901879438,0.04699878668959421,-4.095760118896619,0.9335,0.9335,0.8875000000000001,NA,NA,0.0010958064213660694,7.750459371262349e-4,7.784171102985166e-5,0.9293207401221781,8.771705407178416e-5,1.5272833573814273,0.005571254347092763,0.005571254347092763,0.007065541380531288,0.9590423988110338,0.015272833573814273
178,1500,0.25,0.05,0.1,0.15,JM-MI,2000,0.15016351169180056,1.6351169180055442e-4,0.029443248146310164,8.664981450478498e-4,162.75528464922328,0.02943545709364803,-0.02646125394664134,0.9505,0.9500000000000001,0.997,NA,NA,6.58371043335442e-4,4.656550575991128e-4,2.85434874435466e-5,8.923757768432424,5.051003484407692e-5,1.590395122168784,0.004850244839180801,0.0048733971724044785,0.0012229063741758816,0.9997353874605336,0.01590395122168784
178,1500,0.25,0.05,0.1,0.15,Naive,2000,0.1648578469544762,0.014857846954476193,0.023742942748983066,7.842010828389342e-4,304.06739454723856,0.023890683585381958,0.6222515800204276,0.9065,0.9485,1,NA,NA,5.309083397261186e-4,3.7550277463988603e-4,2.335401410802953e-5,15.912215895009808,1.399991739054595e-5,1.5924674041406217,0.006509905913298595,0.004942051699446293,0,1.0062225158002043,0.01592467404140622
179,1500,0.5,0.05,0.1,0.15,CCA,2000,0.1497770046956586,-2.229953043413811e-4,0.033089710234712265,0.0010944311858612713,0,0.033187557904523456,0.2957042207899052,0.9480000000000001,0.9485,0.9965,NA,NA,7.399084144058714e-4,5.233251049176066e-4,3.316270831860808e-5,0,2.9152066270571568e-5,1.5886556362661186,0.004964675215963273,0.004942051699446293,0.0013205585939290896,1.002957042207899,0.015886556362661185
179,1500,0.5,0.05,0.1,0.15,AIPW,2000,0.14924946300743078,-7.505369925692246e-4,0.02566827477325303,6.590942054475151e-4,66.18528599089663,0.025071073955391567,-2.326610662917472,0.9430000000000001,0.9425,1,NA,NA,5.739600725813678e-4,4.059525602818686e-4,2.0439059522199908e-5,4.729905875486734,2.2931997915006167e-5,1.547319444293554,0.005184158562389848,0.005205465877325487,0,0.9767338933708253,0.01547319444293554
179,1500,0.5,0.05,0.1,0.15,FCS-MI,2000,0.14984517726645008,-1.5482273354992148e-4,0.025440647366789745,6.469268952509491e-4,69.17243938328528,0.025292653826643245,-0.5817208108457539,0.9490000000000001,0.9485,1,NA,NA,5.68870169037429e-4,4.023525548564794e-4,1.9911171638848648e-5,4.78037287122235,2.143016647398205e-5,1.5745889523458436,0.004919298730510272,0.004942051699446293,0,0.9941827918915425,0.015745889523458435
179,1500,0.5,0.05,0.1,0.15,IPW,2000,0.15031915756953468,3.191575695346737e-4,0.03338956111201381,0.00111440722141147,-1.78801086484206,0.03302555668738859,-1.0901743314447265,0.9460000000000001,0.9460000000000001,0.9965,NA,NA,7.466132838534637e-4,5.280673492802923e-4,3.4053742466483654e-5,0.6692802711455447,4.1393718647005635e-5,1.5691975576883155,0.005053909377897468,0.005053909377897468,0.0013205585939290896,0.9890982566855527,0.015691975576883156
179,1500,0.5,0.05,0.1,0.15,JM-MI,2000,0.14939723594102605,-6.027640589739286e-4,0.025555774314040807,6.531343765005836e-4,67.65165299833573,0.02527247091086126,-1.108569044702723,0.9445,0.9445,1,NA,NA,5.71444485838383e-4,4.0417332697329904e-4,2.021850391896343e-5,4.723109240839234,2.175974007964658e-5,1.56631787481852,0.005119558086397692,0.005119558086397692,0,0.9889143095529728,0.0156631787481852
179,1500,0.5,0.05,0.1,0.15,Naive,2000,0.1641444245710475,0.014144424571047514,0.023995703679754333,7.755706446350851e-4,90.15990320850702,0.023903377016303722,-0.3847633088106095,0.91,0.9480000000000001,1,NA,NA,5.365602459587253e-4,3.7950027536372684e-4,2.36834827718249e-5,6.4442416645052925,1.3841179253771028e-5,1.576504699478928,0.0063992187023104614,0.004964675215963273,0,0.9961523669118939,0.01576504699478928
180,1500,0.65,0.05,0.1,0.15,CCA,2000,0.14993570609062454,-6.42939093754431e-5,0.029586493840320086,8.749270711611996e-4,0,0.029008684131381107,-1.9529509378753973,0.9480000000000001,0.9485,0.9995,NA,NA,6.615741144283452e-4,4.67920537330274e-4,2.7220442005234097e-5,6.665668500104314e-8,2.23824988556866e-5,1.5524919631956418,0.004964675215963273,0.004942051699446293,4.99874984371065e-4,0.980470490621246,0.015524919631956418
180,1500,0.65,0.05,0.1,0.15,AIPW,2000,0.15010600365037882,1.0600365037882154e-4,0.024755190206375295,6.125242692066362e-4,42.84152191496242,0.024149330108669913,-2.447406352585213,0.9420000000000001,0.9425,1,NA,NA,5.535428809739221e-4,3.9151181500575357e-4,1.9655236196749494e-5,3.4697931831236226,2.0630718390546653e-5,1.5450769148988617,0.005226662414964255,0.005205465877325487,0,0.9755259364741479,0.015450769148988616
180,1500,0.65,0.05,0.1,0.15,FCS-MI,2000,0.1505011034505787,5.011034505787145e-4,0.024714927745764993,6.10773344319827e-4,43.30729998527734,0.0243467637841584,-1.4896420713577885,0.9465,0.9460000000000001,1,NA,NA,5.526425849852616e-4,3.908750503960404e-4,1.9601400493451303e-5,3.4782229528341055,1.6723250724067595e-5,1.5594437446132134,0.005031786462082825,0.005053909377897468,0,0.9851035792864221,0.015594437446132134
180,1500,0.65,0.05,0.1,0.15,IPW,2000,0.15030226282626405,3.022628262640635e-4,0.02983063644498601,8.895133000937122e-4,-1.630159906729356,0.028865751277804885,-3.2345443549639863,0.9435,0.9435,1,NA,NA,6.670333090307139e-4,4.717817362738544e-4,2.7582372670294758e-5,0.4800313458723118,3.092659639897732e-5,1.5338864583993321,0.005162739098579358,0.005162739098579358,0,0.9676545564503601,0.015338864583993321
180,1500,0.65,0.05,0.1,0.15,JM-MI,2000,0.15022325167190767,2.232516719076664e-4,0.0247021350538736,6.099402197907106e-4,43.45576981104442,0.0243373282570099,-1.4768229388596565,0.9455,0.9465,1,NA,NA,5.523565316984181e-4,3.906727295906071e-4,1.961865846232953e-5,3.4670127546960967,1.6741064089340556e-5,1.5596509452032663,0.005075911248239078,0.005031786462082825,0,0.9852317706114034,0.015596509452032663
180,1500,0.65,0.05,0.1,0.15,Naive,2000,0.165233801830959,0.015233801830959017,0.024194637732617257,8.171565229900109e-4,49.537031934157085,0.023878049039160337,-1.3085076823866615,0.897,0.9505,1,NA,NA,5.410085466111357e-4,3.826464855706981e-4,2.518524766137235e-5,4.498295578382157,1.409517532138183e-5,1.5619265997719889,0.006796727153564427,0.004850244839180801,0,0.9869149231761334,0.01561926599771989
181,500,0.25,0.1,0,0.15,CCA,2000,0.1485894548757846,-0.0014105451242154125,0.0960847775665354,0.009229657975318028,0,0.09491852956917429,-1.2137697842444561,0.9495,0.9500000000000001,0.365,NA,NA,0.0021485209424172,0.001519613678824023,3.042499037533558e-4,9.426678795130648e-8,2.2463295290632449e-4,1.5797329707256296,0.0048964145045124596,0.0048733971724044785,0.01076510566599325,0.9878623021575554,0.015797329707256294
181,500,0.25,0.1,0,0.15,AIPW,2000,0.14872670293120227,-0.0012732970687977325,0.05967216405138778,0.0035606080644198577,159.2779605766828,0.05889718135688187,-1.2987340191626395,0.9535,0.9550000000000001,0.721,NA,NA,0.0013343101518342234,9.43735719997147e-4,1.1374956036350635e-4,8.732360950941855,1.7315975388514516e-4,1.5877376183606702,0.004708383480558906,0.00463546114210873,0.010028933143659899,0.9870126598083736,0.0158773761836067
181,500,0.25,0.1,0,0.15,FCS-MI,2000,0.14913087921170246,-8.69120788297534e-4,0.05553026664417963,0.0030828240792615527,199.39852777681097,0.058988929606294704,6.228428514988216,0.966,0.9665,0.734,NA,NA,0.0012416945102507477,8.782301933603098e-4,9.777365016239407e-5,9.27840056227303,1.5367807532936173e-4,1.70268013816325,0.004052406692324946,0.004023540107914917,0.009880384607898621,1.0622842851498822,0.017026801381632498
181,500,0.25,0.1,0,0.15,IPW,2000,0.1490859116332137,-9.140883667863076e-4,0.10033435854038075,0.010062785569500117,-8.291451191824317,0.08797100063734445,-12.32215771635249,0.9095,0.9105,0.4205,NA,NA,0.0022435444617512797,0.0015868222579629397,3.2619006032172794e-4,1.0271704759627627,2.7683586882856027e-4,1.4138389505995355,0.006415206543830059,0.006383171233799076,0.011038110119037587,0.8767784228364751,0.014138389505995354
181,500,0.25,0.1,0,0.15,JM-MI,2000,0.1493407529998744,-6.592470001255824e-4,0.05676013444217513,0.0032205366120700227,186.56447286812642,0.059139844794153684,4.1925734943473625,0.9615,0.962,0.7255,NA,NA,0.001269195190247307,8.976809739762608e-4,1.0243622323157142e-4,8.833732262336282,1.5575219476675673e-4,1.6705323852235918,0.004302194207610808,0.004275277768753747,0.00997872111044296,1.0419257349434736,0.01670532385223592
181,500,0.25,0.1,0,0.15,Naive,2000,0.15035240474995348,3.524047499534927e-4,0.04241284729026867,0.0017980743795678064,413.23270170291124,0.042399950403776435,-0.0304079714431027,0.9550000000000001,0.9555,0.9400000000000001,NA,NA,9.48380096603585e-4,6.707737118456299e-4,5.602955904057785e-5,20.181650762039304,4.2653225135920296e-5,1.5842485190404758,0.00463546114210873,0.004610843198374891,0.005310367218940699,0.999695920285569,0.015842485190404758
182,500,0.5,0.1,0,0.15,CCA,2000,0.1495278002012669,-4.7219979873308805e-4,0.0646408214064466,0.004176569546853999,4.440892098500626e-14,0.06499541574280597,0.548561000067993,0.9545,0.9545,0.6385000000000001,NA,NA,0.0014454127078623819,0.0010223167384827083,1.3165534278525474e-4,9.426678795130652e-8,9.841594618532106e-5,1.5974817261464938,0.004659922209651143,0.004659922209651143,0.010742852274884914,1.00548561000068,0.01597481726146494
182,500,0.5,0.1,0,0.15,AIPW,2000,0.1498592959443245,-1.407040556754881e-4,0.04803755593320671,0.0023064727742772287,81.07226188835376,0.04807122231343299,0.07008345777019809,0.9500000000000001,0.9500000000000001,0.866,NA,NA,0.0010741524053959855,7.597304062324134e-4,7.125169741374854e-5,5.2344255639187915,8.163052494118961e-5,1.5917393634620884,0.0048733971724044785,0.0048733971724044785,0.007617217339685143,1.000700834577702,0.015917393634620886
182,500,0.5,0.1,0,0.15,FCS-MI,2000,0.15009334080592973,9.334080592972808e-5,0.04764625892829231,0.0022690396193729948,84.05860235596072,0.04874946972207731,2.315419549403308,0.9585,0.9585,0.8715,NA,NA,0.0010654027383721787,7.535419100292656e-4,7.074094956690162e-5,5.12024272249037,7.017696771575516e-5,1.6248427854584635,0.004459694496263168,0.004459694496263168,0.007482905518580331,1.023154195494033,0.016248427854584635
182,500,0.5,0.1,0,0.15,IPW,2000,0.14956447921545526,-4.3552078454474135e-4,0.06592412223572347,0.004344006575958105,-3.8553725294595,0.06310316961541643,-4.279090148853593,0.9385,0.9395,0.653,NA,NA,0.001474108186760831,0.0010426125807961794,1.3497124930953605e-4,0.7927849040749976,1.3795414064203638e-4,1.5282537804179466,0.005372045699731156,0.005331029450303197,0.01064403588870312,0.9572090985114641,0.015282537804179465
182,500,0.5,0.1,0,0.15,JM-MI,2000,0.1500384025530925,3.840255309249757e-5,0.047750260641260936,0.002278948822368784,83.25770354365535,0.04878675023226828,2.170646980954305,0.96,0.96,0.872,NA,NA,0.0010677282873719216,7.551867327540601e-4,7.086227268036285e-5,5.10832397873508,6.658703443512125e-5,1.6218698083727754,0.004381780460041331,0.004381780460041331,0.007470475219154402,1.021706469809543,0.016218698083727754
182,500,0.5,0.1,0,0.15,Naive,2000,0.15022190862063195,2.219086206319629e-4,0.04186165225533143,0.0017515709740174327,138.4410368016096,0.04240255451994557,1.2921187661560918,0.9575,0.9575,0.9515,NA,NA,9.360550009337847e-4,6.620563735116727e-4,5.379019844969734e-5,8.018085713948297,4.3092805600989536e-5,1.605273601233198,0.004510751046111944,0.004510751046111944,0.004803527349771207,1.012921187661561,0.01605273601233198
183,500,0.65,0.1,0,0.15,CCA,2000,0.14817311497449875,-0.0018268850255012347,0.057079307455049764,0.003259755824774726,0,0.05650390534834245,-1.0080747864021355,0.9405,0.9425,0.75,NA,NA,0.001276332115781018,9.027288045333948e-4,1.0462511576900484e-4,0,7.665667860959588e-5,1.5713408131634279,0.005289600646551685,0.005205465877325487,0.009682458365518542,0.9899192521359786,0.015713408131634278
183,500,0.65,0.1,0,0.15,AIPW,2000,0.14805364365985937,-0.0019463563401406088,0.0460934088552082,0.002127328341726244,53.34857155958848,0.04614649773819205,0.11517673416305829,0.9445,0.9455,0.888,NA,NA,0.0010306799551493629,7.289830540690959e-4,6.764332739180391e-5,3.829310402890647,7.043401103656414e-5,1.5907123175430224,0.005119558086397692,0.005075911248239078,0.007051808278732484,1.0011517673416306,0.015907123175430225
183,500,0.65,0.1,0,0.15,FCS-MI,2000,0.14811815067069278,-0.0018818493293072008,0.04585402026671348,0.0021050812359310746,54.95391490628989,0.046892738355924064,2.2652715796102507,0.9525,0.9550000000000001,0.8885000000000001,NA,NA,0.0010253270635802439,7.251970415201358e-4,6.686855213644145e-5,3.790208911888129,5.449038301146657e-5,1.6217200750450906,0.00475624589355933,0.00463546114210873,0.007038030619427566,1.0226527157961025,0.016217200750450907
183,500,0.65,0.1,0,0.15,IPW,2000,0.14888224152647073,-0.0011177584735292646,0.0575810756789743,0.003315171870214739,-1.7352297940148476,0.05513120374108936,-4.254647744935259,0.9335,0.9325,0.76,NA,NA,0.001287551994357464,9.106644409160358e-4,1.058591406623565e-4,0.575372383697027,1.02800846434799e-4,1.524733874714541,0.005571254347092763,0.005609979946488223,0.009549869109050658,0.9574535225506474,0.015247338747145409
183,500,0.65,0.1,0,0.15,JM-MI,2000,0.1482188706804454,-0.0017811293195546035,0.04587710180625069,0.0021068285375589967,54.79803430114458,0.046928897270150025,2.2926371163141557,0.9545,0.9530000000000001,0.8885000000000001,NA,NA,0.0010258431824945492,7.255620839763643e-4,6.750817344222586e-5,3.7797164224195074,5.4618680785567146e-5,1.622167828925183,0.004659922209651143,0.004732388403332927,0.007038030619427566,1.0229263711631416,0.01622167828925183
183,500,0.65,0.1,0,0.15,Naive,2000,0.1486680337662535,-0.0013319662337464846,0.041301496684492026,0.001706734855612757,90.99667662076038,0.04241923732396243,2.7062957258159104,0.9575,0.9575,0.9405,NA,NA,9.235295415900635e-4,6.531973212322667e-4,5.309159647803238e-5,5.778363396283555,4.3488896539750555e-5,1.62774454770182,0.004510751046111944,0.004510751046111944,0.005289600646551685,1.027062957258159,0.0162774454770182
184,800,0.25,0.1,0,0.15,CCA,2000,0.1508722394338255,8.722394338255057e-4,0.07413557197150235,0.005494095791655955,0,0.07333475626629767,-1.080204392990336,0.9475,0.9475,0.548,NA,NA,0.0016577217847910737,0.0011724794718635469,1.728682797963246e-4,0,1.3192456366635646e-4,1.5745385343904699,0.004987171041783106,0.004987171041783106,0.011128701631367425,0.9891979560700966,0.015745385343904697
184,800,0.25,0.1,0,0.15,AIPW,2000,0.150332711674853,3.327116748529957e-4,0.04465447170741935,0.0019931355296055647,175.6280253169671,0.04410633833504852,-1.2274994001995165,0.9410000000000001,0.9405,0.9195,NA,NA,9.985043423713076e-4,7.062257700525534e-4,6.285564159370788e-5,9.54899205790504,9.45793283316129e-5,1.5764143387441625,0.005268728499363008,0.005289600646551685,0.006083574196144895,0.9877250059980048,0.015764143387441625
184,800,0.25,0.1,0,0.15,FCS-MI,2000,0.15064845648564332,6.484564856433294e-4,0.043381148600566105,0.0018814035876912195,192.04595265888477,0.04451076055499741,2.603923572499789,0.9565,0.9560000000000001,0.922,NA,NA,9.700319721288569e-4,6.860877288378874e-4,5.747428526908941e-5,9.71491397635369,9.965285475607263e-5,1.6388949657108027,0.004561126505590477,0.004586065852122053,0.005996498978570745,1.0260392357249979,0.016388949657108028
184,800,0.25,0.1,0,0.15,IPW,2000,0.15138543383491015,0.0013854338349101522,0.07625860523897054,0.005814386612467563,-5.490477371186286,0.07095816458092548,-6.950613168750131,0.9275,0.9285,0.5630000000000001,NA,NA,0.0017051942518365973,0.0012060559704052552,1.8550870487811153e-4,0.9961879219854782,1.8683034967355115e-4,1.4918622037314482,0.005798437289477226,0.005761412587204635,0.011091235278362822,0.9304938683124987,0.014918622037314483
184,800,0.25,0.1,0,0.15,JM-MI,2000,0.15052359717262923,5.235971726292378e-4,0.04350179081482656,0.0018917337551940657,190.4283541956574,0.044460075127772634,2.2028617557957375,0.9490000000000001,0.9490000000000001,0.9235,NA,NA,9.727296140492816e-4,6.879957267921613e-4,5.81905940865699e-5,9.615059819078171,9.725138900712325e-5,1.631759907074024,0.004919298730510272,0.004919298730510272,0.005943389184631948,1.0220286175579574,0.016317599070740242
184,800,0.25,0.1,0,0.15,Naive,2000,0.15062415061301587,6.24150613015886e-4,0.03365306357660392,0.001132351987734628,385.2930516759194,0.03345054846778383,-0.6017731739611509,0.9480000000000001,0.9485,0.99,NA,NA,7.525053780840856e-4,5.32234731041859e-4,3.558078435248694e-5,19.389061984353237,2.655577191519634e-5,1.573996298052189,0.004964675215963273,0.004942051699446293,0.0022248595461287,0.9939822682603885,0.015739962980521893
185,800,0.5,0.1,0,0.15,CCA,2000,0.14831453862004637,-0.0016854613799536246,0.04946423615757252,0.002448328083386094,0,0.050738431181804274,2.5759925214910773,0.9500000000000001,0.9540000000000001,0.843,NA,NA,0.0011060539450343516,7.822938428054204e-4,8.206715709679884e-5,0,6.347542562679744e-5,1.6273419996931489,0.0048733971724044785,0.004684228858627636,0.008134832512104968,1.0257599252149108,0.01627341999693149
185,800,0.5,0.1,0,0.15,AIPW,2000,0.14915422648871976,-8.457735112802218e-4,0.036595764281822214,0.0013392956712213924,82.69260597880437,0.037529855936609284,2.5524583872430506,0.9495,0.9490000000000001,0.9785,NA,NA,8.183061662271324e-4,5.78774550954938e-4,4.4506680422655336e-5,5.5442301219887105,4.8493848457416526e-5,1.6273064997485067,0.0048964145045124596,0.004919298730510272,0.003243281517229114,1.0255245838724305,0.016273064997485067
185,800,0.5,0.1,0,0.15,FCS-MI,2000,0.14922078560564428,-7.792143943557248e-4,0.03619108824367719,0.0013097471458998703,86.80105701585161,0.03795913309443388,4.885304467365881,0.9530000000000001,0.9540000000000001,0.977,NA,NA,8.092573349255569e-4,5.723744607571786e-4,4.3451769955313985e-5,5.5573053556877205,4.2024383792908074e-5,1.6628562707726977,0.004732388403332927,0.004684228858627636,0.0033519397369284566,1.0488530446736588,0.016628562707726977
185,800,0.5,0.1,0,0.15,IPW,2000,0.14870899676907193,-0.001291003230928078,0.049947975868124196,0.0024952195825183225,-1.9275945573408726,0.04991484218934729,-0.06633637940481885,0.9450000000000001,0.9450000000000001,0.8395,NA,NA,0.0011168706937964479,7.899443520719447e-4,8.323731943985744e-5,0.7430755859634107,8.670477349377463e-5,1.5899895575152094,0.005097793640389926,0.005097793640389926,0.00820791538699078,0.9993366362059518,0.015899895575152093
185,800,0.5,0.1,0,0.15,JM-MI,2000,0.1493864792298094,-6.135207701905933e-4,0.0363450745821793,0.0013206803718964393,85.22153759318725,0.03798479345610325,4.511529809125592,0.9560000000000001,0.9555,0.9785,NA,NA,8.127005741305269e-4,5.748098074610598e-4,4.406812132248818e-5,5.520037311391133,4.248340668045557e-5,1.657013587023948,0.004586065852122053,0.004610843198374891,0.003243281517229114,1.045115298091256,0.01657013587023948
185,800,0.5,0.1,0,0.15,Naive,2000,0.14928665334585736,-7.133466541426212e-4,0.03167830680347494,0.0010035222278230956,143.81402982090506,0.03344782652735208,5.585903738021214,0.9580000000000001,0.9570000000000001,0.9965,NA,NA,7.083484742466405e-4,5.010032760622272e-4,3.218938902050456e-5,8.383519717340386,2.700748139064779e-5,1.6720521830758253,0.004485309353879615,0.004536022486716746,0.0013205585939290896,1.0558590373802121,0.016720521830758252
186,800,0.65,0.1,0,0.15,CCA,2000,0.14799152082949305,-0.0020084791705069563,0.04361380340653285,0.0019052467542382645,0,0.044278279573214625,1.523545563059625,0.9590000000000001,0.9595,0.9195,NA,NA,9.752342917431934e-4,0.00068976724430896605,5.986390927336881e-5,6.665668500104314e-8,4.539569380701276e-5,1.6089998177951577,0.004433903472111224,0.004407933189148855,0.006083574196144895,1.0152354556305963,0.01608999817795158
186,800,0.65,0.1,0,0.15,AIPW,2000,0.14917461758956685,-8.253824104331318e-4,0.03740896258321893,0.0013994120224353499,35.92414004540172,0.03629577861004898,-2.975714631737225,0.937,0.9380000000000001,0.9805,NA,NA,8.364898330382366e-4,5.916355607183545e-4,4.5326230556187456e-5,3.378088982913843,4.2370809754734676e-5,1.5386468006469403,0.00543281694887652,0.005392402062161164,0.003091904752737377,0.9702428536826277,0.015386468006469402
186,800,0.65,0.1,0,0.15,FCS-MI,2000,0.1491673024395444,-8.326975604556031e-4,0.037326248127007244,0.0013932455600664812,36.52721959084329,0.03671707825415108,-1.6320147441108657,0.9385,0.9395,0.979,NA,NA,8.346402815701241e-4,5.90327403252842e-4,4.5160175830843125e-5,3.338490608506805,3.274676525953747e-5,1.558195119954125,0.005372045699731156,0.005331029450303197,0.00320616593457045,0.9836798525588913,0.01558195119954125
186,800,0.65,0.1,0,0.15,IPW,2000,0.1483511505178868,-0.0016488494821131985,0.044041233515042494,0.0019413791390164037,-1.9316259865483243,0.04368599429630329,-0.8066059698756289,0.9500000000000001,0.9495,0.925,NA,NA,9.847919195257702e-4,6.965271979257887e-4,6.0187918003621e-5,0.551047295397845,6.23450195325015e-5,1.57515151022194,0.0048733971724044785,0.0048964145045124596,0.0058896094946948715,0.9919339403012437,0.0157515151022194
186,800,0.65,0.1,0,0.15,JM-MI,2000,0.14922332130278876,-7.766786972112254e-4,0.03725959618205814,0.001388186598694918,37.016110763295316,0.036723183228520966,-1.4396638946813756,0.9385,0.9385,0.9785,NA,NA,8.331498987727363e-4,5.892732799064592e-4,4.508413573646204e-5,3.3620829720472467,3.24471384882075e-5,1.5611961623756887,0.005372045699731156,0.005372045699731156,0.003243281517229114,0.9856033610531862,0.015611961623756887
186,800,0.65,0.1,0,0.15,Naive,2000,0.1492963786754291,-7.036213245708798e-4,0.034604565005963706,0.0011973722642607328,58.84777447315421,0.033465602573765844,-3.291364685559761,0.936,0.9355,0.9915,NA,NA,7.737815968514526e-4,5.472830521609301e-4,3.845021286356887e-5,4.619719746741962,2.6096559691674726e-5,1.5313382732104397,0.00547284204047586,0.005492711079239468,0.0020527725154044657,0.9670863531444024,0.015313382732104397
187,1500,0.25,0.1,0,0.15,CCA,2000,0.15035491081564253,3.5491081564254114e-4,0.052286052867728014,0.0027325903705116665,4.440892098500626e-14,0.05242905938613054,0.2735079635181048,0.9465,0.9460000000000001,0.8125,NA,NA,0.0011691516848738768,8.269218409179951e-4,9.045453723329722e-5,0,6.750220547269308e-5,1.5911061672933486,0.005031786462082825,0.005053909377897468,0.008727650027355588,1.002735079635181,0.015911061672933487
187,1500,0.25,0.1,0,0.15,AIPW,2000,0.1500631675441727,6.316754417269811e-5,0.03105719988815677,9.640713801991154e-4,183.43085109985844,0.030861370499543368,-0.6305442516344795,0.9455,0.9455,0.9955,NA,NA,6.944601014071742e-4,4.911802573860784e-4,3.111526866948105e-5,10.18948101082524,4.612348205576165e-5,1.5785634998692304,0.005075911248239078,0.005075911248239078,0.0014966211945579198,0.9936945574836552,0.015785634998692302
187,1500,0.25,0.1,0,0.15,FCS-MI,2000,0.15013118996951966,1.3118996951966776e-4,0.030558856930316056,9.333940258271845e-4,192.7504052871448,0.03115639145230948,1.9553562600721497,0.9555,0.9560000000000001,0.998,NA,NA,6.833168141087726e-4,4.832987927601549e-4,2.947738110829405e-5,10.351586793544687,5.333554948396433e-5,1.6218772284386793,0.004610843198374891,0.004586065852122053,9.989994994993746e-4,1.0195535626007215,0.016218772284386795
187,1500,0.25,0.1,0,0.15,IPW,2000,0.15051418659057286,5.141865905728771e-4,0.05381722102738874,0.002895109520321183,-5.609306067023734,0.05181689717967732,-3.716884316069413,0.9405,0.9400000000000001,0.8180000000000001,NA,NA,0.0012033896457737231,8.511377899884816e-4,9.455881665368829e-5,0.9175699641954557,9.483970887595424e-5,1.5329137060897977,0.005289600646551685,0.005310367218940699,0.008627745939699429,0.9628311568393059,0.015329137060897977
187,1500,0.25,0.1,0,0.15,JM-MI,2000,0.14998144856591575,-1.8551434084242126e-5,0.030523104539212625,9.311944249120532e-4,193.43661705894962,0.031216018825311262,2.2701304358095697,0.9565,0.9565,0.9965,NA,NA,6.825173663401183e-4,4.827333564449819e-4,2.957147291562976e-5,10.323739904742126,5.194794480141737e-5,1.6263666047741014,0.004561126505590477,0.004561126505590477,0.0013205585939290896,1.0227013043580957,0.016263666047741016
187,1500,0.25,0.1,0,0.15,Naive,2000,0.1502036441184508,2.0364411845080567e-4,0.024487444164148452,5.993765751584217e-4,355.91596246119855,0.024381115519038564,-0.4342169987081035,0.9480000000000001,0.9485,1,NA,NA,5.475558974626646e-4,3.872773196098813e-4,1.875509291315061e-5,17.964091895615287,1.406392885546707e-5,1.575714012603028,0.004964675215963273,0.004942051699446293,0,0.995657830012919,0.01575714012603028
188,1500,0.5,0.1,0,0.15,CCA,2000,0.14996981092128003,-3.01890787199689e-5,0.03706971909485909,0.0013734779031153485,0,0.03663255568547953,-1.1793005721486116,0.9450000000000001,0.9450000000000001,0.9815,NA,NA,8.289041180292689e-4,5.86270308714658e-4,4.455292865438981e-5,6.665668500104314e-8,3.218655874151646e-5,1.5652932327742501,0.005097793640389926,0.005097793640389926,0.003013117156700015,0.9882069942785139,0.0156529323277425
188,1500,0.5,0.1,0,0.15,AIPW,2000,0.1495446871507084,-4.553128492915843e-4,0.02810855420321703,7.899030837762223e-4,73.92482484781631,0.02713936677645288,-3.4480159305142366,0.9500000000000001,0.9510000000000001,1,NA,NA,6.285263794763073e-4,4.445464155817711e-4,2.421280205497764e-5,5.091464007280193,2.5385035155199083e-5,1.5296709777266642,0.0048733971724044785,0.004826955562256604,0,0.9655198406948576,0.015296709777266642
188,1500,0.5,0.1,0,0.15,FCS-MI,2000,0.1494815321312066,-0.00051846786879340375,0.02788317611617809,7.773515835016126e-4,76.74783648289676,0.027336153791559032,-1.9618364935896637,0.9520000000000001,0.9505,1,NA,NA,6.234867722437279e-4,4.4098198391376417e-4,2.3978542067726517e-5,5.131278212112783,2.2842489636384514e-05,1.5526698445754867,0.004779958158812687,0.004850244839180801,0,0.9803816350641034,0.015526698445754867
188,1500,0.5,0.1,0,0.15,IPW,2000,0.1503585765319996,3.5857653199961595e-4,0.03740317665229057,0.0013984267019999145,-1.7750959322809234,0.03643844214926099,-2.5792849414850605,0.9450000000000001,0.9440000000000001,0.982,NA,NA,8.363604556895475e-4,5.915440542382841e-4,4.537015658112892e-5,0.6584550685437851,4.691487368562835e-5,1.5458391264565412,0.005097793640389926,0.005141206084179078,0.002972877394041,0.9742071505851494,0.015458391264565411
188,1500,0.5,0.1,0,0.15,JM-MI,2000,0.14955062078286285,-4.493792171371329e-4,0.028020539926174357,7.849600241062488e-4,75.01915845069927,0.027350967853967532,-2.3895759109958004,0.9555,0.9550000000000001,1,NA,NA,6.26558320411728e-4,4.431544396339345e-4,2.416211370729691e-5,5.068987016007522,2.299868461567765e-5,1.5459227285516424,0.004610843198374891,0.00463546114210873,0,0.976104240890042,0.015459227285516424
188,1500,0.5,0.1,0,0.15,Naive,2000,0.1498826891041014,-1.1731089589858482e-4,0.02475363318984027,6.124497467654098e-4,124.2645803897815,0.024356160429470242,-1.605714835158678,0.9530000000000001,0.9545,1,NA,NA,5.53508065025778e-4,3.914871902557702e-4,1.7962842301586947e-5,7.375224829441564,1.4260381831775388e-5,1.5572053327979647,0.004732388403332927,0.004659922209651143,0,0.9839428516484132,0.015572053327979648
189,1500,0.65,0.1,0,0.15,CCA,2000,0.14882779755981976,-0.0011722024401802326,0.03269823717843874,0.0010700141857809095,4.440892098500626e-14,0.03210298904885224,-1.8204288088625398,0.9460000000000001,0.9475,0.996,NA,NA,7.311548107539996e-4,5.171338244018938e-4,3.472181069763731e-5,0,2.450333919019713e-5,1.5545508128674939,0.005053909377897468,0.004987171041783106,0.0014113823011501884,0.9817957119113746,0.015545508128674938
189,1500,0.65,0.1,0,0.15,AIPW,2000,0.14919873079935314,-8.012692006468436e-4,0.027227984471197193,7.416344891264788e-4,44.21740969441552,0.026437230413805028,-2.9041960789593313,0.9415,0.9425,0.9995,NA,NA,6.088362416790559e-4,4.306199035595193e-4,2.360060737787274e-5,3.5104172362510884,2.330726136437616e-5,1.5379874026605294,0.0052477495176503994,0.005205465877325487,4.99874984371065e-4,0.9709580392104067,0.015379874026605294
189,1500,0.65,0.1,0,0.15,FCS-MI,2000,0.14924085621040095,-7.591437895990487e-4,0.027137392761432885,7.366461661386127e-4,45.1818876651154,0.02659083559640863,-2.0140371251913702,0.9440000000000001,0.9460000000000001,0.999,NA,NA,6.068105494667467e-4,4.29187164630082e-4,2.3393323100064e-5,3.489804064789781,1.860017081341393e-5,1.55119657689251,0.005141206084179078,0.005053909377897468,7.067531393633852e-4,0.9798596287480863,0.0155119657689251
189,1500,0.65,0.1,0,0.15,IPW,2000,0.1493124283067005,-6.875716932995127e-4,0.03282049936542187,0.0010771193408397866,-0.7436478125949164,0.03194866105205273,-2.6563834500570205,0.9425,0.9420000000000001,0.996,NA,NA,7.338886763657202e-4,5.190674427798293e-4,3.499990388074161e-5,0.4753078471070051,3.491085813822522e-5,1.5431929119946128,0.005205465877325487,0.005226662414964255,0.0014113823011501884,0.9734361654994298,0.015431929119946128
189,1500,0.65,0.1,0,0.15,JM-MI,2000,0.1492572896004536,-7.427103995464015e-4,0.02713456725041604,7.364682162350114e-4,45.21212469649403,0.02659080948044208,-2.003930134414156,0.9455,0.9455,0.999,NA,NA,6.067473691196983e-4,4.2914247820524334e-4,2.335493221243683e-5,3.495700270255899,1.8379364905050808e-5,1.5513208387631368,0.005075911248239078,0.005075911248239078,7.067531393633852e-4,0.9799606986558584,0.015513208387631367
189,1500,0.65,0.1,0,0.15,Naive,2000,0.14920739714864562,-7.926028513543775e-4,0.024707112128055805,6.107643882934433e-4,75.14780822583165,0.024369118886291688,-1.3679997889365358,0.9490000000000001,0.9495,1,NA,NA,5.524678224604227e-4,3.9075144372409783e-4,1.9640702836122182e-5,5.073513774433051,1.4293013844527303e-5,1.560971206494416,0.004919298730510272,0.0048964145045124596,0,0.9863200021106346,0.015609712064944159
190,500,0.25,0.1,0.02,0.15,CCA,2000,0.1495965203771229,-4.034796228771019e-4,0.09366634596692446,0.008769160470418265,0,0.09343045958720411,-0.251836854833265,0.9470000000000001,0.9470000000000001,0.3595,NA,NA,0.0020944431678605636,0.0014813653544468947,2.9774543389086635e-4,0,2.2355581353154376e-4,1.5955039677648104,0.005009540897128196,0.005009540897128196,0.010729859039148651,0.9974816314516673,0.015955039677648105
190,500,0.25,0.1,0.02,0.15,AIPW,2000,0.14996611310819383,-3.3886891806155786e-05,0.05989436353046697,0.003585542263649808,144.5655311864721,0.05881960254400621,-1.7944275940323773,0.9450000000000001,0.9450000000000001,0.7295,NA,NA,0.0013392786832320844,9.472498808911813e-4,1.1227781345071042e-4,8.290653930760815,1.630161303596978e-4,1.576822043923843,0.005097793640389926,0.005097793640389926,0.009933019430163217,0.9820557240596762,0.01576822043923843
190,500,0.25,0.1,0.02,0.15,FCS-MI,2000,0.1522468299536381,0.002246829953638109,0.05595011721769498,0.0031338986537060368,180.26260538904597,0.05901368866344102,5.475540710354654,0.9645,0.9645,0.7445,NA,NA,0.0012510826544784737,8.848702740342151e-4,9.892839590287138e-5,8.770670690833049,1.5742562052983232e-4,1.6916948895839494,0.0041376170678302255,0.0041376170678302255,0.009752429184567299,1.0547554071035465,0.016916948895839494
190,500,0.25,0.1,0.02,0.15,IPW,2000,0.14949242273465704,-5.075772653429602e-4,0.09694841142714784,0.009394552615688698,-6.656138727390681,0.0864839163017259,-10.793879931994056,0.909,0.9085,0.41150000000000003,NA,NA,0.0021678323826172,0.0015332723442372147,3.155460180392955e-4,1.0879970612275902,2.6975376463138004e-4,1.4380014818399776,0.0064311352030570765,0.006447005118657811,0.01100381183953997,0.8920612006800595,0.014380014818399775
190,500,0.25,0.1,0.02,0.15,JM-MI,2000,0.15081494778895796,8.14947788957959e-4,0.0565869624474594,0.003201147416769393,173.98979829028343,0.05946724217348211,5.090005897908068,0.9635,0.9635,0.7325,NA,NA,0.001265322946727471,8.949421995457634e-4,1.0039763489919696e-4,8.503776532680552,1.6635011187695963e-4,1.6878324409606575,0.004193313129257102,0.004193313129257102,0.009898074307662071,1.0509000589790807,0.016878324409606574
190,500,0.25,0.1,0.02,0.15,Naive,2000,0.16132725638542517,0.011327256385425175,0.04161887043684176,0.0018595710484715568,406.5083140470215,0.042013102027025774,0.9472424072207275,0.9520000000000001,0.9575,0.9695,NA,NA,9.306262344353454e-4,6.582166958677171e-4,5.8100106147589995e-5,20.380119542915725,4.22766419670563e-5,1.599743560273223,0.004779958158812687,0.004510751046111944,0.0038451105315712303,1.0094724240722073,0.01599743560273223
191,500,0.5,0.1,0.02,0.15,CCA,2000,0.14782160653220253,-0.0021783934677974564,0.0645264475074703,0.004166325994820895,0,0.06363935670304671,-1.3747708709996642,0.9435,0.9420000000000001,0.649,NA,NA,0.0014428552297327546,0.0010205078760823717,1.353086516629597e-4,0,9.834967486333162e-5,1.5672209674959117,0.005162739098579358,0.005226662414964255,0.010672370870617268,0.9862522912900034,0.015672209674959116
191,500,0.5,0.1,0.02,0.15,AIPW,2000,0.14937615252533276,-6.238474746672262e-4,0.04864384932578695,0.0023654301508628972,75.9623050074242,0.0474407418264567,-2.4732983018522336,0.9400000000000001,0.9405,0.877,NA,NA,0.0010877095377971693,7.693191439708919e-4,7.416950033710291e-5,5.011950451675429,7.698623900961879e-5,1.5505166094936433,0.005310367218940699,0.005289600646551685,0.007344079247938437,0.9752670169814777,0.015505166094936433
191,500,0.5,0.1,0.02,0.15,FCS-MI,2000,0.15002801554947737,2.8015549477379757e-5,0.04812370519005133,0.002314733840589377,79.78663182951054,0.048175729064194935,0.10810446522799833,0.9420000000000001,0.9420000000000001,0.8755000000000001,NA,NA,0.0010760787613411423,7.610928862468045e-4,7.321103075563257e-5,4.95973707742775,6.730430292569662e-5,1.5894091408105597,0.005226662414964255,0.005226662414964255,0.007382403064043576,1.00108104465228,0.015894091408105597
191,500,0.5,0.1,0.02,0.15,IPW,2000,0.14783204126637398,-0.0021679587336260165,0.0654778437556813,0.0042899043939526715,-2.8848974773832414,0.061803815189785324,-5.611101947102826,0.928,0.929,0.665,NA,NA,0.0014641290965781352,0.0010355545337255364,1.373948602041984e-4,0.7730463013335678,1.3190341296529225e-4,1.5063237661494806,0.0057799653978203,0.005742778073371805,0.010554027667198908,0.9438889805289717,0.015063237661494805
191,500,0.5,0.1,0.02,0.15,JM-MI,2000,0.14960631856750942,-3.9368143249057525e-4,0.048228476542552016,0.0023249779417109703,79.00634475554837,0.04826606763514418,0.07794376950513993,0.9460000000000001,0.9455,0.8725,NA,NA,0.0010784215200040034,7.627498810845006e-4,7.326502171135859e-5,4.926036105565255,6.800819644670481e-5,1.5890361284171386,0.005053909377897468,0.005075911248239078,0.007458007441669657,1.0007794376950514,0.015890361284171386
191,500,0.5,0.1,0.02,0.15,Naive,2000,0.1589653788900781,0.008965378890078118,0.04252036304038061,0.0018874553010918807,130.2934488269342,0.042090298473256335,-1.0114320207375682,0.9465,0.9535,0.965,NA,NA,9.507842218626067e-4,6.724741102718634e-4,5.902982392646513e-5,7.78401211535041,4.28309230910231e-5,1.5687753860316023,0.005031786462082825,0.004708383480558906,0.00410944035119139,0.9898856797926243,0.015687753860316022
192,500,0.65,0.1,0.02,0.15,CCA,2000,0.14905893608902354,-9.410639109764524e-4,0.05432130701769208,0.0029502145951968506,0,0.05540138011811525,1.9883046997955844,0.9550000000000001,0.9570000000000001,0.7675000000000001,NA,NA,0.0012146613511819586,8.591100826405416e-4,9.661466971134444e-5,0,7.600485228179366e-5,1.6190371364519882,0.00463546114210873,0.004536022486716746,0.00944573316370942,1.0198830469979558,0.01619037136451988
192,500,0.65,0.1,0.02,0.15,AIPW,2000,0.1489146271464474,-0.0010853728535526015,0.045092141916118676,0.0020334626461833245,45.12381664295302,0.04547845282395324,0.8567144771104207,0.9505,0.9515,0.918,NA,NA,0.00100829094575509,7.1314767436245e-4,6.466171725141741e-5,3.6142104612238932,7.130984193695278e-5,1.6029037434457498,0.004850244839180801,0.004803527349771207,0.006134981662564281,1.0085671447711042,0.016029037434457497
192,500,0.65,0.1,0.02,0.15,FCS-MI,2000,0.14948517578052833,-5.148242194716695e-4,0.04496471834556028,0.0020210800269245726,45.94750230970348,0.046207212793246674,2.7632652742037633,0.9535,0.9525,0.911,NA,NA,0.0010054416680980469,7.111324269348224e-4,6.417926388792967e-5,3.556000721685585,5.4875603783136334e-5,1.6298119491455292,0.004708383480558906,0.00475624589355933,0.006367063687446513,1.0276326527420376,0.016298119491455293
192,500,0.65,0.1,0.02,0.15,IPW,2000,0.1493631981297298,-6.368018702701762e-4,0.05484319944518039,0.0030066781537431224,-1.894160978804793,0.05413714114059316,-1.2874126814811038,0.9510000000000001,0.9510000000000001,0.781,NA,NA,0.001226331220630021,8.673639901977166e-4,9.847660248220907e-5,0.6066781418749946,1.0315452186971111e-4,1.5724630893638067,0.004826955562256604,0.004826955562256604,0.009247675383576135,0.987125873185189,0.015724630893638066
192,500,0.65,0.1,0.02,0.15,JM-MI,2000,0.14924845827538766,-7.515417246123393e-4,0.04481865403880609,0.0020082722089390984,46.900340296731734,0.04619400194704338,3.0686952514157317,0.9535,0.9540000000000001,0.9105,NA,NA,0.0010021755709081592,7.088223698773668e-4,6.400602155611218e-5,3.5730738252472025,5.464576938410236e-5,1.634620319799228,0.004708383480558906,0.004684228858627636,0.006383171233799076,1.0306869525141573,0.01634620319799228
192,500,0.65,0.1,0.02,0.15,Naive,2000,0.1582545367639639,0.008254536763963888,0.04070118988304788,0.0017238959416546026,78.12554663498112,0.04203059051099605,3.2662451190447195,0.9485,0.9550000000000001,0.9705,NA,NA,9.101062734362178e-4,6.437032634837962e-4,5.7014695384229874e-5,5.440217531349291,4.23546075259681e-5,1.6365029699886993,0.004942051699446293,0.00463546114210873,0.0037835003634200943,1.0326624511904472,0.016365029699886992
193,800,0.25,0.1,0.02,0.15,CCA,2000,0.14846742679507988,-0.001532573204920129,0.07021140344126646,0.004929525133234127,4.440892098500626e-14,0.07184701504911639,2.329552647695121,0.9465,0.9475,0.549,NA,NA,0.001569974708903345,0.0011104174020166568,1.6164921841424896e-4,0,1.3254193152291096e-4,1.6293495940313487,0.005031786462082825,0.004987171041783106,0.011126522367748155,1.0232955264769512,0.01629349594031349
193,800,0.25,0.1,0.02,0.15,AIPW,2000,0.14944524684023366,-5.54753159766318e-4,0.04370232938775372,0.0019092463981870357,158.1107758514119,0.04405606057623255,0.809410375681141,0.9530000000000001,0.9530000000000001,0.9165,NA,NA,9.77213792861041e-4,6.911673130337066e-4,6.0266145187031304e-5,8.975236278468254,9.885079433038449e-5,1.6103004957779175,0.004732388403332927,0.004732388403332927,0.006185780063985464,1.0080941037568114,0.016103004957779176
193,800,0.25,0.1,0.02,0.15,FCS-MI,2000,0.15025886424298696,2.588642429869571e-4,0.04202596207594043,0.0017653654083604764,179.11294538788843,0.0444433484117249,5.752126105801647,0.9625,0.963,0.9185,NA,NA,9.397290802163099e-4,6.646549896222179e-4,5.66142498854288e-5,9.286638458482928,1.019507143736902e-4,1.6900078440750437,0.004248161366991606,0.004220841148396847,0.006117914268768402,1.0575212610580165,0.016900078440750435
193,800,0.25,0.1,0.02,0.15,IPW,2000,0.14949029441576403,-5.097055842359578e-4,0.07177270540031393,0.005149005379642612,-4.303363291459172,0.06904195099845017,-3.8047254685926957,0.93,0.9295,0.579,NA,NA,0.001604886482041682,0.001135109927449214,1.649583800724661e-4,1.0453862121186412,1.8188865907972518e-4,1.5423239864859777,0.005705260730238364,0.005724061058374553,0.011039904890894667,0.961952745314073,0.015423239864859778
193,800,0.25,0.1,0.02,0.15,JM-MI,2000,0.1498459422218446,-1.5405777815539565e-4,0.04238628527615559,0.0017957226147208981,174.38767183928644,0.044650752028946,5.342451545439597,0.9595,0.9605,0.916,NA,NA,9.477861519118233e-4,6.703536244914661e-4,5.7496256563657695e-5,9.087403969855396,1.020835075134792e-4,1.6833449386707096,0.004407933189148855,0.004355441998236229,0.006202580108309766,1.053424515454396,0.016833449386707097
193,800,0.25,0.1,0.02,0.15,Naive,2000,0.15870968017348666,0.008709680173486658,0.03275887030883279,0.0011484655408433974,359.36454795982434,0.03314851236993976,1.1894245968607553,0.9455,0.9545,0.9995,NA,NA,7.325106087664964e-4,5.180927581338567e-4,3.56904957983046e-5,18.428122809126524,2.640741148184983e-5,1.6023743871637885,0.005075911248239078,0.004659922209651143,4.99874984371065e-4,1.0118942459686076,0.016023743871637887
194,800,0.5,0.1,0.02,0.15,CCA,2000,0.1500489029880347,4.890298803468628e-5,0.04851656986644532,0.002352683014332106,0,0.049665151877768175,2.36740151763537,0.9590000000000001,0.9590000000000001,0.855,NA,NA,0.0010848634825648962,7.673061757115344e-4,7.136176442504182e-5,0,6.120110471057421e-5,1.623882465467787,0.004433903472111224,0.004433903472111224,0.007873214083206426,1.0236740151763537,0.01623882465467787
194,800,0.5,0.1,0.02,0.15,AIPW,2000,0.15023871729060218,2.3871729060218159e-4,0.03698879921069093,0.001367544167360118,72.04407140364944,0.037048556567879184,0.16155527744459164,0.9520000000000001,0.9530000000000001,0.983,NA,NA,8.270946944119548e-4,5.849905330208897e-4,4.099370232308447e-5,4.971520712962718,4.685784097514596e-5,1.5891466500630946,0.004779958158812687,0.004732388403332927,0.0028905881754411173,1.001615552774446,0.015891466500630946
194,800,0.5,0.1,0.02,0.15,FCS-MI,2000,0.15074446028840938,7.444602884093693e-4,0.036818901165982014,0.0013555078884498353,73.63550352743724,0.03750306271188119,1.8581802395865488,0.9580000000000001,0.9580000000000001,0.9835,NA,NA,8.232956586398206e-4,5.823035372315062e-4,4.099283856615679e-5,4.917967426063903,4.257572287442777e-5,1.615066972507919,0.004485309353879615,0.004485309353879615,0.002848486440199423,1.0185818023958655,0.01615066972507919
194,800,0.5,0.1,0.02,0.15,IPW,2000,0.15061605637472808,6.160563747280816e-4,0.049343754325492775,0.0024339682133459628,-3.3246400865477255,0.04886245194311487,-0.9754068958819473,0.9480000000000001,0.9485,0.8655,NA,NA,0.0011033598893685113,7.803883813502864e-4,7.380017089270968e-5,0.721330305997592,8.248234738213055e-5,1.5750034497903111,0.004964675215963273,0.004942051699446293,0.0076292119514403305,0.9902459310411805,0.01575003449790311
194,800,0.5,0.1,0.02,0.15,JM-MI,2000,0.15023403049996015,2.3403049996015916e-4,0.03679735413740042,0.0013534230191524152,73.83891079026003,0.03751153969470138,1.9408611679910814,0.9595,0.9580000000000001,0.9845,NA,NA,8.22813852433605e-4,5.819627635918115e-4,4.0978248112730115e-5,4.925605038876337,4.26644133774735e-5,1.6163933628354294,0.004407933189148855,0.004485309353879615,0.0027622228367747558,1.0194086116799108,0.016163933628354294
194,800,0.5,0.1,0.02,0.15,Naive,2000,0.16025661177172315,0.010256611771723153,0.032345116679641246,0.0011508815547689468,124.98974985521892,0.03316302214360225,2.528682991197284,0.9500000000000001,0.9605,0.9985,NA,NA,7.232587963584012e-4,5.115491027234337e-4,3.456645758693028e-5,7.675362900847781,2.6238515021906455e-5,1.6235540999619655,0.0048733971724044785,0.004355441998236229,8.653756409790912e-4,1.0252868299119728,0.016235540999619654
195,800,0.65,0.1,0.02,0.15,CCA,2000,0.15030772761063066,3.077276106306562e-4,0.04414524509381829,0.001947922959343436,0,0.043365059028918476,-1.7673161928124959,0.9445,0.9430000000000001,0.9315,NA,NA,9.871176891316678e-4,6.981721766817038e-4,6.353947012741214e-5,0,4.4770601111207346e-5,1.5568902264239306,0.005119558086397692,0.005184158562389848,0.0056483515294287415,0.982326838071875,0.015568902264239307
195,800,0.65,0.1,0.02,0.15,AIPW,2000,0.15037680500173103,3.768050017310343e-4,0.036851439591671344,0.0013574915676879426,43.50232862724648,0.0358288486566164,-2.7749009167231,0.9455,0.9455,0.9845,NA,NA,8.240232399570423e-4,5.828181435824515e-4,4.420219006588521e-5,3.5332421699261096,4.1944452577424176e-5,1.5418551278861163,0.005075911248239078,0.005075911248239078,0.0027622228367747558,0.972250990832769,0.015418551278861164
195,800,0.65,0.1,0.02,0.15,FCS-MI,2000,0.15071819613951482,7.181961395148186e-4,0.036650309558271935,0.001343089373816615,45.0816781523574,0.036197668641340566,-1.2350261768231285,0.9480000000000001,0.9475,0.986,NA,NA,8.195258356870635e-4,5.796372031908849e-4,4.390071582651502e-5,3.5378357012056334,3.290444420987067e-5,1.5645799075594906,0.004964675215963273,0.004987171041783106,0.0026271657732240663,0.9876497382317687,0.015645799075594907
195,800,0.65,0.1,0.02,0.15,IPW,2000,0.1506532684387985,6.532684387985074e-4,0.04435405632574565,0.0019667254310442744,-0.9393490723860864,0.042879376379274255,-3.324791616895262,0.936,0.936,0.9400000000000001,NA,NA,9.917868502222183e-4,7.014745978598054e-4,6.430749820446391e-5,0.5352811062998449,6.178898403050453e-5,1.5352848895328854,0.00547284204047586,0.00547284204047586,0.005310367218940699,0.9667520838310474,0.015352848895328855
195,800,0.65,0.1,0.02,0.15,JM-MI,2000,0.1504512004019994,4.51200401999406e-4,0.03666225778708739,0.0013436526672765913,44.98712933167124,0.03617097788746733,-1.3400153980508422,0.9495,0.9510000000000001,0.9855,NA,NA,8.197930062054842e-4,5.798261685234332e-4,4.350644076813764e-5,3.5168049176940195,3.261020983199827e-5,1.5628746444421122,0.0048964145045124596,0.004826955562256604,0.00267298989897081,0.9865998460194916,0.015628746444421124
195,800,0.65,0.1,0.02,0.15,Naive,2000,0.15993588759092026,0.00993588759092027,0.033652989383504174,0.0012306792948184248,72.07610524618373,0.03314277162980609,-1.5161142087073531,0.9345,0.9440000000000001,0.998,NA,NA,7.525037190759408e-4,5.322335576525656e-4,4.084520296409376e-5,5.168435624875948,2.5723695463741335e-5,1.5594308928565008,0.005532167296819575,0.005141206084179078,9.989994994993746e-4,0.9848388579129265,0.015594308928565009
196,1500,0.25,0.1,0.02,0.15,CCA,2000,0.1494180893754861,-5.819106245138943e-4,0.04995039945284978,0.0024941335042714284,4.440892098500626e-14,0.051371724686948485,2.84547320875852,0.9540000000000001,0.9540000000000001,0.835,NA,NA,0.001116924886798404,7.899826818947746e-4,7.601520806315999e-5,0,6.873344250007722e-5,1.6323465756056352,0.004684228858627636,0.004684228858627636,0.008299849396224006,1.0284547320875852,0.016323465756056352
196,1500,0.25,0.1,0.02,0.15,AIPW,2000,0.14884159752977255,-0.0011584024702274481,0.03125247414010538,9.775706775910459e-4,155.45189120066237,0.0307948304647026,-1.4643438255517172,0.9465,0.9460000000000001,0.9965,NA,NA,6.988265664232993e-4,4.94268586587629e-4,3.117894802184037e-5,8.97928824021803,4.658821115490015e-5,1.5654887917363947,0.005031786462082825,0.005053909377897468,0.0013205585939290896,0.9853565617444828,0.015654887917363948
196,1500,0.25,0.1,0.02,0.15,FCS-MI,2000,0.14989019034200068,-1.0980965799930075e-4,0.030277237824993232,9.162648329070353e-4,172.17324225705107,0.031034938777091247,2.5025431859987846,0.9555,0.9555,0.9975,NA,NA,6.770196194761276e-4,4.7884489011808023e-4,2.8842498585393345e-5,9.370995887972947,5.504006060990843e-5,1.6312735302867853,0.004610843198374891,0.004610843198374891,0.001116635571706353,1.0250254318599878,0.016312735302867854
196,1500,0.25,0.1,0.02,0.15,IPW,2000,0.14977691134884388,-2.2308865115611053e-4,0.05142010762336969,0.0026427552228111967,-5.634777410706004,0.05091911939332691,-0.9743041257562202,0.9465,0.9470000000000001,0.8265,NA,NA,0.001149788560562098,8.132266201789107e-4,8.129229043316014e-5,0.9381004242502539,9.748907433482967e-5,1.577559539643611,0.005031786462082825,0.005009540897128196,0.008467518821945422,0.9902569587424378,0.01577559539643611
196,1500,0.25,0.1,0.02,0.15,JM-MI,2000,0.1493153869273382,-6.846130726617845e-4,0.030529873754406675,9.320758499235391e-4,167.68739068559572,0.031084603404187533,1.8170060388827736,0.9590000000000001,0.9580000000000001,0.997,NA,NA,6.826687305934005e-4,4.8284041390261775e-4,2.9025487027041157e-5,9.209478545334107,5.6018707050493184e-5,1.6206912336309989,0.004433903472111224,0.004485309353879615,0.0012229063741758816,1.0181700603888277,0.016206912336309987
196,1500,0.25,0.1,0.02,0.15,Naive,2000,0.1585314980225729,0.008531498022572918,0.024603010790871554,6.777919444149198e-4,312.1937639231558,0.024142227366813918,-1.8728741290013118,0.934,0.9470000000000001,1,NA,NA,5.501400457954966e-4,3.89105045408199e-4,2.1201443786653587e-5,16.240573263514126,1.3530152521596314e-5,1.5528881976821818,0.005551756478809205,0.005009540897128196,0,0.9812712587099869,0.015528881976821817
197,1500,0.5,0.1,0.02,0.15,CCA,2000,0.15028531359715627,2.853135971562783e-4,0.03484322715316643,0.001213524857056653,0,0.03589147737331944,3.008476268702198,0.9565,0.9560000000000001,0.9875,NA,NA,7.791182446994662e-4,5.510575757919561e-4,3.678668657224503e-5,0,3.057574249795852e-5,1.6314760259973924,0.004561126505590477,0.004586065852122053,0.0024843258642939696,1.030084762687022,0.016314760259973925
197,1500,0.5,0.1,0.02,0.15,AIPW,2000,0.15037259918838866,3.725991883886561e-4,0.02587920511573778,6.695372209489051e-4,81.27373323517104,0.02682202303169057,3.6431486660285506,0.9570000000000001,0.9570000000000001,1,NA,NA,5.786766184244998e-4,4.0928849591950804e-4,2.11269510130106e-5,5.47247996156684,2.4572205233342864e-5,1.6418996330297313,0.004536022486716746,0.004536022486716746,0,1.0364314866602855,0.016418996330297312
197,1500,0.5,0.1,0.02,0.15,FCS-MI,2000,0.15083870252737192,8.387025273719212e-4,0.02584958604023508,6.685704198317106e-4,81.68938681193201,0.026989919372128492,4.411418156246194,0.9570000000000001,0.9585,1,NA,NA,5.780143157619525e-4,4.0882006009202376e-4,2.0847505450328292e-5,5.425285419697724,2.2962349459694653e-5,1.6536899166542196,0.004536022486716746,0.004459694496263168,0,1.044114181562462,0.016536899166542197
197,1500,0.5,0.1,0.02,0.15,IPW,2000,0.1506752945002928,6.752945002928077e-4,0.03506958155925748,0.0012297166356281676,-1.286721431669935,0.035723416004294704,1.8643919201956516,0.9505,0.9510000000000001,0.986,NA,NA,7.841796830897281e-4,5.546374482802893e-4,3.806998148235262e-5,0.6602323255381792,4.434678585553125e-5,1.6159755005664609,0.004850244839180801,0.004826955562256604,0.0026271657732240663,1.0186439192019565,0.01615975500566461
197,1500,0.5,0.1,0.02,0.15,JM-MI,2000,0.15046588916954162,4.6588916954162855e-4,0.025916094716785028,6.715251961049844e-4,80.75804161799967,0.026991036417876885,4.147776556765126,0.9605,0.9605,1,NA,NA,5.795014949805449e-4,4.0987191759958574e-4,2.0949039381212147e-5,5.395376216110047,2.272785563879522e-5,1.6494657544173081,0.004355441998236229,0.004355441998236229,0,1.0414777655676513,0.01649465754417308
197,1500,0.5,0.1,0.02,0.15,Naive,2000,0.15977506503329122,0.009775065033291232,0.02350914002445134,6.479552212619885e-4,119.66621101026851,0.02412048279271745,2.600447177694565,0.935,0.9565,1,NA,NA,5.256803518723427e-4,3.718051044433899e-4,1.9557636239469136e-5,7.587933273899831,1.3877241092316664e-5,1.6237345513707144,0.005512485827646179,0.004561126505590477,0,1.0260044717769456,0.016237345513707143
198,1500,0.65,0.1,0.02,0.15,CCA,2000,0.14950121228298316,-4.987877170168363e-4,0.03107003192013593,9.651129992631535e-4,4.440892098500626e-14,0.03144942647999885,1.2210948506204744,0.9480000000000001,0.9485,0.9985,NA,NA,6.947470343651226e-4,4.913832003684788e-4,3.078338661759326e-5,6.665668500104317e-8,2.3368357974780885e-5,1.6026121469012988,0.004964675215963273,0.004942051699446293,8.653756409790912e-4,1.0122109485062047,0.01602612146901299
198,1500,0.65,0.1,0.02,0.15,AIPW,2000,0.15066829748032254,6.682974803225445e-4,0.025981626953665866,6.751540382120824e-4,43.00483234794466,0.026063147612730733,0.313762718594357,0.9485,0.9480000000000001,1,NA,NA,5.809668403443766e-4,4.109083323792224e-4,2.2254929193848672e-5,3.6237145294519073,2.2772576515567312e-5,1.5889158379956525,0.004942051699446293,0.004964675215963273,0,1.0031376271859436,0.015889158379956525
198,1500,0.65,0.1,0.02,0.15,FCS-MI,2000,0.15086604453572672,8.660445357267336e-4,0.025892364418698466,6.708293610609493e-4,43.99253489390673,0.026211909445743507,1.2341284166936806,0.9530000000000001,0.9510000000000001,1,NA,NA,5.78970869384066e-4,4.0949661480461447e-4,2.2177805275914118e-5,3.6403424268472673,1.799278171397729e-5,1.6025597739181023,0.004732388403332927,0.004826955562256604,0,1.0123412841669368,0.016025597739181024
198,1500,0.65,0.1,0.02,0.15,IPW,2000,0.14989118567867427,-1.0881432132572497e-4,0.03125620167742666,9.764735087848451e-4,-1.1877023470726389,0.03134197539315843,0.274421430399574,0.9445,0.9445,0.9975,NA,NA,6.989099166916898e-4,4.943275388675344e-4,3.1137691219291206e-5,0.499990344049313,3.33941491501189e-5,1.5894691562004588,0.005119558086397692,0.005119558086397692,0.001116635571706353,1.0027442143039957,0.015894691562004588
198,1500,0.65,0.1,0.02,0.15,JM-MI,2000,0.15069979990104898,6.997999010489825e-4,0.02599597104285534,6.759423351072511e-4,42.84706111954413,0.026198203612794173,0.777938125894373,0.9535,0.9545,1,NA,NA,5.812875839294064e-4,4.1113518906448144e-4,2.2294809632836208e-5,3.6008511898286755,1.8000414955333963e-5,1.5953410195406468,0.004708383480558906,0.004659922209651143,0,1.0077793812589437,0.015953410195406467
198,1500,0.65,0.1,0.02,0.15,Naive,2000,0.16001286098185497,0.010012860981854967,0.02396061706350979,6.740814995210783e-4,68.14633364656343,0.024142181771017363,0.7577630702344518,0.93,0.9515,1,NA,NA,5.357756853684929e-4,3.7894536850606214e-4,2.138525117457644e-5,5.093429998099745,1.3752225434889267e-5,1.5945518352989714,0.005705260730238364,0.004803527349771207,0,1.0075776307023445,0.015945518352989713
199,500,0.25,0.1,0.05,0.15,CCA,2000,0.15117869564414188,0.0011786956441418855,0.09168728237899176,0.008403743794591469,0,0.09172631845527152,0.042575235372765974,0.9470000000000001,0.9480000000000001,0.384,NA,NA,0.002050189960716442,0.0014500657857154946,2.856349525117656e-4,9.426678795130648e-8,2.2158427956910773e-4,1.6005584040769048,0.005009540897128196,0.004964675215963273,0.010875293099498515,1.0004257523537277,0.016005584040769048
199,500,0.25,0.1,0.05,0.15,AIPW,2000,0.14893469394696354,-0.0010653060530364457,0.059009867250341345,0.0034815582276730927,141.4175985088918,0.05842949624968498,-0.98351517754518,0.9465,0.9480000000000001,0.722,NA,NA,0.0013195007451500184,9.332612691652799e-4,1.1352743642156281e-4,8.116190464236817,1.6469142729749422e-4,1.5906552696859404,0.005031786462082825,0.004964675215963273,0.010017884008112692,0.9901648482245482,0.015906552696859404
199,500,0.25,0.1,0.05,0.15,FCS-MI,2000,0.15125706653870072,0.0012570665387007303,0.055208358226546364,0.0030480190529443563,175.80906499923253,0.05882657481922347,6.553747854319147,0.9665,0.9665,0.7435,NA,NA,0.0012344964192071743,8.731391014396841e-4,1.016091858856207e-4,8.511214517955876,1.5894119955525221e-4,1.709598726875947,0.004023540107914917,0.004023540107914917,0.009764930875331377,1.0655374785431915,0.01709598726875947
199,500,0.25,0.1,0.05,0.15,IPW,2000,0.1516869730471204,0.0016869730471204083,0.09519492037171144,0.009060387706205908,-7.23361116521043,0.08485217555479087,-10.86480746717875,0.912,0.9125,0.4505,NA,NA,0.0021286231306382637,0.0015055402823953526,3.0251486800090383e-4,1.083190584648137,2.8618827092482656e-4,1.4414038485599547,0.0063346665263453285,0.006318375978050056,0.011125415722569651,0.8913519253282125,0.014414038485599547
199,500,0.25,0.1,0.05,0.15,JM-MI,2000,0.14990782333141645,-9.217666858353645e-5,0.05566218915591007,0.0030967386585157297,171.3298877098289,0.05897689890079171,5.9550473941963,0.963,0.963,0.7435,NA,NA,0.0012446443872906655,8.803165930840493e-4,1.0510326964103675e-4,8.322677431042743,1.616782951597169e-4,1.700703096723104,0.004220841148396847,0.004220841148396847,0.009764930875331377,1.059550473941963,0.01700703096723104
199,500,0.25,0.1,0.05,0.15,Naive,2000,0.16447264006919365,0.014472640069193674,0.04148106411059618,0.0019292756509799473,388.56058071685544,0.04181906279835373,0.8148264636036684,0.936,0.9520000000000001,0.976,NA,NA,9.275447913031993e-4,6.560372416014442e-4,6.345223352561774e-5,19.742256374015515,4.343290725920282e-5,1.5978553173725227,0.00547284204047586,0.004779958158812687,0.0034222799417931915,1.0081482646360367,0.015978553173725228
200,500,0.5,0.1,0.05,0.15,CCA,2000,0.14860899455623747,-0.0013910054437625242,0.06345467392059338,0.0040264172906922255,0,0.06240364101451612,-1.6563522292975863,0.936,0.9365,0.661,NA,NA,0.0014188896437652989,0.0010035574095832152,1.3148947279114178e-4,0,9.642639478312436e-5,1.5627443702389914,0.00547284204047586,0.005452877680637995,0.010584871279330704,0.9834364777070241,0.015627443702389915
200,500,0.5,0.1,0.05,0.15,AIPW,2000,0.14954382115495385,-4.561788450461512e-4,0.04817973900275744,0.0023203347058873072,73.45960271484695,0.04697934433932632,-2.491492665334727,0.9395,0.9390000000000001,0.8915000000000001,NA,NA,0.0010773317154836356,7.619790801936645e-4,7.538644035926514e-5,5.019087248236188,7.799278329452396e-5,1.5506034566206397,0.005331029450303197,0.005351588549206672,0.0069544140659008775,0.9750850733466527,0.015506034566206396
200,500,0.5,0.1,0.05,0.15,FCS-MI,2000,0.15048923734904718,4.892373490471738e-4,0.04745446342670772,0.0022510394892508853,78.80229923833299,0.04775675634222895,0.637016823481984,0.9505,0.9510000000000001,0.89,NA,NA,0.0010611140605789608,7.505085984566491e-4,7.323112360164158e-5,4.998411136569967,6.78454231875196e-5,1.5980172666955241,0.004850244839180801,0.004826955562256604,0.006996427659884721,1.0063701682348198,0.015980172666955242
200,500,0.5,0.1,0.05,0.15,IPW,2000,0.14896483508154673,-0.0010351649184532708,0.06464331832639798,0.004177740791354293,-3.6437367242128094,0.06062006177492348,-6.223777887082182,0.9235,0.924,0.681,NA,NA,0.0014454685406898383,0.0010223562281272613,1.372196395284915e-4,0.767502969370915,1.335415614919487e-4,1.4974214314944894,0.005943389184631948,0.005925537950262405,0.010422067932996791,0.9377622211291782,0.014974214314944894
200,500,0.5,0.1,0.05,0.15,JM-MI,2000,0.14981460215167472,-1.8539784832528148e-4,0.047638383506926125,0.0022683152477235586,77.42434097393019,0.047749919740773916,0.23413102132563424,0.9470000000000001,0.9470000000000001,0.887,NA,NA,0.0010652266385969165,7.534173575419971e-4,7.355736725482181e-5,4.9561635726851545,6.856034267101204e-5,1.591756644527384,0.005009540897128196,0.005009540897128196,0.007079230184137255,1.0023413102132563,0.01591756644527384
200,500,0.5,0.1,0.05,0.15,Naive,2000,0.16381453664471804,0.01381453664471805,0.04271117462420506,0.0020141737382687068,120.72127829921229,0.04183126697713319,-2.0601345076873834,0.936,0.9480000000000001,0.9715,NA,NA,9.550508985858655e-4,6.754918608479828e-4,6.311267046162603e-5,7.637827027769524,4.221908854323288e-5,1.55210336077966,0.00547284204047586,0.004964675215963273,0.003720735814324901,0.9793986549231262,0.0155210336077966
201,500,0.65,0.1,0.05,0.15,CCA,2000,0.14939608375952562,-6.03916240474384e-4,0.05390223085807745,0.0029043624810572467,0,0.054203677727923935,0.5592474839124506,0.9515,0.9515,0.7835,NA,NA,0.00120529052337548,8.524822495878143e-4,9.350975912000941e-5,0,7.251969360249736e-5,1.5960595365582346,0.004803527349771207,0.004803527349771207,0.009209444880121712,1.0055924748391245,0.015960595365582347
201,500,0.65,0.1,0.05,0.15,AIPW,2000,0.14863631763098145,-0.0013636823690185468,0.046107681629141015,0.002126714975665193,36.66802173683228,0.04474266659219117,-2.960493758782101,0.9420000000000001,0.9435,0.9025,NA,NA,0.0010309991040767757,7.29208782879136e-4,6.706806070504927e-5,3.279114940811948,6.954206042627021e-5,1.5421064792828343,0.005226662414964255,0.005162739098579358,0.006633014020790248,0.970395062412179,0.015421064792828343
201,500,0.65,0.1,0.05,0.15,FCS-MI,2000,0.14929071338630195,-7.092866136980464e-4,0.04576376269168308,0.002093777902213205,38.72988610098591,0.04552847326487265,-0.514139163765015,0.9525,0.9520000000000001,0.9015,NA,NA,0.0010233088428477212,7.23769587046e-4,6.57544174181878e-5,3.263006527809068,5.449221925603288e-5,1.577902173800173,0.00475624589355933,0.004779958158812687,0.0066632480818291625,0.99485860836234985,0.01577902173800173
201,500,0.65,0.1,0.05,0.15,IPW,2000,0.14950703717044395,-4.929628295560586e-4,0.05431766563523156,0.00294917660801211,-1.523799297995998,0.05294783129947829,-2.521894709084793,0.9415,0.9415,0.7955,NA,NA,0.0012145799273948208,8.590524929292785e-4,9.544197188360541e-5,0.6100385874961582,9.952604501055442e-5,1.552500139541679,0.0052477495176503994,0.0052477495176503994,0.009018862178789517,0.9747810529091521,0.015525001395416791
201,500,0.65,0.1,0.05,0.15,JM-MI,2000,0.14888822692108644,-0.001111773078913543,0.04578065227568008,0.0020960562281043356,38.62754339783074,0.04549410751148706,-0.6259079981375426,0.9550000000000001,0.9550000000000001,0.8985,NA,NA,0.001023686505427011,7.240367016038052e-4,6.516456386400299e-5,3.244576731145255,5.437906310974702e-5,1.5761175923321722,0.00463546114210873,0.00463546114210873,0.006752693906878944,0.9937409200186246,0.015761175923321723
201,500,0.65,0.1,0.05,0.15,Naive,2000,0.16379977741741653,0.013799777417416535,0.041928192406731665,0.0019475281886069027,65.27272973422183,0.04176522166984972,-0.3886901092730599,0.9395,0.9565,0.9725,NA,NA,9.375428839514253e-4,6.631087288047762e-4,6.0759292718294576e-5,5.047939690079577,4.260444526881104e-5,1.5786606236636476,0.005331029450303197,0.004561126505590477,0.003656757443418962,0.9961130989072694,0.015786606236636476
202,800,0.25,0.1,0.05,0.15,CCA,2000,0.14834952992901443,-0.0016504700709855697,0.07040266774758276,0.004956781409618762,4.440892098500626e-14,0.07025753098609924,-0.2061523605950355,0.9510000000000001,0.9515,0.5775,NA,NA,0.0015742515088092708,0.0011134423125541016,1.6313702119619594e-4,0,1.2732459996690908e-4,1.588601872719991,0.004826955562256604,0.004803527349771207,0.01104521955417818,0.9979384763940496,0.01588601872719991
202,800,0.25,0.1,0.05,0.15,AIPW,2000,0.1484258662116077,-0.0015741337883923077,0.04586446761051561,0.0021049755116851958,135.62725227340113,0.0441837082947134,-3.6646218813119913,0.9465,0.9455,0.9055,NA,NA,0.0010255606732895025,7.253622698419487e-4,6.762271097920076e-5,7.964837479855249,9.098985994081832e-5,1.5364390440859816,0.005031786462082825,0.005075911248239078,0.006541014829519959,0.9633537811868801,0.015364390440859816
202,800,0.25,0.1,0.05,0.15,FCS-MI,2000,0.15019347429119034,1.9347429119034092e-4,0.04404133677128506,0.0019387069572307963,155.53903305638647,0.04437867123862456,0.7659496556413403,0.961,0.9605,0.9195,NA,NA,9.84794228405545e-4,6.965288309586436e-4,6.199872833205585e-5,8.261652914711986,9.749606768068762e-5,1.6089501099138883,0.004328914413568374,0.004355441998236229,0.006083574196144895,1.0076594965564134,0.016089501099138884
202,800,0.25,0.1,0.05,0.15,IPW,2000,0.14867542055552352,-0.0013245794444764775,0.07252763372126997,0.005259382035084824,-5.773900201352566,0.06779536855871297,-6.524775343896517,0.928,0.931,0.607,NA,NA,0.001621767192479657,0.0011470493775068682,1.7432080736037454e-4,1.0123551832279907,1.7642792811677568e-4,1.4982225162856673,0.0057799653978203,0.0056674068144081545,0.010921332336304029,0.9347522465610348,0.014982225162856673
202,800,0.25,0.1,0.05,0.15,JM-MI,2000,0.14929260045566578,-7.07399544334219e-4,0.04394313557864884,0.001930534079016596,156.68243244953769,0.044585530745513725,1.4618783079672015,0.9565,0.9570000000000001,0.915,NA,NA,9.825983829834836e-4,6.949757454503434e-4,6.144310467107803e-5,8.278123804655477,1.035055378408162e-4,1.6218497921568968,0.004561126505590477,0.004536022486716746,0.006235984284778145,1.014618783079672,0.01621849792156897
202,800,0.25,0.1,0.05,0.15,Naive,2000,0.1633005264791009,0.013300526479100893,0.033225846037791176,0.0012803088711258043,348.9791108006827,0.03297019748016749,-0.7694267809852384,0.9275,0.9505,0.998,NA,NA,7.429525035044312e-4,5.254781392876258e-4,3.906090737743356e-5,17.912103600653257,2.653870189419848e-5,1.5713968060977106,0.005798437289477226,0.004850244839180801,9.989994994993746e-4,0.9923057321901476,0.015713968060977107
203,800,0.5,0.1,0.05,0.15,CCA,2000,0.15029700274014443,2.9700274014442555e-4,0.048899333279827754,0.0023900374334417177,0,0.04859544858397183,-0.6214495688866339,0.9470000000000001,0.9470000000000001,0.8605,NA,NA,0.001093422332681126,7.733597102407323e-4,7.564299448573145e-5,0,5.848819528479667e-5,1.5762504901601861,0.005009540897128196,0.005009540897128196,0.00774724951192357,0.9937855043111337,0.015762504901601863
203,800,0.5,0.1,0.05,0.15,AIPW,2000,0.1503526892408381,3.52689240838118e-4,0.036582566596698146,0.0013377394264130573,78.67242496675293,0.03665427208020852,0.19600998557833815,0.9475,0.9475,0.983,NA,NA,8.180110570163019e-4,5.785658250427668e-4,4.332564006968873e-5,5.044263682079404,4.648642594111004e-5,1.5897210723587938,0.004987171041783106,0.004987171041783106,0.0028905881754411173,1.0019600998557834,0.015897210723587938
203,800,0.5,0.1,0.05,0.15,FCS-MI,2000,0.15118125039531527,0.0011812503953152651,0.0363822265263912,0.0013243999263105675,80.64557523969845,0.03711799308344784,2.0223241601855513,0.9540000000000001,0.9515,0.979,NA,NA,8.135313168580678e-4,5.753973781881733e-4,4.250137788969966e-5,5.0025391740088425,4.245190177321005e-5,1.617731534480493,0.004684228858627636,0.004803527349771207,0.00320616593457045,1.0202232416018555,0.01617731534480493
203,800,0.5,0.1,0.05,0.15,IPW,2000,0.15088486111381946,8.848611138194642e-4,0.04947522903172463,0.002447357367788487,-2.3144673649644454,0.047903268689002146,-3.1772674396605805,0.9400000000000001,0.9390000000000001,0.8705,NA,NA,0.0011062997531730739,7.824676988766339e-4,7.822480046224761e-5,0.6939656116288768,8.391468469008777e-5,1.5406492726553873,0.005310367218940699,0.005351588549206672,0.007507654427316162,0.9682273256033942,0.015406492726553873
203,800,0.5,0.1,0.05,0.15,JM-MI,2000,0.15066061999401578,6.606199940157784e-4,0.03657161488035945,0.0013372506922263434,78.77945128805675,0.03706980459511481,1.362230561557487,0.9500000000000001,0.9510000000000001,0.9805,NA,NA,8.177661691942657e-4,5.783926198964744e-4,4.2756976093899936e-5,4.949496244946491,4.260750351654681e-5,1.6073063267331205,0.0048733971724044785,0.004826955562256604,0.003091904752737377,1.0136223056155749,0.016073063267331204
203,800,0.5,0.1,0.05,0.15,Naive,2000,0.16535889948400725,0.015358899484007257,0.031813731502044,0.0012475032486879434,136.25263042757112,0.03292769758306915,3.5015260028631756,0.934,0.9570000000000001,0.999,NA,NA,7.113766625649688e-4,5.031450640707769e-4,3.8648456864785044e-5,8.127605256493165,2.5741555304745047e-5,1.6389106692350195,0.005551756478809205,0.004536022486716746,7.067531393633852e-4,1.0350152600286318,0.016389106692350195
204,800,0.65,0.1,0.05,0.15,CCA,2000,0.1470271800563883,-0.002972819943611704,0.043032652595508744,0.0018597209432281785,4.440892098500626e-14,0.04246709162721376,-1.3142600657483294,0.9420000000000001,0.9425,0.926,NA,NA,9.622393645569033e-4,6.80576145112422e-4,5.963199557226308e-5,6.665668500104317e-8,4.404750114864695e-5,1.5641016626443336,0.005226662414964255,0.005205465877325487,0.005853375094763702,0.9868573993425167,0.015641016626443335
204,800,0.65,0.1,0.05,0.15,AIPW,2000,0.1478738204039363,-0.00212617959606371,0.036219661331195724,0.0013157285746877594,41.15863970824991,0.03518555110410132,-2.8551073894325207,0.9435,0.9425,0.982,NA,NA,8.098962485857417e-4,5.728263539263055e-4,4.379791217768334e-5,3.4227309249201308,4.23466151243807e-5,1.540821905895318,0.005162739098579358,0.005205465877325487,0.002972877394041,0.9714489261056748,0.015408219058953182
204,800,0.65,0.1,0.05,0.15,FCS-MI,2000,0.14841921699856345,-0.001580783001436558,0.036098337076929506,0.0013049372696473948,42.10908494959191,0.03563237533386137,-1.2908122113080123,0.9480000000000001,0.9475,0.9845,NA,NA,8.071833557871545e-4,5.709075692756525e-4,4.322901161433415e-5,3.4033462858731425,3.291329751047724e-5,1.5637799362362264,0.004964675215963273,0.004987171041783106,0.0027622228367747558,0.9870918778869199,0.015637799362362263
204,800,0.65,0.1,0.05,0.15,IPW,2000,0.14728695514867338,-0.002713044851326617,0.043424164312908776,0.0018920758296166731,-1.7950686730093701,0.04190093291079692,-3.507796698482568,0.9335,0.9335,0.93,NA,NA,9.709938326978448e-4,6.86768037067097e-4,6.039565331053129e-5,0.5181561114920132,6.322534468735081e-5,1.532987263449631,0.005571254347092763,0.005571254347092763,0.005705260730238364,0.9649220330151743,0.015329872634496311
204,800,0.65,0.1,0.05,0.15,JM-MI,2000,0.1479616628668538,-0.0020383371331461823,0.0361119923423357,0.0013075787712058084,42.001631981660495,0.03560740688395531,-1.3972794787864284,0.9480000000000001,0.9480000000000001,0.9835,NA,NA,8.074886968041449e-4,5.711235319767667e-4,4.344753044514825e-5,3.401705153708267,3.277938736276463e-5,1.5620753835428232,0.004964675215963273,0.004964675215963273,0.002848486440199423,0.9860272052121357,0.015620753835428231
204,800,0.65,0.1,0.05,0.15,Naive,2000,0.16284086131320477,0.012840861313204764,0.03316155061779299,0.001264026314421717,68.39398534150025,0.03296179292646248,-0.6023774148345429,0.9295,0.9495,0.998,NA,NA,7.415148142068527e-4,5.244612851907599e-4,4.035169059717019e-5,5.149843048636898,2.5967188941095405e-5,1.5739565235389255,0.005724061058374553,0.0048964145045124596,9.989994994993746e-4,0.9939762258516546,0.015739565235389254
205,1500,0.25,0.1,0.05,0.15,CCA,2000,0.15124541700429767,0.001245417004297673,0.04948436513493044,0.002449029105125309,0,0.05031726093841639,1.6831494174268435,0.9605,0.961,0.858,NA,NA,0.00110650404265125,7.826121894791445e-4,7.805699595224819e-5,0,6.489943592047072e-5,1.6134929460840692,0.004355441998236229,0.004328914413568374,0.00780499839846236,1.0168314941742684,0.01613492946084069
205,1500,0.25,0.1,0.05,0.15,AIPW,2000,0.14951800476562,-4.81995234379996e-4,0.031091161517283625,9.664093137375364e-4,153.31570260622388,0.031000487712606578,-0.29163852442966043,0.9495,0.9495,0.9965,NA,NA,6.952195065207169e-4,4.917173721870215e-4,3.084256750403838e-5,9.114206842088393,4.600254055630198e-5,1.5838481288162802,0.0048964145045124596,0.0048964145045124596,0.0013205585939290896,0.9970836147557034,0.0158384812881628
205,1500,0.25,0.1,0.05,0.15,FCS-MI,2000,0.15087020723797842,8.702072379784361e-4,0.030273333726893063,9.167737582094013e-4,167.18711377983118,0.03111269588255389,2.772612237664429,0.9580000000000001,0.9580000000000001,0.9965,NA,NA,6.769323211886994e-4,4.787831454689616e-4,2.9381080138116838e-5,9.397624108847888,5.6254859042150884e-5,1.6359717700072607,0.004485309353879615,0.004485309353879615,0.0013205585939290896,1.0277261223766443,0.016359717700072607
205,1500,0.25,0.1,0.05,0.15,IPW,2000,0.15157078997786563,0.0015707899778656521,0.051151781599139766,0.0026176638895402736,-6.413226166263253,0.04982882863662192,-2.586328219973655,0.9520000000000001,0.9515,0.8505,NA,NA,0.0011437886082589941,8.0898295216894e-4,8.183735582626035e-5,0.9336112214644903,9.332301608269675e-5,1.551395566608335,0.004779958158812687,0.004803527349771207,0.007973385416496557,0.9741367178002635,0.01551395566608335
205,1500,0.25,0.1,0.05,0.15,JM-MI,2000,0.14991778475417447,-8.221524582552079e-5,0.030284676500494614,9.167098092708872e-4,166.987007604369,0.031171002632225286,2.9266488341594066,0.9605,0.9605,0.997,NA,NA,6.771859533169641e-4,4.7896253531985435e-4,2.9595203255689847e-5,9.42683730665955,5.708646030549623e-5,1.6386978722639007,0.004355441998236229,0.004355441998236229,0.0012229063741758816,1.029266488341594,0.016386978722639008
205,1500,0.25,0.1,0.05,0.15,Naive,2000,0.16505882372484465,0.015058823724844657,0.024013889940333343,8.031467485873541e-4,324.6302935129366,0.02400900670150286,-0.020335059595166793,0.9105,0.9480000000000001,1,NA,NA,5.369669031078373e-4,3.7978789730595786e-4,2.4085205861799518e-5,16.967066781259714,1.4077842861577786e-5,1.5822990271199358,0.006383171233799076,0.004964675215963273,0,0.9997966494040483,0.015822990271199357
206,1500,0.5,0.1,0.05,0.15,CCA,2000,0.15032063796200565,3.20637962005661e-4,0.03445512685949691,0.0011866649977232521,0,0.03522556811192104,2.2360714432017037,0.9575,0.9570000000000001,0.988,NA,NA,7.704400583121394e-4,5.449196366724381e-4,3.758988629605453e-5,9.426678795130648e-8,3.114100497620963e-5,1.619422595505848,0.004510751046111944,0.004536022486716746,0.0024347484469653133,1.022360714432017,0.01619422595505848
206,1500,0.5,0.1,0.05,0.15,AIPW,2000,0.15086182521013042,8.618252101304114e-4,0.02681769003817746,7.19571647427087e-4,65.06879192054878,0.02664786814133756,-0.6332458037889954,0.9445,0.9450000000000001,1,NA,NA,5.996617792488373e-4,4.241309565217808e-4,2.3030030767780364e-5,4.844962081176019,2.5798548901005143e-5,1.5744609194349903,0.005119558086397692,0.005097793640389926,0,0.99366754196211,0.015744609194349904
206,1500,0.5,0.1,0.05,0.15,FCS-MI,2000,0.1514029926839516,0.0014029926839515961,0.026775064652187795,7.185140235564937e-4,65.59478293093888,0.026801813211135176,0.09990100601007246,0.9500000000000001,0.9490000000000001,1,NA,NA,5.987086466424367e-4,4.2345682143758186e-4,2.2961596716280875e-5,4.79918129477177,2.426800699138373e-5,1.5857066762478589,0.0048733971724044785,0.004919298730510272,0,1.0009990100601007,0.01585706676247859
206,1500,0.5,0.1,0.05,0.15,IPW,2000,0.1509533566876147,9.53356687614717e-4,0.034734246641436976,0.0012067735447771218,-1.6007158589344317,0.03510228045530958,1.059570451237457,0.9475,0.9470000000000001,0.989,NA,NA,7.766813663749684e-4,5.493340116588691e-4,3.84541598748844e-5,0.6778791340387935,4.469508958137964e-5,1.6034632237271775,0.004987171041783106,0.005009540897128196,0.0023322735688593665,1.0105957045123746,0.016034632237271775
206,1500,0.5,0.1,0.05,0.15,JM-MI,2000,0.1510225244798044,0.001022524479804413,0.026691489599517167,7.131249555444119e-4,66.63341058585561,0.026809665462595483,0.44274735075278127,0.9480000000000001,0.9455,1,NA,NA,5.968398516524903e-4,4.2213505334420435e-4,2.287641279514846e-5,4.823518408192903,2.4010995640605655e-5,1.5910815343485136,0.004964675215963273,0.005075911248239078,0,1.0044274735075278,0.015910815343485138
206,1500,0.5,0.1,0.05,0.15,Naive,2000,0.16579091937300977,0.01579091937300977,0.02419329889163266,8.343761880491393e-4,102.82315066320518,0.024014470298396037,-0.739165808010045,0.8945000000000001,0.9480000000000001,1,NA,NA,5.409786092166095e-4,3.8262531134179847e-4,2.5409302691672952e-5,6.901413722314701,1.4152866097359724e-5,1.5709336882897953,0.006869124762296866,0.004964675215963273,0,0.9926083419198996,0.015709336882897953
207,1500,0.65,0.1,0.05,0.15,CCA,2000,0.1494322394991673,-5.67760500832669e-4,0.031162606458284777,9.709448392396008e-4,0,0.030787669208941423,-1.2031639582050224,0.9480000000000001,0.9485,0.9985,NA,NA,6.968170639679872e-4,4.928472984081958e-4,3.128308264685914e-5,0,2.2785696739115983e-5,1.5642157016686404,0.004964675215963273,0.004942051699446293,8.653756409790912e-4,0.9879683604179498,0.015642157016686406
207,1500,0.65,0.1,0.05,0.15,AIPW,2000,0.1496475107567835,-3.524892432164858e-4,0.025871917558824054,6.691456887780864e-4,45.080924027117184,0.025670384289585457,-0.7789653348283077,0.9490000000000001,0.9490000000000001,1,NA,NA,5.7851366369801e-4,4.0917324070997564e-4,2.241591830634378e-5,3.504842525233333,2.1880655074785897e-5,1.571492042139363,0.004919298730510272,0.004919298730510272,0,0.9922103466517169,0.01571492042139363
207,1500,0.65,0.1,0.05,0.15,FCS-MI,2000,0.15003807414207904,3.807414207903689e-5,0.025867209818616583,6.687794371687292e-4,45.13373725716829,0.02583054933062323,-0.1417257147192097,0.9490000000000001,0.9490000000000001,1,NA,NA,5.784083954267669e-4,4.0909878618557746e-4,2.2340409527133192e-5,3.466498579437881,1.8070970678417915e-5,1.5808372189455584,0.004919298730510272,0.004919298730510272,0,0.9985827428528079,0.015808372189455584
207,1500,0.65,0.1,0.05,0.15,IPW,2000,0.14985547261183943,-1.4452738816057574e-4,0.031396663931515835,9.852785189414619e-4,-1.4854128570126468,0.03065703820013463,-2.3557462442332033,0.9455,0.9455,0.9985,NA,NA,7.020507481758522e-4,4.965489975426565e-4,3.193933084522285e-5,0.4769843401099393,3.2069825776411024e-5,1.54765172992923,0.005075911248239078,0.005075911248239078,8.653756409790912e-4,0.976442537557668,0.015476517299292301
207,1500,0.65,0.1,0.05,0.15,JM-MI,2000,0.14976177632309615,-2.3822367690383832e-4,0.02587326935898643,6.691481048092425e-4,45.06576434315246,0.02583887468406146,-0.13293517122923149,0.9505,0.9510000000000001,1,NA,NA,5.785438908685607e-4,4.0919461989271207e-4,2.2331454646030594e-5,3.484710656815519,1.8258332508801397e-5,1.5810075427361978,0.004850244839180801,0.004826955562256604,0,0.9986706482877077,0.01581007542736198
207,1500,0.65,0.1,0.05,0.15,Naive,2000,0.1649359457608642,0.014935945760864208,0.02417848119806041,8.073891293399157e-4,66.1152549479926,0.023996752125676018,-0.7516149211182488,0.905,0.9460000000000001,1,NA,NA,5.406472755156363e-4,3.823909644409544e-4,2.5114489296032365e-5,5.022645152219107,1.3337140194742272e-5,1.570616165486456,0.006556485338960196,0.005053909377897468,0,0.9924838507888175,0.01570616165486456
208,500,0.25,0.1,0.1,0.15,CCA,2000,0.1518010194513648,0.0018010194513647878,0.09013385371886701,0.008123293201485202,0,0.08815609340372002,-2.1942480361660133,0.9425,0.9430000000000001,0.4335,NA,NA,0.0020154542398940884,0.0014254977792030352,2.572930919587963e-4,0,2.087549020859909e-4,1.5640743907047578,0.005205465877325487,0.005184158562389848,0.011081014168387296,0.9780575196383399,0.015640743907047578
208,500,0.25,0.1,0.1,0.15,AIPW,2000,0.14900435030800274,-9.956496919972435e-4,0.06126110406544979,0.0037520377281913845,116.4742485997659,0.058213631325929056,-4.974563854195136,0.934,0.934,0.7175,NA,NA,0.0013698399306703447,9.688653507394095e-4,1.1958982733233081e-4,6.913426806477107,1.481468581025974e-4,1.5221920820496693,0.005551756478809205,0.005551756478809205,0.010067118505312231,0.9502543614580486,0.015221920820496693
208,500,0.25,0.1,0.1,0.15,FCS-MI,2000,0.1525053365813511,0.002505336581351092,0.05686995977767672,0.0032388519403378662,151.19444886216925,0.05885676554317229,3.493594462283145,0.9585,0.9585,0.7505000000000001,NA,NA,0.0012716509594056396,8.994178992867669e-4,1.0326408882489964e-4,7.420702201591656,1.5806386892284604e-4,1.6602170690869404,0.004459694496263168,0.004459694496263168,0.009675994780899791,1.0349359446228314,0.016602170690869403
208,500,0.25,0.1,0.1,0.15,IPW,2000,0.15161530691039582,0.001615306910395815,0.09280256695711418,0.00861061949202752,-5.668682187498941,0.08188430829338099,-11.76503950454164,0.907,0.907,0.47600000000000003,NA,NA,0.0020751284820258314,0.0014677043934494067,2.7764622130307113e-4,1.1091296891397973,2.617173441272078e-4,1.4236777370207165,0.006494266702253611,0.006494266702253611,0.011167452708652947,0.8823496049545836,0.014236777370207166
208,500,0.25,0.1,0.1,0.15,JM-MI,2000,0.1512219087484239,0.0012219087484239047,0.057494485769511335,0.0033054561469430662,145.76695680839896,0.05883711741558798,2.3352355066868613,0.9565,0.9545,0.7335,NA,NA,0.0012856157851202166,9.092949918295044e-4,1.0491407289568793e-4,7.211414759523026,1.5739460794940706e-4,1.6414558095849336,0.004561126505590477,0.004659922209651143,0.009886297335200878,1.0233523550668686,0.016414558095849338
208,500,0.25,0.1,0.1,0.15,Naive,2000,0.17059060599119916,0.020590605991199166,0.04141586331083293,0.002138389151999514,373.63353301651745,0.04154681079047646,0.31617710986908687,0.9245,0.9495,0.9855,NA,NA,9.260868570986195e-4,6.550060686133828e-4,6.893180750680251e-5,19.286976011048125,4.065720645964193e-5,1.589568931712898,0.005907611615534657,0.0048964145045124596,0.00267298989897081,1.0031617710986909,0.01589568931712898
209,500,0.5,0.1,0.1,0.15,CCA,2000,0.1494162912488813,-5.83708751118691e-4,0.05998867584070749,0.003597182624413054,0,0.06025249658936295,0.43978425087429773,0.9495,0.9485,0.712,NA,NA,0.001341387570600213,9.487414623919424e-4,1.1732585279039313e-4,0,9.724518473054699e-5,1.596739658967118,0.0048964145045124596,0.004942051699446293,0.010125611092669913,1.004397842508743,0.015967396589671178
209,500,0.5,0.1,0.1,0.15,AIPW,2000,0.14844710799796537,-0.001552892002034627,0.04588075557429935,0.0021064026837725506,70.9532763761226,0.04619473506155394,0.6843380919177022,0.9470000000000001,0.9455,0.8935000000000001,NA,NA,0.0010259248832318578,7.256198695699476e-4,6.617048920911969e-5,4.848307418443283,7.814919321209021e-5,1.6014413716885152,0.005009540897128196,0.005075911248239078,0.006897744196474669,1.006843380919177,0.016014413716885154
209,500,0.5,0.1,0.1,0.15,FCS-MI,2000,0.15010987772107726,1.0987772107727423e-4,0.04544310669784045,0.0020640554814917254,74.26193140643362,0.047056185651748045,3.549666981690436,0.9505,0.9495,0.899,NA,NA,0.0010161387568514725,7.186983026367423e-4,6.51951644396159e-5,4.78367425040295,7.143862034105576e-5,1.6452013959044096,0.004850244839180801,0.0048964145045124596,0.006737915107805974,1.0354966698169044,0.016452013959044096
209,500,0.5,0.1,0.1,0.15,IPW,2000,0.14970020578707965,-2.997942129203511e-4,0.06096577598304604,0.003715057304864447,-3.179718855345648,0.058466545556304574,-4.09939902583456,0.9405,0.9400000000000001,0.721,NA,NA,0.0013632361939911503,9.641946359276815e-4,1.1879381987812988e-4,0.7763049378505444,1.2952330995261556e-4,1.5315082659392176,0.005289600646551685,0.005310367218940699,0.010028933143659899,0.9590060097416544,0.015315082659392177
209,500,0.5,0.1,0.1,0.15,JM-MI,2000,0.14909237814197016,-9.076218580298457e-4,0.04558468738321525,0.0020777485194007246,73.1811382393385,0.04700915401520454,3.12487967727908,0.9505,0.9500000000000001,0.8945000000000001,NA,NA,0.001019304597219463,7.209374496858557e-4,6.528700315605562e-5,4.747384316382446,7.061924748833699e-5,1.6382963840965208,0.004850244839180801,0.0048733971724044785,0.006869124762296866,1.0312487967727908,0.016382963840965208
209,500,0.5,0.1,0.1,0.15,Naive,2000,0.17090491592934637,0.020904915929346363,0.041271106249100485,0.0021394680689320682,111.2741344634434,0.0415564716799669,0.6914411965214473,0.925,0.9445,0.984,NA,NA,9.228499907960506e-4,6.527166860838487e-4,6.774110017116276e-5,7.593695943915345,4.2498623585801626e-5,1.5957954957389149,0.0058896094946948715,0.005119558086397692,0.00280570846668003,1.0069144119652145,0.01595795495738915
210,500,0.65,0.1,0.1,0.15,CCA,2000,0.14931527154027327,-6.84728459726725e-4,0.05199531948365847,0.0027026303446471703,0,0.05242664948626788,0.8295554424758711,0.9560000000000001,0.9565,0.812,NA,NA,0.001162650688772796,8.22323792834708e-4,8.842000923889139e-5,0,7.112764769566011e-5,1.600510695864921,0.004586065852122053,0.004561126505590477,0.008736589723685094,1.0082955544247587,0.01600510695864921
210,500,0.65,0.1,0.1,0.15,AIPW,2000,0.1500671493154495,6.714931544952784e-5,0.04449933213999155,0.0019792049746553977,36.52793330010358,0.04369145848789722,-1.8154736559929052,0.9480000000000001,0.9475,0.931,NA,NA,9.95035316183623e-4,7.037721846380804e-4,6.297650280843555e-5,3.1392815262014624,6.687504350836699e-5,1.5600772375688496,0.004964675215963273,0.004987171041783106,0.0056674068144081545,0.981845263440071,0.015600772375688497
210,500,0.65,0.1,0.1,0.15,FCS-MI,2000,0.15093960824331884,9.396082433188517e-4,0.04421417290966416,0.0019547985031935504,38.29468565061074,0.04450457725069164,0.6568127863000317,0.9545,0.9545,0.9275,NA,NA,9.886589619493874e-4,6.992622937061025e-4,6.266500450884594e-5,3.114264705323182,5.382061007957748e-5,1.5965691571362897,0.004659922209651143,0.004659922209651143,0.005798437289477226,1.0065681278630003,0.015965691571362895
210,500,0.65,0.1,0.1,0.15,IPW,2000,0.14978786253415668,-2.121374658433021e-4,0.05214683127310348,0.002717977368124025,-0.5802526374214745,0.05124159459899578,-1.735938027311379,0.9515,0.9510000000000001,0.833,NA,NA,0.0011660385953787128,8.247200036973944e-4,8.794735281632495e-5,0.6309808371831557,9.782052278401772e-5,1.565360285343832,0.004803527349771207,0.004826955562256604,0.008339994004794009,0.9826406197268862,0.01565360285343832
210,500,0.65,0.1,0.1,0.15,JM-MI,2000,0.15041650968106665,4.165096810666591e-4,0.04428818030668049,0.0019606356737340252,37.832879443100765,0.04443516171276053,0.3318750173573415,0.9535,0.9525,0.929,NA,NA,9.903138176550507e-4,7.004327460471333e-4,6.296976527474933e-5,3.094376894504338,5.411543312762411e-5,1.5914805873449267,0.004708383480558906,0.00475624589355933,0.005742778073371805,1.0033187501735734,0.01591480587344927
210,500,0.65,0.1,0.1,0.15,Naive,2000,0.17067867853329033,0.02067867853329033,0.04061103177395585,0.0020760390196775417,63.92321199801933,0.041453051074158,2.0733757883544923,0.9285,0.9550000000000001,0.985,NA,NA,9.080902768296916e-4,6.42277382097556e-4,6.443863779532565e-5,5.126493212456521,4.1293475306411545e-5,1.6175244808373619,0.005761412587204635,0.00463546114210873,0.002717995584985378,1.020733757883545,0.01617524480837362
211,800,0.25,0.1,0.1,0.15,CCA,2000,0.14920099052681213,-7.990094731878758e-4,0.06632883248390865,0.004397952677807321,0,0.06792120685385379,2.400727270951819,0.9550000000000001,0.9555,0.6065,NA,NA,0.0014831577830221596,0.0010490132120374454,1.4227462785529893e-4,0,1.2491886199481866e-4,1.6304164577686415,0.00463546114210873,0.004610843198374891,0.010923775675104282,1.0240072727095182,0.016304164577686416
211,800,0.25,0.1,0.1,0.15,AIPW,2000,0.1493812823000128,-6.187176999871922e-4,0.04457362438758252,0.001986197398642046,121.43629573201791,0.04392656748208976,-1.4516587205617104,0.9505,0.9495,0.9185,NA,NA,9.966965413417694e-4,7.049471419885478e-4,6.304572256675227e-5,7.464364606231975,8.969293570470283e-5,1.5715119042308536,0.004850244839180801,0.0048964145045124596,0.006117914268768402,0.9854834127943829,0.015715119042308535
211,800,0.25,0.1,0.1,0.15,FCS-MI,2000,0.15178896870181824,0.0017889687018182306,0.04227449261249234,0.0017894395682969328,146.17723997493516,0.044322699644147534,4.845018603605755,0.9605,0.9595,0.9390000000000001,NA,NA,9.452863919584555e-4,6.685855852120161e-4,5.632800859940354e-5,7.944863900860397,9.976133441085068e-5,1.6748680566153356,0.004355441998236229,0.004407933189148855,0.005351588549206672,1.0484501860360576,0.016748680566153355
211,800,0.25,0.1,0.1,0.15,IPW,2000,0.1495773411674521,-4.2265883254788053e-4,0.06836212196669428,0.004671221670418022,-5.860120887483166,0.06533947757548679,-4.421519262787232,0.9325,0.9325,0.636,NA,NA,0.0015286235180366002,0.0010811703818754093,1.5209451095431952e-4,1.0002769092598585,1.6725819044906574e-4,1.5312788569074383,0.005609979946488223,0.005609979946488223,0.010758810343155975,0.9557848073721277,0.015312788569074382
211,800,0.25,0.1,0.1,0.15,JM-MI,2000,0.15074836599284702,7.483659928470272e-4,0.04272586500437307,0.0018251468422609757,141.00329369472738,0.04441134426588412,3.9448686675823463,0.962,0.9625,0.925,NA,NA,9.553793854725755e-4,6.757241942437174e-4,5.732458370713881e-5,7.719854764191565,1.0171543768813504e-4,1.6610720143375242,0.004275277768753747,0.004248161366991606,0.0058896094946948715,1.0394486866758235,0.01661072014337524
211,800,0.25,0.1,0.1,0.15,Naive,2000,0.17108042360499395,0.021080423604993966,0.03219092457332757,0.0014801217564392088,324.5587587680247,0.032677465096062924,1.5114213996154868,0.8955000000000001,0.9525,0.999,NA,NA,7.198109560452887e-4,5.091105017311101e-4,4.5045118821603185e-5,17.132070659154554,2.6220823018157396e-5,1.6075029244217518,0.006840312492861709,0.00475624589355933,7.067531393633852e-4,1.0151142139961549,0.01607502924421752
212,800,0.5,0.1,0.1,0.15,CCA,2000,0.14955118612799986,-4.4881387200013275e-4,0.04722364198494911,0.0022291587600331876,4.440892098500626e-14,0.0470721552159296,-0.32078586625697847,0.9450000000000001,0.9440000000000001,0.8885000000000001,NA,NA,0.0010559527362345932,7.468580782686894e-4,6.995185883288226e-5,9.426678795130652e-8,5.623781972219354e-5,1.5809525811634204,0.005097793640389926,0.005141206084179078,0.007038030619427566,0.9967921413374302,0.015809525811634206
212,800,0.5,0.1,0.1,0.15,AIPW,2000,0.14969596777082958,-3.0403222917041624e-4,0.036157839570247284,0.0013068281033029208,70.5744613257197,0.03617062540160876,0.03536115960864894,0.9500000000000001,0.9510000000000001,0.9875,NA,NA,8.085138719860471e-4,5.718486215948633e-4,4.0260107432985106e-5,4.885593527598809,4.695165027690692e-5,1.5874134315392696,0.0048733971724044785,0.004826955562256604,0.0024843258642939696,1.0003536115960865,0.015874134315392696
212,800,0.5,0.1,0.1,0.15,FCS-MI,2000,0.15064539926774234,6.453992677423424e-4,0.035826064705990396,0.0012832816990764543,73.7483718179196,0.036633231956376994,2.253016782643269,0.9585,0.9580000000000001,0.987,NA,NA,8.010951604890055e-4,5.666014884403359e-4,3.9463029673367324e-5,4.90432178920668,4.426991891779325e-5,1.62188063001227,0.004459694496263168,0.004485309353879615,0.0025328837320335107,1.0225301678264327,0.0162188063001227
212,800,0.5,0.1,0.1,0.15,IPW,2000,0.150056300680277,5.630068027701939e-5,0.04778154126567827,0.0022819373176474534,-2.3215753964049846,0.04638448227281285,-2.9238466484314274,0.9380000000000001,0.9380000000000001,0.8935000000000001,NA,NA,0.0010684277433976796,7.556814465469273e-4,7.258993270174107e-5,0.7147450775982581,7.886230347448764e-5,1.5441386500847107,0.005392402062161164,0.005392402062161164,0.006897744196474669,0.9707615335156857,0.015441386500847108
212,800,0.5,0.1,0.1,0.15,JM-MI,2000,0.15005282770485054,5.2827704850530834e-5,0.03597540465644839,0.001293585416091511,72.30884850368898,0.036595594314882636,1.7239268449009026,0.9545,0.9545,0.988,NA,NA,8.044345032988108e-4,5.689633509253037e-4,3.990007750309566e-5,4.840955978539748,4.5050348048249066e-5,1.613665034405742,0.004659922209651143,0.004659922209651143,0.0024347484469653133,1.017239268449009,0.01613665034405742
212,800,0.5,0.1,0.1,0.15,Naive,2000,0.1703836810201086,0.0203836810201086,0.03177167205890066,0.0014244288777751554,120.92192208362084,0.032738689031678606,3.0436452037689854,0.9145,0.9530000000000001,0.9995,NA,NA,7.104361848253259e-4,5.024798795666021e-4,4.3204215227408346e-5,7.845862419419798,2.5452494417902652e-5,1.6316383895446978,0.006252589463574273,0.004732388403332927,4.99874984371065e-4,1.0304364520376899,0.016316383895446977
213,800,0.65,0.1,0.1,0.15,CCA,2000,0.15014353196746918,1.4353196746919427e-4,0.04020139728363603,0.0016153648688106456,0,0.04108356802777899,2.194378314561818,0.9565,0.9560000000000001,0.9615,NA,NA,8.989305711668556e-4,6.357988722797334e-4,5.092136116842605e-5,0,4.397207383643016e-5,1.619936024006262,0.004561126505590477,0.004586065852122053,0.004302194207610808,1.0219437831456182,0.01619936024006262
213,800,0.65,0.1,0.1,0.15,AIPW,2000,0.1501855450915724,1.855450915724034e-4,0.0346649841421869,0.001201094721996287,34.49318690236194,0.03451374712455096,-0.4362818024540416,0.9480000000000001,0.9475,0.988,NA,NA,7.751326098088215e-4,5.4823860150176e-4,3.889797696466871e-5,3.1972239246507757,4.1233327716700534e-5,1.579120601476756,0.004964675215963273,0.004987171041783106,0.0024347484469653133,0.9956371819754596,0.01579120601476756
213,800,0.65,0.1,0.1,0.15,FCS-MI,2000,0.1507375072699087,7.375072699086962e-4,0.03481462678718265,0.0012119961261848181,33.3394957805345,0.03490242048230555,0.2521747415521025,0.9515,0.9510000000000001,0.9885,NA,NA,7.78478721074255e-4,5.506052512045548e-4,3.943491131342332e-5,3.1262544722365573,3.4299972083569216e-5,1.5885805320720716,0.004803527349771207,0.004826955562256604,0.0023840878758971907,1.002521747415521,0.015885805320720717
213,800,0.65,0.1,0.1,0.15,IPW,2000,0.1505220460690782,5.220460690782207e-4,0.04036531133681366,0.0016288162122364788,-0.8105040665632002,0.040619024791062476,0.6285432859214124,0.9510000000000001,0.9520000000000001,0.96,NA,NA,0.00090259580082058255,6.383912291927494e-4,5.070660538098297e-5,0.5458156891878405,5.895644159644313e-5,1.5981630177839703,0.004826955562256604,0.004779958158812687,0.004381780460041331,1.0062854328592141,0.0159816301778397
213,800,0.65,0.1,0.1,0.15,JM-MI,2000,0.15048583318165784,4.858331816578434e-4,0.034634189112639366,0.001199163325842722,34.73246277854556,0.03488787277172382,0.732465998436993,0.9535,0.9530000000000001,0.9895,NA,NA,7.744440120144475e-4,5.477515675581386e-4,3.8830926981022533e-5,3.1536144368508734,3.356649495367998e-5,1.5960637168463079,0.004708383480558906,0.004732388403332927,0.0022792268425937726,1.00732465998437,0.01596063716846308
213,800,0.65,0.1,0.1,0.15,Naive,2000,0.17092989528514899,0.020929895285148985,0.03350335149373895,0.0015599738406796655,43.98120004307593,0.03273173354120961,-2.3031067583598075,0.907,0.9460000000000001,0.999,NA,NA,7.491577141406942e-4,5.29866983155371e-4,4.606819007171197e-5,4.503642383718269,2.650533219417702e-5,1.5471338674925075,0.006494266702253611,0.005053909377897468,7.067531393633852e-4,0.9769689324164019,0.015471338674925075
214,1500,0.25,0.1,0.1,0.15,CCA,2000,0.14933551845132717,-6.64481548672822e-4,0.047749354909938944,0.00227930242959668,4.440892098500626e-14,0.048636052850096444,1.8569841243508245,0.9525,0.9535,0.8705,NA,NA,0.0010677080346038683,7.551724083028714e-4,7.158695826882688e-5,0,6.300553693560324e-5,1.6162981643430052,0.00475624589355933,0.004708383480558906,0.007507654427316162,1.0185698412435082,0.016162981643430052
214,1500,0.25,0.1,0.1,0.15,AIPW,2000,0.14983911284395324,-1.6088715604674952e-4,0.03108600940735797,9.658826955608921e-4,135.9418982387914,0.031085408169836168,-0.0019341096952119052,0.9480000000000001,0.9480000000000001,0.998,NA,NA,6.951043018405038e-4,4.916358898032755e-4,3.0141447125096054e-5,8.12367919404376,4.46233188170781e-5,1.5880049989558342,0.004964675215963273,0.004964675215963273,9.989994994993746e-4,0.9999806589030479,0.015880049989558342
214,1500,0.25,0.1,0.1,0.15,FCS-MI,2000,0.15125432672021039,0.0012543267202103905,0.03040551047441249,9.256061551970366e-4,146.62120709816335,0.03131093434664541,2.9778282229297792,0.9615,0.9605,0.999,NA,NA,6.798878831136821e-4,4.80873566018813e-4,2.888248343065155e-5,8.291362749376669,5.852049112047547e-5,1.6399627846340445,0.004302194207610808,0.004355441998236229,7.067531393633852e-4,1.0297782822292978,0.016399627846340446
214,1500,0.25,0.1,0.1,0.15,IPW,2000,0.1491357260756922,-8.642739243078009e-4,0.0486641667377421,0.0023677639931328643,-3.724355548151115,0.04813371654690904,-1.090022138243374,0.9495,0.9500000000000001,0.869,NA,NA,0.0010881638489397554,7.696404708023348e-4,7.317241118536704e-5,0.9807896613081967,9.05950055596574e-5,1.5753337287993472,0.0048964145045124596,0.0048733971724044785,0.00754450130890041,0.9890997786175663,0.015753337287993472
214,1500,0.25,0.1,0.1,0.15,JM-MI,2000,0.15049400692312184,4.940069231218502e-4,0.030782665387649098,9.473427449638783e-4,140.61493155444177,0.03129938987355495,1.6786216508501983,0.9560000000000001,0.9575,0.998,NA,NA,6.883213233541331e-4,4.868384001965595e-4,2.9507751609025873e-5,8.079733376596895,5.965385059216487e-5,1.6197170150496727,0.004586065852122053,0.004510751046111944,9.989994994993746e-4,1.016786216508502,0.016197170150496727
214,1500,0.25,0.1,0.1,0.15,Naive,2000,0.17148094523421556,0.021480945234215554,0.02372078527296727,0.0010238253242946058,305.20695683986105,0.02386041203363554,0.5886262156227673,0.853,0.9485,1,NA,NA,5.304128835003073e-4,3.7515234656486135e-4,2.8631524828487064e-5,16.236202065113908,1.3826642768689883e-5,1.5919110989615393,0.007918049002121673,0.004942051699446293,0,1.0058862621562277,0.015919110989615393
215,1500,0.5,0.1,0.1,0.15,CCA,2000,0.14964717023717386,-3.528297628261286e-4,0.0341890010078165,0.0011684278348590574,0,0.03400473240385758,-0.5389704247772298,0.9505,0.9515,0.991,NA,NA,7.644893033628651e-4,5.40710765145185e-4,3.694616305166554e-5,0,2.929458386140149e-5,1.5753422071905312,0.004850244839180801,0.004803527349771207,0.002111752826445369,0.9946102957522277,0.01575342207190531
215,1500,0.5,0.1,0.1,0.15,AIPW,2000,0.14951638030102038,-4.836196989796047e-4,0.026862551678852983,7.214697723709388e-4,61.986303143799226,0.02619763062377683,-2.47527138533008,0.9375,0.937,0.9995,NA,NA,6.006649160301637e-4,4.248404587400464e-4,2.318292199514384e-5,4.638728311953498,2.3894933304763187e-5,1.5449499064722025,0.005412658773652742,0.00543281694887652,4.99874984371065e-4,0.9752472861466992,0.015449499064722025
215,1500,0.5,0.1,0.1,0.15,FCS-MI,2000,0.15030013932911407,3.0013932911408445e-4,0.026689800048241414,7.12079337518681e-4,64.09002518156801,0.026387691176930055,-1.1319263192879014,0.9390000000000001,0.9385,0.9995,NA,NA,5.968020721374498e-4,4.221083325118859e-4,2.2975177064917852e-5,4.659346617225899,2.5227617021815593e-5,1.5664867691898225,0.005351588549206672,0.005372045699731156,4.99874984371065e-4,0.988680736807121,0.015664867691898225
215,1500,0.5,0.1,0.1,0.15,IPW,2000,0.1499799437928772,-2.0056207122794338e-5,0.034528791054192126,0.0011916416952096704,-1.9584708148849606,0.03387185644825236,-1.9025705386230385,0.9480000000000001,0.9480000000000001,0.992,NA,NA,7.720872397806022e-4,5.460846611511688e-4,3.794279890058897e-5,0.6660402642973134,4.240326237971493e-5,1.5562972412500289,0.004964675215963273,0.004964675215963273,0.001991983935678198,0.9809742946137696,0.015562972412500289
215,1500,0.5,0.1,0.1,0.15,JM-MI,2000,0.14963553582197522,-3.64464178024759e-4,0.026834462440003818,7.19861164393817e-4,62.3256021616857,0.026368151162928954,-1.737732880311793,0.9395,0.9390000000000001,0.9995,NA,NA,6.000368215551341e-4,4.24396217803407e-4,2.316289790759241e-5,4.579119401878334,2.4867526900590332e-5,1.5568119901876485,0.005331029450303197,0.005351588549206672,4.99874984371065e-4,0.9826226711968821,0.015568119901876485
215,1500,0.5,0.1,0.1,0.15,Naive,2000,0.17118025102799042,0.02118025102799042,0.02424850174801967,0.0010362988757138902,98.79387640935329,0.02384349730129476,-1.6702246222613848,0.858,0.9410000000000001,1,NA,NA,5.422129826109446e-4,3.834983634297608e-4,3.0169322916650256e-5,6.751970864031491,1.364593185396705e-5,1.556136978348942,0.00780499839846236,0.005268728499363008,0,0.9832977537773862,0.015561369783489421
216,1500,0.65,0.1,0.1,0.15,CCA,2000,0.1498686475296019,-1.313524703980735e-4,0.030203437946430045,9.11808793423438e-4,0,0.029736493403753138,-1.545997987067227,0.9445,0.9455,0.999,NA,NA,6.753694040241424e-4,4.776777197524881e-4,2.964492188476076e-5,6.665668500104314e-8,2.163035121466644e-5,1.5587298247994599,0.005119558086397692,0.005075911248239078,7.067531393633852e-4,0.9845400201293277,0.015587298247994598
216,1500,0.65,0.1,0.1,0.15,AIPW,2000,0.1502342234555582,2.342234555581958e-4,0.02565239664030244,6.577712912918379e-4,38.62988629164696,0.02503853281739254,-2.393007684691184,0.9395,0.9415,1,NA,NA,5.736050267350348e-4,4.0570144216891683e-4,2.119110434562956e-5,3.2501830597141956,2.1433264630894874e-5,1.5459475326629641,0.005331029450303197,0.0052477495176503994,0,0.9760699231530882,0.015459475326629642
216,1500,0.65,0.1,0.1,0.15,FCS-MI,2000,0.15080130529077374,8.013052907737311e-4,0.025655772189786083,6.58531627499896e-4,38.5934094120407,0.025247164045265048,-1.5926558027503424,0.9435,0.9430000000000001,1,NA,NA,5.736805063161032e-4,4.0575482764056804e-4,2.133907355302288e-5,3.2384664722225005,1.8311290412363396e-5,1.5579815650996636,0.005162739098579358,0.005184158562389848,0,0.9840734419724966,0.015579815650996635
216,1500,0.65,0.1,0.1,0.15,IPW,2000,0.15017756060472673,1.775606047267446e-4,0.030267064562877366,9.156686774231112e-4,-0.41999275632839117,0.0295588819617473,-2.3397795965937718,0.9405,0.9405,0.999,NA,NA,6.767921384196876e-4,4.7868399649204435e-4,2.9548087659911233e-5,0.4963488461121159,3.108438306989853e-5,1.5479405065008593,0.005289600646551685,0.005289600646551685,7.067531393633852e-4,0.9766022040340623,0.015479405065008594
216,1500,0.65,0.1,0.1,0.15,JM-MI,2000,0.15039094229354844,3.9094229354843705e-4,0.02572473872481376,6.615841372455877e-4,37.85128373350099,0.025248990630115185,-1.8493796955056152,0.9425,0.9410000000000001,1,NA,NA,5.752226449210482e-4,4.0684555702209346e-4,2.122942803396331e-5,3.2062527073134115,1.8588660496917358e-5,1.553966650063976,0.005205465877325487,0.005268728499363008,0,0.9815062030449438,0.01553966650063976
216,1500,0.65,0.1,0.1,0.15,Naive,2000,0.17111983295756045,0.021119832957560467,0.02398370280351444,0.0010209777353224802,58.59164065076479,0.023829298819425068,-0.6437870972398341,0.86,0.9485,1,NA,NA,5.362918982081058e-4,3.793104773941225e-4,2.9237265742452886e-5,4.797837320810235,1.356078685314367e-5,1.5723694845095988,0.00775886589650833,0.004942051699446293,0,0.9935621290276017,0.01572369484509599
217,500,0.25,0.01,0,0.3,CCA,2000,0.3029600598366757,0.002960059836675692,0.08665243482020085,0.0075136520922757235,0,0.08628253086134366,-0.4268823601145444,0.9510000000000001,0.9500000000000001,0.9365,NA,NA,0.001937607346738389,0.0013704379464791042,2.2905001303643476e-4,0,2.0589650951971728e-4,1.5926081852888418,0.004826955562256604,0.0048733971724044785,0.005452877680637995,0.9957311763988546,0.015926081852888418
217,500,0.25,0.01,0,0.3,AIPW,2000,0.30153788755232525,0.001537887552325244,0.04995332637652078,0.0024964522467947644,200.90729355778842,0.04942177855581987,-1.064088939131691,0.9475,0.9480000000000001,1,NA,NA,0.0011169903348013373,7.900289721954859e-4,8.251457010753875e-5,10.738686520285903,1.2090749156857195e-4,1.5833150613550369,0.004987171041783106,0.004964675215963273,0,0.9893591106086831,0.015833150613550367
217,500,0.25,0.01,0,0.3,FCS-MI,2000,0.30146371167320873,0.0014637116732087606,0.047937976581795994,0.0022990430258197306,226.73987821373038,0.050571928559031025,5.494499695331845,0.9590000000000001,0.9585,1,NA,NA,0.0010719257434068886,7.581555246708948e-4,7.61348331574034e-5,10.82122134017175,1.1818671447743034e-4,1.686548727255896,0.004433903472111224,0.004459694496263168,0,1.0549449969533184,0.01686548727255896
217,500,0.25,0.01,0,0.3,IPW,2000,0.3027614475869282,0.0027614475869282215,0.08848318777215936,0.007832985473839402,-4.095271628343955,0.07984505456293618,-9.76245705734068,0.9095,0.911,0.9470000000000001,NA,NA,0.001978544227244265,0.001399391931686773,2.4099528179138808e-4,1.1562848049017487,2.6835135498488026e-4,1.4590066296045052,0.006415206543830059,0.006367063687446513,0.005009540897128196,0.9023754294265932,0.014590066296045052
217,500,0.25,0.01,0,0.3,JM-MI,2000,0.30152055003279765,0.001520550032797684,0.048386573332310154,0.002342401921005848,220.70948654033043,0.050633526578949054,4.6437536115798705,0.962,0.961,1,NA,NA,0.0010819566716932403,7.652502359833634e-4,7.663255023910795e-5,10.53065620764543,1.1319528210604123e-4,1.6714293079593343,0.004275277768753747,0.004328914413568374,0,1.0464375361157987,0.016714293079593344
217,500,0.25,0.01,0,0.3,Naive,2000,0.3005280146682611,5.280146682611467e-4,0.04161383684929635,0.001731124361101094,333.59675204371985,0.040381999265760735,-2.96016343793698,0.9415,0.9410000000000001,1,NA,NA,9.305136799961232e-4,6.58137087956024e-4,5.705610733726066e-5,17.229188146120844,4.1519142479879654e-5,1.537957961341227,0.0052477495176503994,0.005268728499363008,0,0.9703983656206302,0.015379579613412271
218,500,0.5,0.01,0,0.3,CCA,2000,0.3011373019969809,0.0011373019969809185,0.05737721198000782,0.003291791838203791,0,0.05886008436247902,2.584427390769495,0.9555,0.9560000000000001,0.9995,NA,NA,0.001282993463467128,9.074402666668879e-4,1.0488167872257998e-4,6.665668500104314e-8,9.576658137120613e-5,1.6309706419807377,0.004610843198374891,0.004586065852122053,4.99874984371065e-4,1.025844273907695,0.016309706419807377
218,500,0.5,0.01,0,0.3,AIPW,2000,0.30091211461069883,9.121146106988654e-4,0.04144501023622971,0.0017176619821074953,91.66127844367237,0.04180201387002553,0.8613911101986949,0.9575,0.9575,1,NA,NA,9.267386021638424e-4,6.554670372251687e-4,5.408282876454875e-5,5.903964892400123,6.405569491595785e-5,1.602627478195391,0.004510751046111944,0.004510751046111944,0,1.008613911101987,0.01602627478195391
218,500,0.5,0.01,0,0.3,FCS-MI,2000,0.30104008560381446,0.001040085603814465,0.041322084143981946,0.0017077426587465852,92.80329323854804,0.04263025153867321,3.1657827086676305,0.9615,0.962,1,NA,NA,9.239898911790984e-4,6.535229189579986e-4,5.446965824451134e-5,5.747681895070894,4.982384456756982e-5,1.6360513204596552,0.004302194207610808,0.004275277768753747,0,1.0316578270866763,0.01636051320459655
218,500,0.5,0.01,0,0.3,IPW,2000,0.3011917633919554,0.0011917633919554082,0.05794890040880094,0.003357816321042241,-1.9633451557832915,0.05696524094544441,-1.6974601009118406,0.9455,0.9460000000000001,0.999,NA,NA,0.0012957768053544426,9.164817150463449e-4,1.0570166098477432e-4,0.8018484030622325,1.248420296570905e-4,1.569543872609545,0.005075911248239078,0.005053909377897468,7.067531393633852e-4,0.9830253989908816,0.01569543872609545
218,500,0.5,0.01,0,0.3,JM-MI,2000,0.3009266701418256,9.266701418256482e-4,0.041448083124829296,0.0017179433404771486,91.63286063126176,0.04268637612099317,2.987576029594674,0.9625,0.9625,1,NA,NA,9.26807314041802e-4,6.555156360112377e-4,5.4265222502841275e-5,5.696888915939853,5.033948839637596e-5,1.6333056170737057,0.004248161366991606,0.004248161366991606,0,1.0298757602959467,0.01633305617073706
218,500,0.5,0.01,0,0.3,Naive,2000,0.3012789198064208,0.0012789198064208245,0.039390188028293915,0.0015524467553191526,112.17918424152784,0.0402882864958438,2.2800055356546833,0.9520000000000001,0.9525,1,NA,NA,8.80791380777636e-4,6.22969319961179e-4,5.0250066847239836e-5,6.948017573392833,4.126882469251473e-5,1.6209826629660165,0.004779958158812687,0.00475624589355933,0,1.0228000553565468,0.016209826629660164
219,500,0.65,0.01,0,0.3,CCA,2000,0.30100045476568477,0.0010004547656847803,0.05077386623877328,0.002577697409824606,0,0.0513754325415086,1.1847951462004902,0.9525,0.9510000000000001,1,NA,NA,0.0011353381639037862,8.030060912592818e-4,8.204941697439093e-5,0,6.946472003484776e-5,1.606109784333179,0.00475624589355933,0.004826955562256604,0,1.011847951462005,0.01606109784333179
219,500,0.65,0.01,0,0.3,AIPW,2000,0.3015460930365764,0.001546093036576409,0.041922451742696244,0.0017590036178163865,46.685478587266594,0.04098649929562091,-2.2325804149524564,0.9445,0.9440000000000001,1,NA,NA,9.374145188012333e-4,6.630179382361275e-4,5.412833883859753e-5,3.788262641666935,5.93481609091836e-5,1.5526923623834752,0.005119558086397692,0.005141206084179078,0,0.9776741958504754,0.015526923623834753
219,500,0.65,0.01,0,0.3,FCS-MI,2000,0.30148323073328775,0.0014832307332877839,0.0417908908435562,0.0017478052916274501,47.610486356386296,0.04173830474085592,-0.12583149494739265,0.9555,0.9550000000000001,1,NA,NA,9.344727276646519e-4,6.609372575394046e-4,5.401309124440649e-5,3.719501329620194,4.3989613632919985e-5,1.5830476284995285,0.004610843198374891,0.00463546114210873,0,0.9987416850505261,0.015830476284995284
219,500,0.65,0.01,0,0.3,IPW,2000,0.30135074953308766,0.0013507495330876869,0.051695387814580794,0.0026729014390403957,-3.5334218244346904,0.05026254372993402,-2.7717058430551833,0.9435,0.9430000000000001,1,NA,NA,0.0011559440127661695,8.175802707224009e-4,8.50114613779857e-5,0.6075327107958137,9.441426219862029e-5,1.5485068208457882,0.005162739098579358,0.005184158562389848,0,0.9722829415694482,0.015485068208457882
219,500,0.65,0.01,0,0.3,JM-MI,2000,0.30142155097620293,0.001421550976202933,0.04185858244305642,0.0017532856608580242,47.133455837464865,0.04173691583009713,-0.29066109232152026,0.9565,0.9560000000000001,1,NA,NA,9.359863578445339e-4,6.620078233787311e-4,5.404706436210582e-5,3.7016010267944575,4.424967030220769e-5,1.5804766757109387,0.004561126505590477,0.004586065852122053,0,0.9970933890767848,0.015804766757109387
219,500,0.65,0.01,0,0.3,Naive,2000,0.301443581714925,0.001443581714925031,0.0404451791742727,0.0016370785403474685,57.596635541882854,0.04040616312394562,-0.0964665038544199,0.9515,0.9530000000000001,1,NA,NA,9.043816999583258e-4,6.396543664073494e-4,5.15673900173629e-5,4.400465630256776,4.0670774592672205e-5,1.5832053190057225,0.004803527349771207,0.004732388403332927,0,0.9990353349614558,0.015832053190057226
220,800,0.25,0.01,0,0.3,CCA,2000,0.30348635526099466,0.0034863552609946872,0.06578500611299523,0.004337657868778043,4.440892098500626e-14,0.06624117837739969,0.6934289306303576,0.9580000000000001,0.9605,0.995,NA,NA,0.0014709974556889657,0.0010404124116497565,1.3764977149743543e-4,0,1.1705229993167463e-4,1.6024104761259044,0.004485309353879615,0.004355441998236229,0.0015771810295587513,1.0069342893063036,0.016024104761259043
220,800,0.25,0.01,0,0.3,AIPW,2000,0.30072107379062246,7.210737906224846e-4,0.03411221027903006,0.0011635810160872267,271.90679941658834,0.03646998952367917,6.911833696389125,0.964,0.965,1,NA,NA,7.627722104667829e-4,5.394962934585545e-4,3.690011309440639e-5,13.880735251283486,6.200116178719519e-5,1.7005881206513882,0.0041655731898503495,0.00410944035119139,0,1.0691183369638912,0.017005881206513883
220,800,0.25,0.01,0,0.3,FCS-MI,2000,0.3006780157306723,6.78015730672327e-4,0.03359179835903025,0.0011283044178662896,283.51939302432874,0.03734225417076047,11.164796155434198,0.973,0.973,1,NA,NA,7.511354461725752e-4,5.312658006345777e-4,3.579493594965853e-5,13.680009180432833,6.226044563250094e-5,1.7678520633870023,0.0036242930345103184,0.0036242930345103184,0,1.111647961554342,0.017678520633870022
220,800,0.25,0.01,0,0.3,IPW,2000,0.30366250767621666,0.0036625076762166918,0.06779098112990657,0.004606733276472417,-5.830557379408841,0.06382995109463815,-5.843004436944154,0.932,0.9345,0.9935,NA,NA,0.001515852420678766,0.0010721375938511398,1.490808892045817e-4,1.0466253220467565,1.601518737462582e-4,1.507748239034735,0.0056292095359828254,0.005532167296819575,0.0017969070649312877,0.9415699556305585,0.01507748239034735
220,800,0.25,0.01,0,0.3,JM-MI,2000,0.30089887048081426,8.988704808142815e-4,0.03364854782606966,0.0011324666265591751,282.2268458423149,0.03735744588523662,11.02246099397326,0.972,0.972,1,NA,NA,7.524044028324454e-4,5.321633128999242e-4,3.594166860387739e-5,13.56676377980754,6.089046181731418e-5,1.765158577984043,0.0036889022757454573,0.0036889022757454573,0,1.1102246099397326,0.01765158577984043
220,800,0.25,0.01,0,0.3,Naive,2000,0.2999475294028311,-5.2470597168879834e-5,0.030713726362494313,9.428640737402103e-4,358.76345771897303,0.03181557072880754,3.5874655953786583,0.964,0.964,1,NA,NA,6.867797998886463e-4,4.857481058930996e-4,2.969998495418558e-5,18.31147788810208,2.5359524653483167e-5,1.6403506023637136,0.0041655731898503495,0.0041655731898503495,0,1.0358746559537866,0.016403506023637136
221,800,0.5,0.01,0,0.3,CCA,2000,0.2994868854259469,-5.131145740530801e-4,0.047416934036975555,0.0022475047372162633,0,0.046019178823017065,-2.947797537623431,0.9435,0.9430000000000001,1,NA,NA,0.0010602748779130087,7.499150582993082e-4,6.953920533706082e-5,0,5.502657353790374e-5,1.5392945469986223,0.005162739098579358,0.005184158562389848,0,0.9705220246237657,0.015392945469986223
221,800,0.5,0.01,0,0.3,AIPW,2000,0.29963949675638474,-3.605032436152698e-4,0.03340268637369158,0.0011153115498393688,101.51350025338432,0.03264904653541915,-2.256225232429232,0.935,0.9345,1,NA,NA,7.469067736268031e-4,5.282749297908458e-4,3.544418776701358e-5,6.146341327010734,3.664945251347269e-5,1.5497402038391628,0.005512485827646179,0.005532167296819575,0,0.9774377476757077,0.015497402038391627
221,800,0.5,0.01,0,0.3,FCS-MI,2000,0.2996880149572338,-3.1198504276619334e-4,0.03335756676911817,0.0011122682317927085,102.05900518146449,0.033126651407331245,-0.692242822701028,0.9440000000000001,0.9450000000000001,1,NA,NA,7.458978685973627e-4,5.275613477851487e-4,3.554066293194058e-5,6.011597665734491,2.8950482692631263e-5,1.5729822782128666,0.005141206084179078,0.005097793640389926,0,0.9930775717729897,0.015729822782128665
221,800,0.5,0.01,0,0.3,IPW,2000,0.30003375843957,3.375843956995939e-5,0.047935877324098916,0.002296700550295888,-2.1534363523521116,0.045323131542882804,-5.4505016431661275,0.9305,0.9305,1,NA,NA,0.001071878802577759,7.581223241911451e-4,7.166304144106123e-5,0.689472249191137,7.724601675298046e-5,1.5039905122464161,0.005686376262612245,0.005686376262612245,0,0.9454949835683387,0.015039905122464161
221,800,0.5,0.01,0,0.3,JM-MI,2000,0.2996528972001273,-3.471027998727239e-4,0.03344110906596586,0.0011178691020277225,101.05070201602948,0.03313266755944847,-0.9223423359224103,0.9445,0.9440000000000001,1,NA,NA,7.477659311448416e-4,5.288825978339634e-4,3.573085783553561e-5,6.019618267597662,2.8962397344478607e-5,1.5693387222410609,0.005119558086397692,0.005141206084179078,0,0.9907765766407759,0.015693387222410607
221,800,0.5,0.01,0,0.3,Naive,2000,0.29966939026906364,-3.306097309363655e-4,0.03226831527118402,0.0010408328511494975,115.93068151494728,0.031818618497185536,-1.3936171449275059,0.9430000000000001,0.9435,1,NA,NA,7.215414646576203e-4,5.103344621341506e-4,3.27149013189502e-5,6.941306989407039,2.460512412249338e-5,1.5613567849887875,0.005184158562389848,0.005162739098579358,0,0.9860638285507249,0.015613567849887875
222,800,0.65,0.01,0,0.3,CCA,2000,0.29922314002799133,-7.768599720086734e-4,0.040006657565966254,0.001600335894691794,0,0.04011134386066671,0.2616721842554348,0.9480000000000001,0.9485,1,NA,NA,8.945760587005683e-4,6.327189969209504e-4,5.2240393498019076e-5,0,4.1107145335381125e-5,1.5889983087643746,0.004964675215963273,0.004942051699446293,0,1.0026167218425543,0.015889983087643746
222,800,0.65,0.01,0,0.3,AIPW,2000,0.29948016991673365,-5.198300832663638e-4,0.03243188009856964,0.0010515711566201026,52.16693266381163,0.03217592366816729,-0.7892124342604556,0.9490000000000001,0.9485,1,NA,NA,7.25198885385243e-4,5.129212959216105e-4,3.4858267771833844e-5,3.9183501816200312,3.6716982191121206e-5,1.5731316389349135,0.004919298730510272,0.004942051699446293,0,0.9921078756573954,0.015731316389349135
222,800,0.65,0.01,0,0.3,FCS-MI,2000,0.2995208183160831,-4.7918168391686614e-4,0.032437372415425665,0.001051886652738611,52.115407019643165,0.03250886775262852,0.22041038431601656,0.9555,0.9550000000000001,1,NA,NA,7.253216973236834e-4,5.130081587945257e-4,3.495130716309854e-5,3.862349237281637,2.640962151219268e-5,1.587109819726289,0.004610843198374891,0.00463546114210873,0,1.0022041038431602,0.01587109819726289
222,800,0.65,0.01,0,0.3,IPW,2000,0.29948166094300854,-5.183390569914417e-4,0.04024464666772034,0.0016190904449949518,-1.179214827694175,0.03962482607573084,-1.5401317772946177,0.9435,0.9440000000000001,1,NA,NA,8.998976567948307e-4,6.364828761076e-4,5.2804060190697835e-5,0.5443036565083099,5.90533461247846e-5,1.5640748823362902,0.005162739098579358,0.005141206084179078,0,0.9845986822270538,0.0156407488233629
222,800,0.65,0.01,0,0.3,JM-MI,2000,0.2995107791845857,-4.892208154143227e-4,0.03242741216256787,0.0010512506280375093,52.208867490471356,0.03251461726558311,0.26892402815881233,0.9530000000000001,0.9520000000000001,1,NA,NA,7.250989792990522e-4,5.128506339828899e-4,3.4988214123453e-5,3.858421619217059,2.6490196036703318e-5,1.5878901161021781,0.004732388403332927,0.004779958158812687,0,1.0026892402815881,0.01587890116102178
222,800,0.65,0.01,0,0.3,Naive,2000,0.29982708182363854,-1.7291817636144868e-4,0.0317670115278709,0.001008668350596893,58.60315293675566,0.03177552414711864,0.02679704145376327,0.9535,0.9540000000000001,1,NA,NA,7.103319721833879e-4,5.024061716715246e-4,3.40071779689522e-5,4.266350890923142,2.4969942808609213e-5,1.583909662078488,0.004708383480558906,0.004684228858627636,0,1.0002679704145376,0.01583909662078488
223,1500,0.25,0.01,0,0.3,CCA,2000,0.2985995460967377,-0.00140045390326224,0.04658574168949418,0.002171107484231059,4.440892098500626e-14,0.04752628322311807,2.018947213275779,0.9565,0.9560000000000001,1,NA,NA,0.0010416888519995489,7.367694665317474e-4,6.945537008491366e-5,0,6.401729977015791e-5,1.6193059625846775,0.004561126505590477,0.004586065852122053,0,1.0201894721327578,0.016193059625846776
223,1500,0.25,0.01,0,0.3,AIPW,2000,0.29958163832641077,-4.1836167358922716e-4,0.025042775906539777,6.27002081282545e-4,246.0517851791752,0.02521847612214816,0.7016003987101893,0.9535,0.9545,1,NA,NA,5.599734927231686e-4,3.960600813895885e-4,1.98748665519211e-5,12.93565590280917,2.8290023137769463e-5,1.596631709188291,0.004708383480558906,0.004659922209651143,0,1.007016003987102,0.015966317091882908
223,1500,0.25,0.01,0,0.3,FCS-MI,2000,0.2995596262580145,-4.40373741985444e-4,0.024882132633169095,6.190048931450612e-4,250.53454752650217,0.025607667092750846,2.9158853474423596,0.962,0.961,1,NA,NA,5.563813999293194e-4,3.9351945297988944e-4,1.926595928148969e-5,12.817995521032204,2.8322109847277458e-5,1.631625152280313,0.004275277768753747,0.004328914413568374,0,1.0291588534744236,0.016316251522803128
223,1500,0.25,0.01,0,0.3,IPW,2000,0.299139984870926,-8.600151290739835e-4,0.04803999425832742,0.002307426753838197,-5.962703526693403,0.04712068802414264,-1.9136268610719487,0.9465,0.9465,1,NA,NA,0.001074206928003197,7.597689691796428e-4,7.359902213702997e-5,0.947103758669052,9.196566272832933e-5,1.5630370967023557,0.005031786462082825,0.005031786462082825,0,0.9808637313892805,0.015630370967023556
223,1500,0.25,0.01,0,0.3,JM-MI,2000,0.2996278975926206,-3.7210240737938394e-4,0.02497565057130337,6.23609690100694e-4,247.91440391674283,0.025715057873408238,2.9605126801158566,0.9560000000000001,0.9560000000000001,1,NA,NA,5.58472524597158e-4,3.949984712136139e-4,1.960449568566272e-5,12.716150910675578,2.8724553418847365e-5,1.6324123000509416,0.004586065852122053,0.004586065852122053,0,1.0296051268011586,0.016324123000509415
223,1500,0.25,0.01,0,0.3,Naive,2000,0.2994267625667969,-0.00057323743320310705,0.023383212539925,5.468298425277875e-4,296.91514838034067,0.02317853663465202,-0.875311315429872,0.9485,0.9465,1,NA,NA,5.228645277159782e-4,3.6981351812896446e-4,1.6740421277580006e-5,15.515245321074003,1.3234929743555928e-5,1.5687123316046656,0.004942051699446293,0.005031786462082825,0,0.9912468868457013,0.015687123316046655
224,1500,0.5,0.01,0,0.3,CCA,2000,0.2999803848345973,-1.9615165402638093e-5,0.033727884382607376,0.001137001784588781,0,0.033290813531923924,-1.2958738998430586,0.9445,0.9445,1,NA,NA,7.541784221676361e-4,5.334180477247202e-4,3.72855355227434e-5,9.426678795130648e-8,2.99863715739629e-5,1.5635693022017998,0.005119558086397692,0.005119558086397692,0,0.9870412610015694,0.015635693022017998
224,1500,0.5,0.01,0,0.3,AIPW,2000,0.30009686517443024,9.686517443022565e-5,0.024032667756576972,5.772897178002828e-4,96.9582767713123,0.02364878560784421,-1.5973347304637175,0.9455,0.9455,1,NA,NA,5.373867878437349e-4,3.8008487490371e-4,1.817782366341222e-5,6.140860170778263,2.0413472723779913e-5,1.5585881482509774,0.005075911248239078,0.005075911248239078,0,0.9840266526953628,0.015585881482509773
224,1500,0.5,0.01,0,0.3,FCS-MI,2000,0.3001479007517315,1.4790075173150941e-4,0.024034862688989984,5.774076617987263e-4,96.9223048274412,0.02381976057699777,-0.8949587720788132,0.9495,0.9490000000000001,1,NA,NA,5.3743586802455e-4,3.801195885118734e-4,1.817988744795272e-5,6.080142320551328,1.5139043120409973e-5,1.5686453100341469,0.0048964145045124596,0.004919298730510272,0,0.9910504122792119,0.015686453100341467
224,1500,0.5,0.01,0,0.3,IPW,2000,0.30036993139404367,3.699313940436518e-4,0.0339091846434153,0.0011493947360159407,-1.0664696833117437,0.033167079742596244,-2.188507062682099,0.9435,0.9440000000000001,1,NA,NA,7.582324192426859e-4,5.362853734684605e-4,3.7473407678801835e-5,0.641749544080066,4.1065507054438016e-5,1.5516555004968589,0.005162739098579358,0.005141206084179078,0,0.978114929373179,0.01551655500496859
224,1500,0.5,0.01,0,0.3,JM-MI,2000,0.3001149325114866,1.1493251148657234e-4,0.024049544295312825,5.781046000040042e-4,96.68194657037985,0.023822772219036302,-0.9429371030565403,0.9480000000000001,0.9480000000000001,1,NA,NA,5.377641587221175e-4,3.803517831462404e-4,1.8169106239899465e-5,6.063113765174816,1.5091518423920705e-5,1.5678776627344009,0.004964675215963273,0.004964675215963273,0,0.9905706289694346,0.01567877662734401
224,1500,0.5,0.01,0,0.3,Naive,2000,0.30019568139530534,1.9568139530533131e-4,0.023425085169560017,5.484985391020087e-4,107.30789591422992,0.023202047256345833,-0.9521327739034802,0.9505,0.9510000000000001,1,NA,NA,5.238008281785839e-4,3.7047574811349703e-4,1.738095828108093e-5,6.671476650097511,1.3792995199138658e-5,1.567582192972768,0.004850244839180801,0.004826955562256604,0,0.9904786722609652,0.01567582192972768
225,1500,0.65,0.01,0,0.3,CCA,2000,0.299441165921155,-5.588340788450168e-4,0.029346737642811822,8.611126902985691e-4,4.440892098500626e-14,0.02908538558095163,-0.8905659805910626,0.9480000000000001,0.9510000000000001,1,NA,NA,6.562130028717919e-4,4.6412871091881043e-4,2.6152539155185683e-5,0,2.2028335003583332e-5,1.5692459257137836,0.004964675215963273,0.004826955562256604,0,0.9910943401940894,0.015692459257137838
225,1500,0.65,0.01,0,0.3,AIPW,2000,0.30010080978154696,1.0080978154698066e-4,0.023563344085217375,5.54963731498165e-4,55.11214685918144,0.023410214828409538,-0.6498621598617027,0.9485,0.9490000000000001,1,NA,NA,5.268923915176365e-4,3.726623602363883e-4,1.6774647945829595e-5,4.039867155090378,1.942930181822131e-5,1.5734185155841407,0.004942051699446293,0.004919298730510272,0,0.993501378401383,0.015734185155841407
225,1500,0.65,0.01,0,0.3,FCS-MI,2000,0.3001089444394739,1.0894443947390245e-4,0.02354594085579495,5.541459940100939e-4,55.34152396510883,0.023545756520962302,-7.828730810843787e-4,0.9520000000000001,0.9520000000000001,1,NA,NA,5.265032434774708e-4,3.723871222001893e-4,1.672307821763681e-5,4.016220955419113,1.3903110488296227e-5,1.5826237644305223,0.004779958158812687,0.004779958158812687,0,0.9999921712691892,0.015826237644305224
225,1500,0.65,0.01,0,0.3,IPW,2000,0.2998931563947443,-1.0684360525568381e-4,0.029546226878990563,8.72554448579376e-4,-1.3457947411273041,0.02896093594917842,-1.980932902902488,0.9460000000000001,0.9460000000000001,1,NA,NA,6.606737178005436e-4,4.672837015401443e-4,2.6458904974628113e-5,0.49081627326348176,3.1695979592280055e-5,1.5539125021902311,0.005053909377897468,0.005053909377897468,0,0.9801906709709751,0.01553912502190231
225,1500,0.65,0.01,0,0.3,JM-MI,2000,0.30008831467162755,8.831467162756992e-5,0.023538883580368982,5.538098001712841e-4,55.43468490512835,0.02354969113461142,0.045913622902027384,0.9510000000000001,0.9510000000000001,1,NA,NA,5.263454380015868e-4,3.7227550897128735e-4,1.677635998161242e-5,4.007423181560018,1.402992807701919e-5,1.5833826207560942,0.004826955562256604,0.004826955562256604,0,1.0004591362290203,0.015833826207560943
225,1500,0.65,0.01,0,0.3,Naive,2000,0.30006358837693303,6.358837693303746e-5,0.023274061837452696,5.414151569180461e-4,58.992006888692174,0.02317487579803138,-0.4261655748533988,0.9490000000000001,0.9490000000000001,1,NA,NA,5.20423843810779e-4,3.680872623709667e-4,1.6710891840658314e-5,4.280877445586223,1.342415219844852e-5,1.575850225933287,0.004919298730510272,0.004919298730510272,0,0.995738344251466,0.01575850225933287
226,500,0.25,0.01,0.02,0.3,CCA,2000,0.3008206859107713,8.206859107713259e-4,0.08431257100309898,0.007105728849702171,4.440892098500626e-14,0.08464317771084098,0.3921203016449937,0.9530000000000001,0.9530000000000001,0.9430000000000001,NA,NA,0.0018852864012070696,0.0013334321985021035,2.2103733376309555e-4,0,2.0280495648135045e-4,1.6058530793291401,0.004732388403332927,0.004732388403332927,0.005184158562389848,1.00392120301645,0.016058530793291403
226,500,0.25,0.01,0.02,0.3,AIPW,2000,0.2992625845033699,-7.37415496630113e-4,0.048541158329632995,0.0023556097115711777,201.69241692818542,0.04932874777518124,1.6225188533818713,0.9540000000000001,0.9545,1,NA,NA,0.0010854132973163952,7.676950506816136e-4,7.752538451068035e-5,10.502606916366947,1.2058503516819442e-4,1.6262801686529067,0.004684228858627636,0.004659922209651143,0,1.0162251885338187,0.016262801686529067
226,500,0.25,0.01,0.02,0.3,FCS-MI,2000,0.2995458414936407,-4.541585063592681e-4,0.04636618127564833,0.0021489541146521374,230.66026378042878,0.05035980677027267,8.613229264843092,0.9655,0.9655,1,NA,NA,0.0010367793318942758,7.332970433586035e-4,7.015672511233149e-5,10.62578949233336,1.1857552755311016e-4,1.7366879970836684,0.00408103847078167,0.00408103847078167,0,1.086132292648431,0.017366879970836684
226,500,0.25,0.01,0.02,0.3,IPW,2000,0.3004551324491957,4.5513244919568284e-4,0.08724628355282528,0.007608315182329412,-6.612060580803359,0.0784109455880153,-10.126893209680865,0.9145,0.9125,0.9500000000000001,NA,NA,0.001950886208083392,0.0013798298676564573,2.3382824053674956e-4,1.0958829862160806,2.5902468403948007e-4,1.4520492780083525,0.006252589463574273,0.006318375978050056,0.0048733971724044785,0.8987310679031913,0.014520492780083525
226,500,0.25,0.01,0.02,0.3,JM-MI,2000,0.2995947052229168,-4.052947770831955e-4,0.047085274432706964,0.0022160788207254574,220.63760321051328,0.050564512854729654,7.389228296832218,0.961,0.9625,1,NA,NA,0.0010528587437076563,7.446697480209874e-4,7.102360504355064e-5,10.27388908720404,1.1652406810393572e-4,1.71633257712889,0.004328914413568374,0.004248161366991606,0,1.0738922829683222,0.0171633257712889
226,500,0.25,0.01,0.02,0.3,Naive,2000,0.30166535626738566,0.001665356267385688,0.03912468001907223,0.0015327486277988132,364.39022336018877,0.039963012779526845,2.1427210651842943,0.9505,0.9510000000000001,1,NA,NA,8.748544412057328e-4,6.187702198241024e-4,5.063137784936468e-5,18.31575543731813,3.8690921264587793e-5,1.618446217386941,0.004850244839180801,0.004826955562256604,0,1.021427210651843,0.01618446217386941
227,500,0.5,0.01,0.02,0.3,CCA,2000,0.3002817641623187,2.8176416231870887e-4,0.05781662334358509,0.003341169944929729,0,0.057833330429437384,0.028896682106482885,0.9505,0.9510000000000001,0.9985,NA,NA,0.0012928190002575745,9.143897079377525e-4,1.0567387497951685e-4,6.665668500104314e-8,9.208353278171689e-5,1.5899882927986828,0.004850244839180801,0.004826955562256604,8.653756409790912e-4,1.0002889668210648,0.015899882927986827
227,500,0.5,0.01,0.02,0.3,AIPW,2000,0.30023002603999976,2.3002603999978873e-4,0.04201006176447441,0.0017640157787893055,89.40821355997434,0.04143630967086901,-1.3657492265117033,0.9410000000000001,0.9410000000000001,1,NA,NA,0.00093937353844329545,6.644035207484456e-4,5.630494787628536e-5,5.7489093239912314,6.273748214944909e-5,1.5670666052058357,0.005268728499363008,0.005268728499363008,0,0.986342507734883,0.015670666052058357
227,500,0.5,0.01,0.02,0.3,FCS-MI,2000,0.3005514571280822,5.514571280821687e-4,0.041903794184988796,0.0017553541080784648,90.37010614841552,0.04224158656779445,0.8061140748124807,0.9455,0.9450000000000001,1,NA,NA,9.369973231279535e-4,6.627228625683293e-4,5.604741833665737e-5,5.553048512559397,4.9441140772802815e-5,1.5986431818823412,0.005075911248239078,0.005097793640389926,0,1.0080611407481248,0.01598643181882341
227,500,0.5,0.01,0.02,0.3,IPW,2000,0.30050669375245626,5.066937524562764e-4,0.05828957470091584,0.00339623242011302,-1.616181410420492,0.056024024082206574,-3.886716673322499,0.9410000000000001,0.9405,0.9995,NA,NA,0.001303394514107998,9.218695957016653e-4,1.077958126659242e-4,0.7849934195627516,1.2202340184933802e-4,1.5344117263771258,0.005268728499363008,0.005289600646551685,4.99874984371065e-4,0.961132833266775,0.015344117263771257
227,500,0.5,0.01,0.02,0.3,JM-MI,2000,0.3004095222777727,4.095222777726977e-4,0.0420805981851904,0.00177005906374763,88.77376534852527,0.04229263532566408,0.5038833800330877,0.9420000000000001,0.9425,1,NA,NA,9.409507807594002e-4,6.65519078410023e-4,5.657099961280572e-5,5.496740246194374,4.954956206211078e-5,1.5938587688387265,0.005226662414964255,0.005205465877325487,0,1.0050388338003309,0.015938587688387264
227,500,0.5,0.01,0.02,0.3,Naive,2000,0.30337114006853594,0.0033711400685359602,0.040476944526478355,0.001648928432042195,104.028109234291,0.040001360606200916,-1.174950149624887,0.9435,0.9420000000000001,1,NA,NA,9.050919948269363e-4,6.401567463362716e-4,5.332351714878468e-5,6.657017836404268,4.077664854646438e-5,1.566195282690471,0.005162739098579358,0.005226662414964255,0,0.9882504985037511,0.01566195282690471
228,500,0.65,0.01,0.02,0.3,CCA,2000,0.2980089045917945,-0.0019910954082054413,0.051336350880541434,0.00263806767219378,4.440892098500626e-14,0.050251345484751506,-2.1135226348961034,0.9450000000000001,0.9455,1,NA,NA,0.0011479157028567184,8.119019785934376e-4,8.403865463439388e-5,0,6.787174161933699e-5,1.5537433480603302,0.005097793640389926,0.005075911248239078,0,0.978864773651039,0.015537433480603302
228,500,0.65,0.01,0.02,0.3,AIPW,2000,0.29922125743711686,-7.787425628831026e-4,0.04148836495143863,0.0017210302241098354,53.10781189881879,0.0403331021289631,-2.78454652003699,0.9415,0.9415,1,NA,NA,9.277080430673654e-4,6.561527069008609e-4,5.471459567440281e-5,3.8366140310933416,5.888511631532795e-5,1.5440329126878387,0.0052477495176503994,0.0052477495176503994,0,0.9721545347996301,0.015440329126878387
228,500,0.65,0.01,0.02,0.3,FCS-MI,2000,0.29928166023495295,-7.183397650470228e-4,0.04150107163760216,0.0017219937896138997,53.014069978172394,0.04107720588409399,-1.0213368878988716,0.9475,0.9480000000000001,1,NA,NA,9.279921732076695e-4,6.563536674962397e-4,5.4689671521131945e-5,3.750156893683501,4.4156549902250954e-5,1.5689932456034201,0.004987171041783106,0.004964675215963273,0,0.9897866311210113,0.0156899324560342
228,500,0.65,0.01,0.02,0.3,IPW,2000,0.2983559115557481,-0.0016440884442519158,0.051651234409257084,0.0026692191178045457,-1.2155516267955968,0.04912092401165492,-4.898838191461829,0.9400000000000001,0.9375,1,NA,NA,0.0011549567126087504,8.168819694888876e-4,8.4463879711986e-5,0.6051784461105921,9.378426303293108e-5,1.5149776528971206,0.005310367218940699,0.005412658773652742,0,0.9510116180853817,0.015149776528971206
228,500,0.65,0.01,0.02,0.3,JM-MI,2000,0.2992100330299979,-7.899669700021152e-4,0.04145604383718617,0.001718368316659081,53.34664530941875,0.041073917633645485,-0.9217623491557525,0.9485,0.9485,1,NA,NA,9.269853209815951e-4,6.556415374047473e-4,5.46236540855422e-5,3.747281343157461,4.3696819901505104e-5,1.570497444477864,0.004942051699446293,0.004942051699446293,0,0.9907823765084425,0.01570497444477864
228,500,0.65,0.01,0.02,0.3,Naive,2000,0.3023718046383086,0.0023718046383086003,0.04067547401363026,0.0016592923963826961,59.2886178542372,0.04001212645438431,-1.6308293273328833,0.9430000000000001,0.9450000000000001,1,NA,NA,9.095312491150347e-4,6.432965581979063e-4,5.2735811366058e-5,4.414066535805731,4.07618905244859e-5,1.5589663682598631,0.005184158562389848,0.005097793640389926,0,0.9836917067266712,0.01558966368259863
229,800,0.25,0.01,0.02,0.3,CCA,2000,0.2967648725039245,-0.0032351274960754415,0.06495829236995558,0.004227936007662683,0,0.0652458352007931,0.4426576197537502,0.9455,0.9445,0.996,NA,NA,0.0014525115744152659,0.0010273376505459497,1.3808936463490778e-4,0,1.1867940986125017e-4,1.5990069487626632,0.005075911248239078,0.005119558086397692,0.0014113823011501884,1.0044265761975375,0.015990069487626633
229,800,0.25,0.01,0.02,0.3,AIPW,2000,0.29911443247117947,-8.855675288205202e-4,0.03508533252722868,0.001231149298115039,242.78199751618791,0.03658133815397003,4.2639060797851736,0.9555,0.9570000000000001,1,NA,NA,7.845318854406782e-4,5.548865552355214e-4,4.148329644743329e-5,12.671421655157797,6.201628937470069e-5,1.6584159993369285,0.004610843198374891,0.004536022486716746,0,1.0426390607978517,0.016584159993369284
229,800,0.25,0.01,0.02,0.3,FCS-MI,2000,0.29939129715887336,-6.087028411266236e-4,0.034471949213235493,0.0011880916440674032,255.0892435323011,0.037366726658569376,8.39748697535918,0.967,0.967,1,NA,NA,7.708162175771497e-4,5.451856879606712e-4,3.998088020414581e-5,12.41655256527,6.426520065720679e-5,1.72445020316436,0.003994433626936366,0.003994433626936366,0,1.0839748697535918,0.0172445020316436
229,800,0.25,0.01,0.02,0.3,IPW,2000,0.2964456308259622,-0.003554369174037767,0.06709642988833626,0.0045123134785338935,-6.271778980524756,0.0631014495975522,-5.954087717383194,0.9285,0.925,0.994,NA,NA,0.0015003217827786852,0.0010611530279910214,1.4944503853922303e-4,0.9944396640173903,1.619085857581003e-4,1.5068157655446581,0.005761412587204635,0.0058896094946948715,0.0017268468374467964,0.9404591228261681,0.015068157655446581
229,800,0.25,0.01,0.02,0.3,JM-MI,2000,0.2992758400082659,-7.241599917340719e-4,0.034614838040336236,0.0011981123267460576,252.1637026101448,0.03751365557272241,8.374493993033338,0.9655,0.966,1,NA,NA,7.740113088833743e-4,5.474455237193901e-4,3.97821931431232e-5,12.279453271520566,6.523125808229023e-5,1.7243084302841574,0.00408103847078167,0.004052406692324946,0,1.0837449399303334,0.017243084302841574
229,800,0.25,0.01,0.02,0.3,Naive,2000,0.30214486066922464,0.002144860669224671,0.03067082020529416,9.448292897498348e-4,348.55780609784455,0.03155475003991305,2.88198955457446,0.9540000000000001,0.9530000000000001,1,NA,NA,6.85820389047118e-4,4.85069530316006e-4,3.063988377008805e-5,17.79132352492545,2.5081870985810286e-5,1.6291676632223933,0.004684228858627636,0.004732388403332927,0,1.0288198955457446,0.01629167663222393
230,800,0.5,0.01,0.02,0.3,CCA,2000,0.2986444387908235,-0.0013555612091765382,0.043797223080214165,0.0019190751973551,4.440892098500626e-14,0.04509433657142819,2.961634094559762,0.9550000000000001,0.9545,1,NA,NA,9.79335680330816e-4,6.926680892934753e-4,6.063117331902485e-5,6.665668500104317e-8,5.622336030606038e-5,1.6334257522177191,0.00463546114210873,0.004659922209651143,0,1.0296163409455976,0.01633425752217719
230,800,0.5,0.01,0.02,0.3,AIPW,2000,0.29959642950103693,-4.035704989630329e-4,0.031838281214163586,0.0010133321817444594,89.231713527649,0.03240132956285393,1.7684633944368366,0.9565,0.9570000000000001,1,NA,NA,7.119256108162433e-4,5.035333261794369e-4,3.1425555275031466e-5,5.93146989859674,3.8274001327630293e-05,1.613986257207796,0.004561126505590477,0.004536022486716746,0,1.0176846339443684,0.01613986257207796
230,800,0.5,0.01,0.02,0.3,FCS-MI,2000,0.29981644190242557,-1.835580975744376e-4,0.031741193717914014,0.00100703332052401,90.39109845278111,0.03279612368547264,3.323535897653551,0.96,0.96,1,NA,NA,7.097546684024501e-4,5.019978541610783e-4,3.115424444579095e-5,5.862294000914,2.9938029883158645e-5,1.6368168834006955,0.004381780460041331,0.004381780460041331,0,1.0332353589765355,0.016368168834006956
230,800,0.5,0.01,0.02,0.3,IPW,2000,0.2990567562946964,-9.432437053035712e-4,0.04445922969349417,0.001976524502073999,-2.9558672695286337,0.044496202228159185,0.08316053813777202,0.9465,0.9465,1,NA,NA,9.94138598219301e-4,7.031379507063889e-4,6.300042291534646e-5,0.7507357091834056,7.939095155340879e-5,1.592890389002049,0.005031786462082825,0.005031786462082825,0,1.0008316053813777,0.01592890389002049
230,800,0.5,0.01,0.02,0.3,JM-MI,2000,0.29967984723906294,-3.201527609370507e-4,0.03174473035254743,0.0010073265389937036,90.3486784204119,0.032827290427213975,3.4102040327448346,0.961,0.961,1,NA,NA,7.098337499569691e-4,5.020537872495658e-4,3.108977630306133e-5,5.844127430749443,3.0431865245811614e-5,1.6382749821213212,0.004328914413568374,0.004328914413568374,0,1.0341020403274483,0.01638274982121321
230,800,0.5,0.01,0.02,0.3,Naive,2000,0.3023332700931791,0.0023332700931791195,0.031057788192908244,9.695480636595571e-4,98.86213743795524,0.03157299132245271,1.6588532523449606,0.9525,0.9535,1,NA,NA,6.944732563013319e-4,4.911895616272943e-4,3.0053008007827005e-5,6.651385863186456,2.5543288127490158e-5,1.6098717999266827,0.00475624589355933,0.004708383480558906,0,1.0165885325234496,0.016098717999266828
231,800,0.65,0.01,0.02,0.3,CCA,2000,0.300273796186321,2.737961863209954e-4,0.03830661573489292,0.0014667380750078597,0,0.03944455573059449,2.970609577146832,0.9550000000000001,0.9560000000000001,1,NA,NA,8.565619677118364e-4,6.058322528757434e-4,4.7985647512325844e-5,0,4.120387377786476e-5,1.632063881021638,0.00463546114210873,0.004586065852122053,0,1.0297060957714683,0.01632063881021638
231,800,0.65,0.01,0.02,0.3,AIPW,2000,0.2996905864814401,-3.0941351855987345e-4,0.03146458431400887,9.896207927458142e-4,48.21889569475015,0.03178727167290908,1.0255573557872877,0.9525,0.9520000000000001,1,NA,NA,7.035694940989743e-4,4.976231816634025e-4,3.1955517130948104e-5,3.878873998903983,3.626814665326273e-5,1.6019062395161359,0.00475624589355933,0.004779958158812687,0,1.0102555735578729,0.01601906239516136
231,800,0.65,0.01,0.02,0.3,FCS-MI,2000,0.29977874584004094,-2.2125415995904603e-4,0.03144003916238702,9.880307779044628e-4,48.45041419630773,0.03215100628762983,2.2613430014214675,0.9555,0.9550000000000001,1,NA,NA,7.030206478235295e-4,4.972349916805768e-4,3.175217834545404e-5,3.8370672810653716,2.6216022241052242e-5,1.6194462998461736,0.004610843198374891,0.00463546114210873,0,1.0226134300142147,0.016194462998461737
231,800,0.65,0.01,0.02,0.3,IPW,2000,0.3005545459985731,5.545459985731055e-4,0.0385863077783744,0.0014884662176579864,-1.4444417648018404,0.03896746112227868,0.9877942872728029,0.9500000000000001,0.9505,1,NA,NA,8.628160719317405e-4,6.102556783745263e-4,4.8282331910542524e-5,0.5589507750553452,5.6454277714042916e-5,1.6038437256323563,0.0048733971724044785,0.004850244839180801,0,1.009877942872728,0.016038437256323562
231,800,0.65,0.01,0.02,0.3,JM-MI,2000,0.2997132665691097,-2.867334308903075e-4,0.03146846774850326,9.898515462677608e-4,48.18231540362332,0.03215277880235441,2.174592863307434,0.9540000000000001,0.9540000000000001,1,NA,NA,7.036563303341305e-4,4.976845995105157e-4,3.196526068684149e-5,3.8271720653836137,2.6380316862228294e-5,1.6180992226533064,0.004684228858627636,0.004684228858627636,0,1.0217459286330743,0.016180992226533065
231,800,0.65,0.01,0.02,0.3,Naive,2000,0.30257387307805095,0.002573873078050951,0.031203931349455143,9.798233116175943e-4,50.705444700164136,0.0315849587888701,1.2210879300681654,0.9540000000000001,0.9545,1,NA,NA,6.977411166261845e-4,4.935008657212378e-4,3.171037829427451e-5,4.217771852270974,2.5277476762887665e-5,1.602894477146563,0.004684228858627636,0.004659922209651143,0,1.0122108793006817,0.01602894477146563
232,1500,0.25,0.01,0.02,0.3,CCA,2000,0.2990570687721798,-9.429312278201805e-4,0.046499239065707285,0.002161987263373353,4.440892098500626e-14,0.04672370411526601,0.48272843613965666,0.9465,0.9465,1,NA,NA,0.001039754594529353,7.3540139789809e-4,6.852465431076125e-5,0,6.035947023623556e-5,1.594461469517004,0.005031786462082825,0.005031786462082825,0,1.0048272843613966,0.015944614695170042
232,1500,0.25,0.01,0.02,0.3,AIPW,2000,0.2995170146642145,-4.8298533578548585e-4,0.02555858691464564,6.531480192255426e-4,230.9923941277869,0.02537113157652625,-0.7334338895394032,0.9495,0.9495,1,NA,NA,5.715073774998428e-4,4.0421780921554826e-4,2.0421052231636303e-5,12.304678734147432,2.824659648787152e-5,1.573819923920301,0.0048964145045124596,0.0048964145045124596,0,0.992665661104606,0.01573819923920301
232,1500,0.25,0.01,0.02,0.3,FCS-MI,2000,0.2998373984118745,-1.6260158812547143e-4,0.02537061572735873,6.433727475905706e-4,235.91521644635165,0.025741273422058997,1.4609724047830674,0.9555,0.9550000000000001,1,NA,NA,5.673042139739939e-4,4.012449804838776e-4,1.9874238570755975e-5,12.171109244549033,3.0001422410025286e-5,1.6089914081780383,0.004610843198374891,0.00463546114210873,0,1.0146097240478307,0.016089914081780385
232,1500,0.25,0.01,0.02,0.3,IPW,2000,0.2990664865791884,-9.335134208115984e-4,0.047625170329504314,0.002267894217796677,-4.67241122567107,0.046297271057747384,-2.788229968669076,0.9420000000000001,0.9430000000000001,1,NA,NA,0.001064931182967777,7.53208386613829e-4,7.152345777090342e-5,0.9793976546248986,8.55991000903323e-5,1.5479078091050993,0.005226662414964255,0.005184158562389848,0,0.9721177003133092,0.015479078091050993
232,1500,0.25,0.01,0.02,0.3,JM-MI,2000,0.29934227489062176,-6.577251093782217e-4,0.025283555708622348,6.393711624958808e-4,238.2325435917343,0.02582441880271722,2.139189203955305,0.9545,0.9555,1,NA,NA,5.653574927738243e-4,3.9986809645811325e-4,1.983172794596161e-5,12.248712971294783,3.172597113027258e-5,1.6202325732774192,0.004659922209651143,0.004610843198374891,0,1.021391892039553,0.016202325732774192
232,1500,0.25,0.01,0.02,0.3,Naive,2000,0.3028242737885951,0.0028242737885951384,0.023387844054219568,5.54694276312687e-4,295.28589088919904,0.022996457921945584,-1.6734596458170325,0.9420000000000001,0.9455,1,NA,NA,5.229680915239923e-4,3.6988676711443273e-4,1.7237488679885414e-5,15.427837537301617,1.3400625069612744e-5,1.5561231454961864,0.005226662414964255,0.005075911248239078,0,0.9832654035418297,0.015561231454961863
233,1500,0.5,0.01,0.02,0.3,CCA,2000,0.2994230500778566,-5.769499221434231e-4,0.032516179339473296,0.0010571061390900333,0,0.032598648582103214,0.2536252545815021,0.9470000000000001,0.9470000000000001,1,NA,NA,7.270838737163651e-4,5.142545173000226e-4,3.3302172755205724e-5,0,2.8078235528753867e-5,1.587895121595207,0.005009540897128196,0.005009540897128196,0,1.002536252545815,0.01587895121595207
233,1500,0.5,0.01,0.02,0.3,AIPW,2000,0.29956461327684564,-4.3538672315432614e-4,0.023066849824245554,5.320030826325892e-4,98.71124484065692,0.023392722985309686,1.4127337002975082,0.9570000000000001,0.9565,1,NA,NA,5.157904423379214e-4,3.64810133384867e-4,1.622997430069124e-5,6.108813664614768,1.958218112600267e-5,1.606122255988826,0.004536022486716746,0.004561126505590477,0,1.014127337002975,0.01606122255988826
233,1500,0.5,0.01,0.02,0.3,FCS-MI,2000,0.2997134149549275,-2.8658504507248227e-4,0.0230479435141623,5.310242273699593e-4,99.03738563559814,0.02356360684053968,2.2373507035910567,0.9590000000000001,0.9595,1,NA,NA,5.153676843924229e-4,3.645111236130152e-4,1.6195949861164522e-5,6.068321703291517,1.5348097596651405e-5,1.618289431363862,0.004433903472111224,0.004407933189148855,0,1.0223735070359106,0.016182894313638622
233,1500,0.5,0.01,0.02,0.3,IPW,2000,0.29998200887273585,-1.799112726411284e-5,0.032951620010348355,0.0010852666803563974,-2.6254466125386844,0.032480382106144894,-1.4300902476281019,0.9420000000000001,0.9420000000000001,1,NA,NA,7.368206231188125e-4,5.211411607053201e-4,3.472427087849184e-5,0.6653687400648918,4.060023104221719e-5,1.56377843572538,0.005226662414964255,0.005226662414964255,0,0.985699097523719,0.015637784357253798
233,1500,0.5,0.01,0.02,0.3,JM-MI,2000,0.29962177421882563,-3.782257811743834e-4,0.02296582551882735,5.273084819318861e-4,100.46331063660743,0.023587842471443722,2.7084458693045654,0.96,0.9605,1,NA,NA,5.135314701949734e-4,3.632123993806342e-4,1.5955336855330087e-5,6.102330516640811,1.558900221645496e-5,1.6257869101020668,0.004381780460041331,0.004355441998236229,0,1.0270844586930457,0.01625786910102067
233,1500,0.5,0.01,0.02,0.3,Naive,2000,0.30232283793174686,0.002322837931746854,0.022862981588954116,5.278501452304485e-4,102.27084424767732,0.022982670219792105,0.5235040336813102,0.9575,0.96,1,NA,NA,5.112318100122756e-4,3.615858873921856e-4,1.669536166858308e-5,6.4756466207762715,1.3674777449488991e-5,1.5909383802197417,0.004510751046111944,0.004381780460041331,0,1.005235040336813,0.015909383802197415
234,1500,0.65,0.01,0.02,0.3,CCA,2000,0.29949592327736724,-5.040767226327323e-4,0.028892346060214694,8.346043703750723e-4,4.440892098500626e-14,0.02856172079014416,-1.1443351446139949,0.9435,0.9445,1,NA,NA,6.460524982008829e-4,4.5694235235146143e-4,2.5865855276924008e-5,0,2.1555298864814542e-5,1.5652152489858453,0.005162739098579358,0.005119558086397692,0,0.98855664855386,0.01565215248985845
234,1500,0.65,0.01,0.02,0.3,AIPW,2000,0.2996423703217791,-3.576296782208947e-4,0.023274855223653985,5.415759252259567e-4,54.096097242795274,0.023101977427720858,-0.7427663642669335,0.9475,0.9470000000000001,1,NA,NA,5.204415844655639e-4,3.6809981004557867e-4,1.6937636308611664e-5,4.001318381765714,1.861989918533374e-5,1.571824332879521,0.004987171041783106,0.005009540897128196,0,0.9925723363573307,0.01571824332879521
234,1500,0.65,0.01,0.02,0.3,FCS-MI,2000,0.2997388023256702,-2.6119767432977904e-4,0.02327741118254337,5.416351766505899e-4,54.062258285142704,0.02325275434095713,-0.10592604732923006,0.9495,0.9500000000000001,1,NA,NA,5.204987374438075e-4,0.00036814023341116467,1.693141084221554e-5,3.974186916211934,1.4118019883253688e-5,1.581022783882609,0.0048964145045124596,0.0048733971724044785,0,0.9989407395267077,0.015810227838826088
234,1500,0.65,0.01,0.02,0.3,IPW,2000,0.29987163456147053,-1.2836543852945165e-4,0.029047960459439838,8.433785925355627e-4,-1.06856090145655,0.028419633771909678,-2.1630664514553533,0.9450000000000001,0.9450000000000001,1,NA,NA,6.49532141950335e-4,4.594034473935014e-4,2.6201721156480864e-5,0.49721581221104505,2.9227738561001402e-5,1.5505926807262944,0.005097793640389926,0.005097793640389926,0,0.9783693354854465,0.015505926807262944
234,1500,0.65,0.01,0.02,0.3,JM-MI,2000,0.2996534995896749,-3.465004103250877e-4,0.02331047113249036,5.432264379208127e-4,53.625572235103135,0.023252819715469487,-0.24731982761395654,0.9480000000000001,0.9475,1,NA,NA,5.212379803979496e-4,3.6866308784693516e-4,1.7003099380404032e-5,3.9548219854336404,1.4077064506362517e-5,1.5787782087812348,0.004964675215963273,0.004987171041783106,0,0.9975268017238604,0.015787782087812348
234,1500,0.65,0.01,0.02,0.3,Naive,2000,0.30263353073884236,0.0026335307388423873,0.023196182985728907,5.447293578072932e-4,55.143135298752895,0.023002169463637284,-0.8364027918342676,0.9510000000000001,0.9475,1,NA,NA,5.186824197461387e-4,3.668555816472576e-4,1.7366482173039776e-5,4.305427060037989,1.3395499622077002e-5,1.5693691280822704,0.004826955562256604,0.004987171041783106,0,0.9916359720816573,0.015693691280822705
235,500,0.25,0.01,0.05,0.3,CCA,2000,0.3019226410700879,0.0019226410700879132,0.08437251813994168,0.00711885900505054,0,0.08260989335264665,-2.089098235010012,0.9465,0.9445,0.9560000000000001,NA,NA,0.0018866268599374372,0.0013343802830110092,2.2658951505846958e-4,6.665668500104314e-8,1.9802579582530794e-4,1.5661804249523474,0.005031786462082825,0.005119558086397692,0.004586065852122053,0.9791090176498999,0.015661804249523473
235,500,0.25,0.01,0.05,0.3,AIPW,2000,0.30089322123035817,8.932212303581557e-4,0.051164280467305236,0.002617272548105566,171.9369862683556,0.04938951683096768,-3.468755194303297,0.9415,0.9410000000000001,1,NA,NA,0.0011440680914475922,8.091806260514747e-4,8.437518063945338e-5,9.23443011951804,1.2169546831476909e-4,1.5450920481602606,0.0052477495176503994,0.005268728499363008,0,0.965312448056967,0.015450920481602605
235,500,0.25,0.01,0.05,0.3,FCS-MI,2000,0.30137285804734953,0.001372858047349521,0.048805103164992224,0.002382631865116234,198.86258725114203,0.05022484219797698,2.9089970943922294,0.9555,0.9540000000000001,1,NA,NA,0.0010913152832581275,7.718694286884637e-4,7.580195596542873e-5,9.383152671965949,1.1683334749737771e-4,1.6450520573521614,0.004610843198374891,0.004684228858627636,0,1.0290899709439223,0.016450520573521615
235,500,0.25,0.01,0.05,0.3,IPW,2000,0.3018340496911821,0.0018340496911821173,0.08718635989992464,0.007601024360192612,-6.350614874327231,0.07661342426225673,-12.126823106049933,0.905,0.904,0.9625,NA,NA,0.0019495462744699324,0.0013788821545541413,2.4592227619452556e-4,1.106660948529465,2.5695413828559776e-4,1.4206506827219485,0.006556485338960196,0.006587260432076448,0.004248161366991606,0.8787317689395007,0.014206506827219485
235,500,0.25,0.01,0.05,0.3,JM-MI,2000,0.3010325900437735,0.001032590043773484,0.0493952407606188,0.0024397361070930975,191.76407019216097,0.050449316221966835,2.133961582364474,0.9565,0.9560000000000001,1,NA,NA,0.0011045111610571206,7.812026569626456e-4,7.9197796744619e-5,9.142469627880551,1.226719669667576e-4,1.6342636569798223,0.004561126505590477,0.004586065852122053,0,1.0213396158236447,0.016342636569798223
235,500,0.25,0.01,0.05,0.3,Naive,2000,0.3050524849803541,0.005052484980354089,0.03991607527531257,0.001618024023328431,346.7929957102544,0.039780520898095875,-0.33959846072474376,0.9500000000000001,0.9480000000000001,1,NA,NA,8.925505771059754e-4,6.312864069579748e-4,5.202524541425267e-5,17.57606118482323,3.98485713910531e-5,1.5793217721422927,0.0048733971724044785,0.004964675215963273,0,0.9966040153927526,0.015793217721422927
236,500,0.5,0.01,0.05,0.3,CCA,2000,0.2983389230559385,-0.001661076944061474,0.054377331233047874,0.0029581748815666825,0,0.05653174537998784,3.9619710973064715,0.9575,0.9590000000000001,0.9995,NA,NA,0.0012159140907211752,8.59996124802018e-4,9.209233556387818e-5,6.665668500104314e-8,9.000630729441414e-5,1.652504763623917,0.004510751046111944,0.004433903472111224,4.99874984371065e-4,1.0396197109730647,0.01652504763623917
236,500,0.5,0.01,0.05,0.3,AIPW,2000,0.2997453126908851,-2.546873091148787e-4,0.04076041094463661,0.0016606452604508886,77.97486434032119,0.04103726216560219,0.6792159709616774,0.9540000000000001,0.9535,1,NA,NA,9.114304966303388e-4,6.446398648637849e-4,5.120977455663279e-5,5.3530498814031775,6.4018031256447e-5,1.6000035748164556,0.004684228858627636,0.004708383480558906,0,1.0067921597096168,0.016000035748164557
236,500,0.5,0.01,0.05,0.3,FCS-MI,2000,0.3000356285460009,3.562854600094043e-5,0.04045697449239779,0.0016359496710792762,80.65457944191753,0.04187841592037895,3.5134644787841562,0.9625,0.9625,1,NA,NA,9.046454512897651e-4,6.398409134049375e-4,5.011264114081254e-5,5.2593900969359,5.079353615348069e-5,1.6419080556057328,0.004248161366991606,0.004248161366991606,0,1.0351346447878416,0.016419080556057328
236,500,0.5,0.01,0.05,0.3,IPW,2000,0.29849114767049767,-0.0015088523295023288,0.05514913815883285,0.0030421833612944474,-2.7793951790881066,0.054842070814349914,-0.5567944572380523,0.9445,0.9430000000000001,0.999,NA,NA,0.0012331722182367785,8.722025157781725e-4,9.405658802336775e-5,0.8341808730718582,1.2128866024377704e-4,1.5880311882638538,0.005119558086397692,0.005184158562389848,7.067531393633852e-4,0.9944320554276195,0.01588031188263854
236,500,0.5,0.01,0.05,0.3,JM-MI,2000,0.29981703009290234,-1.8296990709764543e-4,0.040572793398691596,0.0016453619663777293,79.6246601092444,0.041852155173268124,3.153250410946029,0.9575,0.9575,1,NA,NA,9.072352407652914e-4,6.416726290911048e-4,5.070503796276532e-5,5.193789175016501,5.148777937020824e-5,1.6363322348859848,0.004510751046111944,0.004510751046111944,0,1.0315325041094603,0.016363322348859847
236,500,0.5,0.01,0.05,0.3,Naive,2000,0.3041877455683082,0.0041877455683082074,0.039409476447591324,0.0015698674934012038,90.38575373816862,0.03976389136569017,0.8993139469136713,0.9485,0.9490000000000001,1,NA,NA,8.812226829449113e-4,6.23274372921175e-4,4.8955027297478244e-5,6.501235718048074,4.0365211328283226e-5,1.5990409683769846,0.004942051699446293,0.004919298730510272,0,1.0089931394691367,0.015990409683769847
237,500,0.65,0.01,0.05,0.3,CCA,2000,0.30003791518988376,3.7915189883796416e-5,0.05036154741035227,0.002535018752398001,0,0.04923311821474271,-2.240656321409229,0.9430000000000001,0.9430000000000001,1,NA,NA,0.0011261184346162618,7.964851277146519e-4,8.082190552643788e-5,0,6.43237912330985e-5,1.5513642229751687,0.005184158562389848,0.005184158562389848,0,0.9775934367859077,0.015513642229751688
237,500,0.65,0.01,0.05,0.3,AIPW,2000,0.29986134463296243,-1.3865536703753546e-4,0.04141615360031225,0.0017144593554659431,47.86269116361564,0.03973627882421295,-4.0560859231665525,0.9325,0.9325,1,NA,NA,9.260933481687084e-4,6.550106596409604e-4,5.462295665322978e-5,3.674750493019518,5.581334790439898e-5,1.5233583822969845,0.005609979946488223,0.005609979946488223,0,0.9594391407683345,0.015233583822969845
237,500,0.65,0.01,0.05,0.3,FCS-MI,2000,0.3001719887788197,1.7198877881971183e-4,0.04123632902681127,0.0016996141943316741,49.155110823481785,0.04053931442275264,-1.6902925660658208,0.9435,0.9435,1,NA,NA,9.220723484649775e-4,6.521666723975954e-4,5.413975555654037e-5,3.632285564672911,4.2083740180276666e-5,1.5581474812765321,0.005162739098579358,0.005162739098579358,0,0.9830970743393418,0.015581474812765322
237,500,0.65,0.01,0.05,0.3,IPW,2000,0.30046309999981946,4.63099999819484e-4,0.05086099370126919,0.002585761721550237,-1.9543230126527034,0.04807776919485158,-5.472218106403526,0.931,0.9315,1,NA,NA,0.0011372863931922654,8.043840419312114e-4,8.245794319079844e-5,0.6042907509387965,8.889012973597713e-5,1.5051703198548292,0.0056674068144081545,0.0056483515294287415,0,0.9452778189359647,0.015051703198548292
237,500,0.65,0.01,0.05,0.3,JM-MI,2000,0.30003664174970945,3.6641749709460545e-5,0.04135169775724755,0.0017091092685708707,48.3240043733796,0.04053995107610694,-1.9630310849772514,0.9425,0.9425,1,NA,NA,9.246520717023112e-4,6.539912683983317e-4,5.446425646240074e-5,3.6063917254692464,4.2053673080336636e-5,1.5538198807490533,0.005205465877325487,0.005205465877325487,0,0.9803696891502275,0.015538198807490532
237,500,0.65,0.01,0.05,0.3,Naive,2000,0.30440116877229767,0.004401168772297681,0.040738208226060564,0.0016781420952273823,52.824957694234364,0.039783746200057944,-2.3429160671628257,0.9395,0.9450000000000001,1,NA,NA,9.109340287501255e-4,6.442887212621683e-4,5.197216624904419e-5,4.375963774045411,3.8956802293568214e-5,1.5474378110103395,0.005331029450303197,0.005097793640389926,0,0.9765708393283717,0.015474378110103396
238,800,0.25,0.01,0.05,0.3,CCA,2000,0.3024620753595301,0.002462075359530134,0.06498618421425909,0.004227154351736257,0,0.06390386647088489,-1.665458214634974,0.9425,0.9455,0.9975,NA,NA,0.0014531352550140706,0.001027778769620216,1.3792395501138082e-4,0,1.1931183596517893e-4,1.565994004088339,0.005205465877325487,0.005075911248239078,0.001116635571706353,0.9833454178536503,0.01565994004088339
238,800,0.25,0.01,0.05,0.3,AIPW,2000,0.3000071020130695,7.102013069527722e-6,0.036487494316750975,0.001330671623332767,217.21520340886835,0.037010890057417166,1.4344524075085907,0.9490000000000001,0.9490000000000001,1,NA,NA,8.158851762089242e-4,5.770622243607059e-4,4.324662694651021e-5,11.499029153765713,6.559406879891648e-5,1.6142619185106464,0.004919298730510272,0.004919298730510272,0,1.014344524075086,0.016142619185106465
238,800,0.25,0.01,0.05,0.3,FCS-MI,2000,0.30065818316514853,6.581831651485294e-4,0.03577203642725473,0.001279431975936648,230.0310080696456,0.03762914809999541,5.191517895597753,0.9570000000000001,0.9570000000000001,1,NA,NA,7.998870514494029e-4,5.657470127003761e-4,4.161842029895626e-5,11.392148626193512,6.984616422251873e-5,1.6750587003157766,0.004536022486716746,0.004536022486716746,0,1.0519151789559775,0.016750587003157767
238,800,0.25,0.01,0.05,0.3,IPW,2000,0.3025865373949913,0.002586537394991329,0.06694301298873598,0.0044858164802117585,-5.760805798123059,0.06164218102098988,-7.918424539149482,0.919,0.919,0.997,NA,NA,0.0014968912766146502,0.0010587266871584797,1.4603383769000203e-4,1.0219628945608725,1.6297760524960542e-4,1.4765114171778535,0.006100778638829636,0.006100778638829636,0.0012229063741758816,0.9208157546085052,0.014765114171778535
238,800,0.25,0.01,0.05,0.3,JM-MI,2000,0.30053523872444665,5.352387244466862e-4,0.035943609019418586,0.0012915835383183064,226.88779944765568,0.03779993427604593,5.164548878840902,0.9565,0.9570000000000001,1,NA,NA,8.037235312409452e-4,5.68460492031511e-4,4.1590261997348993e-5,11.225143825402577,6.850666993866219e-5,1.6740983017166702,0.004561126505590477,0.004536022486716746,0,1.051645488788409,0.016740983017166703
238,800,0.25,0.01,0.05,0.3,Naive,2000,0.3044472660175626,0.004447266017562603,0.03193724095254275,0.0010392555410119108,314.04475248930186,0.03140453351529438,-1.6679820214900443,0.9435,0.9425,1,NA,NA,7.141384178367574e-4,5.050984083485629e-4,3.3012444252134335e-5,16.421584136283766,2.4827984232762878e-5,1.5570963962741966,0.005162739098579358,0.005205465877325487,0,0.9833201797850996,0.015570963962741966
239,800,0.5,0.01,0.05,0.3,CCA,2000,0.30005905090490786,5.905090490784816e-5,0.04386889951423348,0.00192352159142699,0,0.044236055063664605,0.8369381349810245,0.9535,0.9535,1,NA,NA,9.809384141193356e-4,6.938016766560484e-4,6.129970575027972e-5,0,5.444804139738168e-5,1.59959316448729,0.004708383480558906,0.004708383480558906,0,1.0083693813498102,0.0159959316448729
239,800,0.5,0.01,0.05,0.3,AIPW,2000,0.299737031048404,-2.6296895159601675e-4,0.032243799048045634,0.0010392118984317265,85.10624380163448,0.03208406801358523,-0.49538528081753963,0.9505,0.9495,1,NA,NA,7.209932652427304e-4,5.099467296652027e-4,3.3285731129476315e-5,5.587008532329584,3.732103522383188e-5,1.5779504367657577,0.004850244839180801,0.0048964145045124596,0,0.9950461471918246,0.015779504367657578
239,800,0.5,0.01,0.05,0.3,FCS-MI,2000,0.29994425952277304,-5.574047722696056e-5,0.032092729764418265,0.0010294314390809137,86.85303721249508,0.032555112919170195,1.4407722812803003,0.9540000000000001,0.9540000000000001,1,NA,NA,7.176152533677005e-4,5.075575171836383e-4,3.3284985763111826e-5,5.540157735320233,3.064747460374631e-5,1.6071602590810163,0.004684228858627636,0.004684228858627636,0,1.014407722812803,0.016071602590810162
239,800,0.5,0.01,0.05,0.3,IPW,2000,0.30070486402727126,7.048640272712681e-4,0.044623624902818904,0.0019907690988146868,-3.3540215706498344,0.04352592573544406,-2.459905867722323,0.9380000000000001,0.936,1,NA,NA,9.978145868515553e-4,7.057379172687304e-4,6.420684842517595e-5,0.7218397690687205,7.440995382415867e-5,1.5516162384182717,0.005392402062161164,0.00547284204047586,0,0.9754009413227768,0.015516162384182717
239,800,0.5,0.01,0.05,0.3,JM-MI,2000,0.29986521622042955,-1.347837795704343e-4,0.032141033500755416,0.0010325476781466692,86.29182827535415,0.03255749738328344,1.2957389267468145,0.9550000000000001,0.9545,1,NA,NA,7.186953577478716e-4,5.083214573241608e-4,3.32454508514719e-5,5.513471501817692,3.0941512081571686e-5,1.604916646793236,0.00463546114210873,0.004659922209651143,0,1.0129573892674681,0.01604916646793236
239,800,0.5,0.01,0.05,0.3,Naive,2000,0.30444535524035943,0.0044453552403594405,0.03128946962292661,9.983025770423965e-4,96.5699270922163,0.031380411936645106,0.29064830696861055,0.9495,0.9495,1,NA,NA,6.996538105677862e-4,4.948536828242407e-4,3.182581815918747e-5,6.499191371876561,2.5444757458575086e-5,1.5882142381116846,0.0048964145045124596,0.0048964145045124596,0,1.002906483069686,0.015882142381116845
240,800,0.65,0.01,0.05,0.3,CCA,2000,0.29744982650850177,-0.0025501734914982425,0.038498926368991375,0.0014879296327359774,0,0.03854000660033043,0.1067048752095845,0.9535,0.9545,1,NA,NA,8.608621642182386e-4,6.088737114455671e-4,4.718615813354143e-5,0,4.033506680251167e-5,1.5866845931755753,0.004708383480558906,0.004659922209651143,0,1.0010670487520958,0.015866845931755753
240,800,0.65,0.01,0.05,0.3,AIPW,2000,0.2987657977658416,-0.0012342022341583572,0.03208636387722239,0.0010305432346428927,43.96477011420181,0.031348664402423905,-2.2991058682164,0.9395,0.9400000000000001,1,NA,NA,7.174729078026299e-4,5.074568384964862e-4,3.364732050603601e-5,3.657301561520471,3.666560533509544e-5,1.5493927713453912,0.005331029450303197,0.005310367218940699,0,0.977008941317836,0.015493927713453912
240,800,0.65,0.01,0.05,0.3,FCS-MI,2000,0.29887186773947233,-0.0011281322605276758,0.03202348657699287,0.0010262636230978124,44.53066745026057,0.03167603575615094,-1.0849874825671013,0.9410000000000001,0.9425,1,NA,NA,7.160669286270812e-4,5.064624124496534e-4,3.3591255648669325e-5,3.6207617221670234,2.6426631260908835e-5,1.5665498869026515,0.005268728499363008,0.005205465877325487,0,0.989150125174329,0.015665498869026514
240,800,0.65,0.01,0.05,0.3,IPW,2000,0.2977741180104965,-0.002225881989503476,0.038711374843514994,0.0015027758076351838,-1.0945904945657614,0.038127383607313825,-1.5085778755259072,0.9465,0.9470000000000001,1,NA,NA,8.656126565257481e-4,6.1223365686156e-4,4.7404540749543066e-5,0.5636429581299849,5.7045575533536566e-5,1.5646304931221922,0.005031786462082825,0.005009540897128196,0,0.9849142212447409,0.015646304931221922
240,800,0.65,0.01,0.05,0.3,JM-MI,2000,0.29867045720754054,-0.001329542792459459,0.0320387402418717,0.001027735319884967,44.393077923437986,0.03167541296195944,-1.1340248623053606,0.9415,0.9420000000000001,1,NA,NA,7.164080109428317e-4,5.067036543860882e-4,3.335860303722381e-5,3.6154128225406805,2.6614206810973762e-5,1.5658043019213466,0.0052477495176503994,0.005226662414964255,0,0.9886597513769464,0.015658043019213464
240,800,0.65,0.01,0.05,0.3,Naive,2000,0.303296005435637,0.0032960054356370038,0.03154363983450963,0.0010053673652340074,48.96135911159012,0.03135686463387978,-0.59211683118926,0.9465,0.9465,1,NA,NA,7.053372292773377e-4,4.988734718069824e-4,3.2433420351952586e-5,4.219967603050592,2.501603763386448e-5,1.57416871043695,0.005031786462082825,0.005031786462082825,0,0.9940788316881074,0.0157416871043695
241,1500,0.25,0.01,0.05,0.3,CCA,2000,0.2986179046884206,-0.0013820953115794188,0.04580300642293244,0.00209877662713079,0,0.04581604211424932,0.028460339909819332,0.9500000000000001,0.9505,1,NA,NA,0.001024186359355364,7.243902401018218e-4,6.470442169019797e-5,0,5.86684293901447e-5,1.5871613799663333,0.0048733971724044785,0.004850244839180801,0,1.0002846033990982,0.015871613799663332
241,1500,0.25,0.01,0.05,0.3,AIPW,2000,0.29973755561752774,-2.624443824722327e-4,0.025476115655571594,6.487768297155033e-4,223.23735682246172,0.025740952023311642,1.039547674066732,0.9505,0.9505,1,NA,NA,5.696632640850471e-4,4.0291349799609436e-4,2.138050595015151e-5,11.804204068716272,2.921685216745499e-5,1.6020850700944487,0.004850244839180801,0.004850244839180801,0,1.0103954767406673,0.016020850700944486
241,1500,0.25,0.01,0.05,0.3,FCS-MI,2000,0.30020686649910133,2.0686649910132876e-4,0.0251277507688727,6.311309505216818e-4,232.26204883986873,0.02605316746300312,3.682847313484161,0.9550000000000001,0.9555,1,NA,NA,5.618735884087197e-4,3.974039879523932e-4,2.0758272551357118e-5,11.82332537365358,3.52718931567341e-5,1.6457768560836694,0.00463546114210873,0.004610843198374891,0,1.0368284731348416,0.016457768560836694
241,1500,0.25,0.01,0.05,0.3,IPW,2000,0.2990713796170535,-9.286203829465206e-4,0.04684126124271361,0.002193869038746364,-4.383947532935362,0.04537035527195159,-3.140192923372287,0.9395,0.9395,1,NA,NA,0.0010474024429053392,7.408105958147951e-4,6.654290848058458e-5,0.9834579644613313,8.283271603688854e-5,1.5420441699513496,0.005331029450303197,0.005331029450303197,0,0.9685980707662771,0.015420441699513496
241,1500,0.25,0.01,0.05,0.3,JM-MI,2000,0.29986614832375924,-1.338516762407346e-4,0.02523751956275501,6.36631843754834e-4,229.37803418297244,0.026122297558805956,3.5058041019081942,0.9585,0.9585,1,NA,NA,5.643280932580098e-4,3.9914001903781736e-4,2.0882987237789786e-5,11.70304435511951,3.421571235753413e-5,1.6425843186321112,0.004459694496263168,0.004459694496263168,0,1.035058041019082,0.01642584318632111
241,1500,0.25,0.01,0.05,0.3,Naive,2000,0.3041967011066562,0.0041967011066562105,0.02288097131224459,5.408893789462737e-4,300.7181901830471,0.02287295301446008,-0.03504352011586276,0.9460000000000001,0.9445,1,NA,NA,5.116340724540148e-4,3.618704010298587e-4,1.8487532587930745e-5,15.885533569178932,1.291015865968486e-5,1.5819865513938876,0.005053909377897468,0.005119558086397692,0,0.9996495647988414,0.015819865513938876
242,1500,0.5,0.01,0.05,0.3,CCA,2000,0.2993084039608521,-6.915960391478597e-4,0.032095262933817474,0.0010300691549208474,0,0.031984713927234676,-0.34444025839812653,0.9500000000000001,0.9500000000000001,1,NA,NA,7.176718967574521e-4,5.075975801256288e-4,3.1431827211603054e-5,0,2.785918821264569e-5,1.5784752713072947,0.0048733971724044785,0.0048733971724044785,0,0.9965555974160187,0.015784752713072947
242,1500,0.5,0.01,0.05,0.3,AIPW,2000,0.2997213104335266,-2.786895664733643e-4,0.02283153896762992,5.210961999190496e-4,97.61117628563952,0.023244344705954025,1.8080504293178423,0.9530000000000001,0.9530000000000001,1,NA,NA,5.105287316255587e-4,3.6108861156273125e-4,1.6304176408317697e-5,5.985358005059509,1.986286410961853e-5,1.6124777837323023,0.004732388403332927,0.004732388403332927,0,1.0180805042931784,0.016124777837323023
242,1500,0.5,0.01,0.05,0.3,FCS-MI,2000,0.2999566554209015,-4.3344579098511566e-5,0.02283681489476701,5.212612332331209e-4,97.51987968934071,0.02343683838930786,2.627439497608486,0.9545,0.9550000000000001,1,NA,NA,5.106467049427874e-4,3.6117205215809977e-4,1.635337911039431e-5,5.920600852846868,1.599148915021069e-5,1.6245979651726705,0.004659922209651143,0.00463546114210873,0,1.0262743949760849,0.016245979651726705
242,1500,0.5,0.01,0.05,0.3,IPW,2000,0.29969350681065776,-3.0649318934223744e-4,0.032329947024456594,0.001044796799941981,-1.4465368650737997,0.0318175160955596,-1.5850039237904068,0.9450000000000001,0.9455,1,NA,NA,7.229195925565201e-4,5.113091894290966e-4,3.1925816264853585e-5,0.6635820589153182,3.9964968402869903e-5,1.5613680087485868,0.005097793640389926,0.005075911248239078,0,0.9841499607620959,0.015613680087485869
242,1500,0.5,0.01,0.05,0.3,JM-MI,2000,0.2998132147636186,-1.8678523638139815e-4,0.022835402321085434,5.212297600907811e-4,97.54431718419082,0.02344485396743705,2.6688894628708493,0.9570000000000001,0.9570000000000001,1,NA,NA,5.106151188350351e-4,3.611497118213343e-4,1.626548179724173e-5,5.931293200392243,1.5964810803411998e-5,1.6252480584524196,0.004536022486716746,0.004536022486716746,0,1.0266888946287085,0.016252480584524196
242,1500,0.5,0.01,0.05,0.3,Naive,2000,0.30431360982562256,0.004313609825622584,0.02261096178335792,5.29607194699796e-4,101.48550301676065,0.022863866735789235,1.1185059479312365,0.9495,0.9520000000000001,1,NA,NA,5.055964758423819e-4,3.576001078169209e-4,1.7345386272789407e-5,6.611050419449993,1.2834819547636382e-5,1.6002309014176854,0.0048964145045124596,0.004779958158812687,0,1.0111850594793124,0.016002309014176853
243,1500,0.65,0.01,0.05,0.3,CCA,2000,0.29965525447750924,-3.447455224907483e-4,0.027686814915675262,7.662952897900484e-4,4.440892098500626e-14,0.027979466742034106,1.0570079196547733,0.9495,0.9495,1,NA,NA,6.1909600231905e-4,4.3787646424840634e-4,2.4405635778104243e-5,0,2.060868387217858e-5,1.5999835895459387,0.0048964145045124596,0.0048964145045124596,0,1.0105700791965477,0.015999835895459388
243,1500,0.65,0.01,0.05,0.3,AIPW,2000,0.30043205456504946,4.320545650494548e-4,0.022379937063572962,5.007978233251821e-4,53.0482165611728,0.022803441329471603,1.8923389493707088,0.9550000000000001,0.9550000000000001,1,NA,NA,5.004306060631617e-4,3.5394637271732505e-4,1.6317151215792868e-5,3.8652060119651974,1.8979971779466696e-5,1.6136923443849582,0.00463546114210873,0.00463546114210873,0,1.018923389493707,0.016136923443849583
243,1500,0.65,0.01,0.05,0.3,FCS-MI,2000,0.30054271534595006,5.427153459500496e-4,0.022430537424407464,5.031719845898997e-4,52.35848186796921,0.022967939356691766,2.3958495604279983,0.9565,0.9570000000000001,1,NA,NA,5.015620645282814e-4,3.547466347611675e-4,1.6389126581984937e-5,3.828703782271778,1.3983819425712747e-5,1.6206250006561653,0.004561126505590477,0.004536022486716746,0,1.02395849560428,0.016206250006561652
243,1500,0.65,0.01,0.05,0.3,IPW,2000,0.30003983287180674,3.983287180674972e-5,0.02779161093521759,7.719890382129951e-4,-0.7527338985679366,0.027822954053160306,0.1127790613353774,0.9470000000000001,0.9465,1,NA,NA,6.214393125537304e-4,4.395338492038178e-4,2.4427122732004124e-5,0.4930658922838104,2.974732277957032e-5,1.5869317920032426,0.005009540897128196,0.005031786462082825,0,1.0011277906133538,0.015869317920032426
243,1500,0.65,0.01,0.05,0.3,JM-MI,2000,0.30048140562156395,4.814056215639812e-4,0.02240859163647773,5.021256580133279e-4,52.657051655148294,0.022963254512463272,2.475224168406176,0.9555,0.9545,1,NA,NA,5.010713417919747e-4,3.543995546057547e-4,1.628628119713487e-5,3.8226051285761837,1.4102176541934444e-5,1.621902164972188,0.004610843198374891,0.004659922209651143,0,1.0247522416840618,0.01621902164972188
243,1500,0.65,0.01,0.05,0.3,Naive,2000,0.30505620057459487,0.005056200574594884,0.022441559506869838,5.289369455543635e-4,52.20885809892373,0.02288256371173063,1.965122810318909,0.9535,0.9535,1,NA,NA,5.018085257846762e-4,3.5492095277181543e-4,1.6874241132582578e-5,4.264280291273947,1.318100906235793e-5,1.6136826228083663,0.004708383480558906,0.004708383480558906,0,1.019651228103189,0.016136826228083663
244,500,0.25,0.01,0.1,0.3,CCA,2000,0.2981910290174883,-0.001808970982511727,0.07974439462637058,0.0063592612661047265,0,0.08009989987130013,0.44580593607264074,0.9510000000000001,0.9525,0.9550000000000001,NA,NA,0.0017831388720913354,0.0012611849239059767,1.9683138767117054e-4,0,1.9268467357189944e-4,1.6068558758558984,0.004826955562256604,0.00475624589355933,0.00463546114210873,1.0044580593607264,0.016068558758558983
244,500,0.25,0.01,0.1,0.3,AIPW,2000,0.30063810837123395,6.381083712339845e-4,0.04931771456241296,0.0024314280334682492,161.45349131898956,0.04972900594160035,0.8339627714639697,0.9525,0.9530000000000001,0.9995,NA,NA,0.001102777622564867,7.799765535751529e-4,8.18276377469475e-5,8.817865994452006,1.1879882173692903e-4,1.6128140052914828,0.00475624589355933,0.004732388403332927,4.99874984371065e-4,1.0083396277146397,0.016128140052914828
244,500,0.25,0.01,0.1,0.3,FCS-MI,2000,0.3012045834380432,0.001204583438043195,0.04652336874470773,0.0021647926486955786,193.80421517711056,0.05069913619496316,8.975634316529257,0.9695,0.9685,0.9995,NA,NA,0.0010402941505545556,7.357830170390545e-4,7.263640303850856e-5,9.237509464964976,1.288354111435016e-4,1.7455931826337228,0.0038451105315712303,0.0039056209493497944,4.99874984371065e-4,1.0897563431652926,0.01745593182633723
244,500,0.25,0.01,0.1,0.3,IPW,2000,0.29884691151696835,-0.0011530884830316124,0.08261119362738276,0.006822526620934355,-6.820036384490303,0.07433910469871988,-10.013278546699233,0.921,0.919,0.9655,NA,NA,0.0018472424465322528,0.0013065243323607703,2.1153539652341173e-4,1.1462353758034796,2.3655042830635797e-4,1.451691040755499,0.006031542091372652,0.006100778638829636,0.00408103847078167,0.8998672145330077,0.01451691040755499
244,500,0.25,0.01,0.1,0.3,JM-MI,2000,0.30088342058240236,8.834205824023627e-4,0.04681748227496599,0.0021915611401688837,190.124377404495,0.05065517948102872,8.197145637869575,0.9705,0.971,1,NA,NA,0.0010468707290221546,7.404345232924585e-4,7.174352747567965e-5,8.978115553115218,1.2744792308201552e-4,1.7326929808078424,0.0037835003634200943,0.0037522659820433853,0,1.0819714563786957,0.017326929808078425
244,500,0.25,0.01,0.1,0.3,Naive,2000,0.3072792795213245,0.007279279521324501,0.0384988022276806,0.0015344046044291559,329.04801299260333,0.03950319259690174,2.6088873188345296,0.9535,0.9540000000000001,1,NA,NA,8.608593883341416e-4,6.088717481082025e-4,4.790943249793577e-5,17.363412923996716,3.944331700593961e-5,1.626025633811787,0.004708383480558906,0.004684228858627636,0,1.0260888731883453,0.01626025633811787
245,500,0.5,0.01,0.1,0.3,CCA,2000,0.29976390630679633,-2.360936932036335e-4,0.054465751711260356,0.0029650905906498945,0,0.054804540776729034,0.6220221971133366,0.9520000000000001,0.9520000000000001,0.999,NA,NA,0.0012178912327200366,8.613945249605323e-4,9.597144546522208e-5,6.665668500104314e-8,8.396966138906803e-5,1.5988221765569741,0.004779958158812687,0.004779958158812687,7.067531393633852e-4,1.0062202219711334,0.01598822176556974
245,500,0.5,0.01,0.1,0.3,AIPW,2000,0.3005670451246598,5.67045124659804e-4,0.04043502587846854,0.0016344953623069253,81.43937996429725,0.040499447205027655,0.15932060177910046,0.9485,0.9470000000000001,1,NA,NA,9.041546653621882e-4,6.394937885553742e-4,5.1873547419753126e-5,5.36740435139568,6.235591678885689e-5,1.59154281266741,0.004942051699446293,0.005009540897128196,0,1.001593206017791,0.0159154281266741
245,500,0.5,0.01,0.1,0.3,FCS-MI,2000,0.30112178020201386,0.001121780202013851,0.040068398180164375,0.0016059321852794682,84.77492812922169,0.041424902840160385,3.38547264579081,0.96,0.9595,1,NA,NA,8.959566208037641e-4,6.336954458887329e-4,5.091366199700914e-5,5.2911153058678035,5.253751865230646e-5,1.6403255996280874,0.004381780460041331,0.004407933189148855,0,1.033854726457908,0.016403255996280876
245,500,0.5,0.01,0.1,0.3,IPW,2000,0.30037040610337706,3.704061033770944e-4,0.055535969520474286,0.003082838989305179,-3.8170068425063763,0.05312416142282989,-4.34278561888658,0.9345,0.935,0.999,NA,NA,0.0012418220304413691,8.783203863028912e-4,9.76887815791593e-5,0.7869340198997968,1.164009606750197e-4,1.5273016566828956,0.005532167296819575,0.005512485827646179,7.067531393633852e-4,0.9565721438111342,0.015273016566828956
245,500,0.5,0.01,0.1,0.3,JM-MI,2000,0.3006912679660769,6.912679660769566e-4,0.04009364647724986,0.0016071745889996933,84.54228362031849,0.0414203694284422,3.3090603319035905,0.9590000000000001,0.96,1,NA,NA,8.965211898897566e-4,6.340947563579854e-4,5.0756983262398226e-5,5.273340711265764,5.167077937246601e-5,1.6389429747139652,0.004433903472111224,0.004381780460041331,0,1.033090603319036,0.016389429747139653
245,500,0.5,0.01,0.1,0.3,Naive,2000,0.3067830379608158,0.006783037960815809,0.03921199994199614,0.001582821752959248,92.93411054716023,0.039549402986840454,0.8604586487386934,0.9480000000000001,0.9490000000000001,1,NA,NA,8.768069740402117e-4,6.201512143236437e-4,4.9666129420719864e-5,6.675945984988452,3.9528607698345365e-5,1.5983248752726114,0.004964675215963273,0.004919298730510272,0,1.008604586487387,0.015983248752726113
246,500,0.65,0.01,0.1,0.3,CCA,2000,0.3011959637012733,0.0011959637012732714,0.04838303191072446,0.0023411776471605078,0,0.04755518385428512,-1.7110297220870097,0.9445,0.9450000000000001,1,NA,NA,0.0010818774830992145,7.651942271875853e-4,7.484378422013488e-5,0,6.277559464690146e-5,1.5598791399550913,0.005119558086397692,0.005097793640389926,0,0.9828897027791299,0.015598791399550914
246,500,0.65,0.01,0.1,0.3,AIPW,2000,0.3009940688962613,9.94068896261303e-4,0.040328938724324276,0.0016265982599515014,43.93041337059012,0.038920960783186,-3.491234794852305,0.9395,0.9395,1,NA,NA,9.017824844801274e-4,6.378159838638505e-4,4.959138119235731e-5,3.4845590757558185,5.7453484899871063e-05,1.5329532732447708,0.005331029450303197,0.005331029450303197,0,0.965087652051477,0.015329532732447708
246,500,0.65,0.01,0.1,0.3,FCS-MI,2000,0.30136301420229117,0.0013630142022911945,0.04024238506887882,0.0016204976389695529,44.55021264200711,0.03968571839450903,-1.3832844982149983,0.9500000000000001,0.9525,1,NA,NA,8.99847085907356e-4,6.364471081470278e-4,4.9469294823316575e-5,3.429166799795746,4.429497136400493e-5,1.563536348036729,0.0048733971724044785,0.00475624589355933,0,0.98616715501785,0.01563536348036729
246,500,0.65,0.01,0.1,0.3,IPW,2000,0.30147502170415286,0.001475021704152888,0.04866462292321817,0.0023692370905246045,-1.153923742487839,0.046468924344772594,-4.511898883733045,0.9335,0.9345,1,NA,NA,0.0010881740495571036,7.696476855319421e-4,7.607105740149245e-5,0.5864687259197019,8.677218807951013e-5,1.5206669229642633,0.005571254347092763,0.005532167296819575,0,0.9548810111626695,0.015206669229642634
246,500,0.65,0.01,0.1,0.3,JM-MI,2000,0.30121301079301965,0.001213010793019669,0.04023176483220367,0.0016192569992469655,44.626538405929224,0.039688691373633636,-1.3498623807209342,0.9480000000000001,0.9495,1,NA,NA,8.996096101959283e-4,6.362791454651897e-4,4.961715626571932e-5,3.418929914625194,4.3767689138082255e-5,1.563973952704569,0.004964675215963273,0.0048964145045124596,0,0.9865013761927907,0.01563973952704569
246,500,0.65,0.01,0.1,0.3,Naive,2000,0.3075371075861245,0.007537107586124547,0.040300077268141284,0.0016800921704690649,44.13664269259561,0.039535759696908535,-1.8965660193335898,0.9470000000000001,0.9510000000000001,1,NA,NA,9.011371227005793e-4,6.373595300454912e-4,5.3138905157451045e-5,4.216784362409544,4.13297615375845e-5,1.5549251151794323,0.005009540897128196,0.004826955562256604,0,0.9810343398066641,0.015549251151794324
247,800,0.25,0.01,0.1,0.3,CCA,2000,0.2988311376559168,-0.0011688623440831776,0.0623880539569937,0.003891689381081903,4.440892098500626e-14,0.061907130762637985,-0.77085782269668,0.9510000000000001,0.9520000000000001,0.997,NA,NA,0.0013950392963176265,9.866884494019786e-4,1.2318788664154203e-4,6.665668500104317e-8,1.1224093076291009e-4,1.5796214336497407,0.004826955562256604,0.004779958158812687,0.0012229063741758816,0.9922914217730332,0.015796214336497406
247,800,0.25,0.01,0.1,0.3,AIPW,2000,0.29935541313726843,-6.445868627315716e-4,0.0371770543702519,0.001381857797186448,181.61314648657228,0.03733999750589544,0.43828952670852406,0.9490000000000001,0.9495,1,NA,NA,8.313042077508889e-4,5.879678528713722e-4,4.3240914110983406e-5,9.905737796780222,6.51854970486012e-5,1.5981137384089066,0.004919298730510272,0.0048964145045124596,0,1.0043828952670852,0.015981137384089066
247,800,0.25,0.01,0.1,0.3,FCS-MI,2000,0.30032952542610986,3.2952542610986056e-4,0.03565359341654332,0.0012706517211568777,206.1937086066608,0.03803397827058667,6.676423400674247,0.9605,0.9605,1,NA,NA,7.972385852152983e-4,5.638737959037454e-4,4.012366530027104e-5,10.367598922470023,7.350524106849054e-5,1.6996740982974783,0.004355441998236229,0.004355441998236229,0,1.0667642340067425,0.01699674098297478
247,800,0.25,0.01,0.1,0.3,IPW,2000,0.29906776357553666,-9.322364244633382e-4,0.06467923213030027,0.004182180432181882,-6.959257514158656,0.05965003243154731,-7.77560204892559,0.9225,0.922,0.9965,NA,NA,0.0014462715977583995,0.0010229242172411532,1.3391803728464373e-4,0.998895016499043,1.5925853456170717e-4,1.4791980731318906,0.005978869040211535,0.005996498978570745,0.0013205585939290896,0.9222439795107441,0.014791980731318906
247,800,0.25,0.01,0.1,0.3,JM-MI,2000,0.29988076045492434,-1.1923954507562792e-4,0.03615330963602898,0.0013064224848088764,197.78770090081116,0.03812211271242043,5.445706343934309,0.9605,0.96,1,NA,NA,8.084125795775898e-4,5.717769791331055e-4,4.141477492811848e-5,10.04177284401392,7.607150470391244e-5,1.6808818230118219,0.004355441998236229,0.004381780460041331,0,1.054457063439343,0.01680881823011822
247,800,0.25,0.01,0.1,0.3,Naive,2000,0.3061776518227489,0.00617765182274892,0.030989104193919946,9.98007798495369e-4,305.30768062200826,0.031206293517583732,0.7008570570633088,0.9480000000000001,0.9565,1,NA,NA,6.929374353942882e-4,4.901033006500372e-4,3.102836084033074e-5,16.50091732209367,2.415758934564587e-5,1.5945252800302772,0.004964675215963273,0.004561126505590477,0,1.007008570570633,0.015945252800302772
248,800,0.5,0.01,0.1,0.3,CCA,2000,0.30106018144891716,0.0010601814489171702,0.04329922438035015,0.0018750094052285672,0,0.0428041096392147,-1.143472540723245,0.9505,0.9505,1,NA,NA,9.682000908747915e-4,6.847920692254068e-4,5.8429870033534826e-5,0,5.2928662009709745e-5,1.5682212489586789,0.004850244839180801,0.004850244839180801,0,0.9885652745927676,0.01568221248958679
248,800,0.5,0.01,0.1,0.3,AIPW,2000,0.30111035090844956,0.0011103509084495623,0.032123176746473914,0.0010326154141829544,81.68675121551337,0.031724133623031656,-1.2422280853217949,0.9480000000000001,0.9465,1,NA,NA,7.18296068583562e-4,5.080390466369239e-4,3.209960167968553e-5,5.2901759614690205,3.7468152925225334e-5,1.5662371411611067,0.004964675215963273,0.005031786462082825,0,0.987577719146782,0.015662371411611066
248,800,0.5,0.01,0.1,0.3,FCS-MI,2000,0.30137390772860495,0.001373907728604956,0.03209344989458143,0.0010313621538196613,82.02348512933717,0.03221997760973797,0.39424778443000186,0.9570000000000001,0.9545,1,NA,NA,7.176313559676754e-4,5.075689062889077e-4,3.182059263477967e-5,5.203976171011164,3.2221473539676515e-5,1.5909405060673656,0.004536022486716746,0.004659922209651143,0,1.0039424778443,0.015909405060673655
248,800,0.5,0.01,0.1,0.3,IPW,2000,0.30155832769329194,0.0015583276932919345,0.04370659316892839,0.0019117395384906815,-1.85541956878007,0.04206415329895811,-3.75787667462929,0.937,0.9365,1,NA,NA,9.773091339065182e-4,6.912347461938869e-4,5.933862308966494e-5,0.7197998787824906,7.06843589317806e-5,1.530669740108891,0.00543281694887652,0.005452877680637995,0,0.9624212332537071,0.01530669740108891
248,800,0.5,0.01,0.1,0.3,JM-MI,2000,0.30111004504624816,0.0011100450462482017,0.032133311270225895,0.0010332656183473321,81.57216493369548,0.03221475707363802,0.2534622178436807,0.9525,0.9525,1,NA,NA,7.185226834238522e-4,5.08199327602462e-4,3.1997670797422924e-5,5.179964259717845,3.346328187678217e-5,1.5889591116399915,0.00475624589355933,0.00475624589355933,0,1.0025346221784368,0.015889591116399916
248,800,0.5,0.01,0.1,0.3,Naive,2000,0.30728728521064486,0.007287285210644846,0.03138246837551021,0.0010374714174205114,90.36453139207919,0.031213162555536626,-0.539491724958463,0.9525,0.9530000000000001,1,NA,NA,7.017333258937823e-4,4.963244899605922e-4,3.2260172579454335e-5,6.3804716086157685,2.5125543979402516e-5,1.575038198051297,0.00475624589355933,0.004732388403332927,0,0.9946050827504154,0.01575038198051297
249,800,0.65,0.01,0.1,0.3,CCA,2000,0.2982518633406651,-0.0017481366593348913,0.03725288607674709,0.0013901396140662842,0,0.03732017231007172,0.1806201892277759,0.9515,0.9515,1,NA,NA,8.329998562566194e-4,5.891671572918758e-4,4.694001165078844e-5,6.665668500104314e-8,3.7640817743822125e-5,1.5876094186719958,0.004803527349771207,0.004803527349771207,0,1.0018062018922778,0.01587609418671996
249,800,0.65,0.01,0.1,0.3,AIPW,2000,0.29875321411088696,-0.0012467858891130371,0.0304905867822155,9.30765519435944e-4,49.27541387630847,0.03069300928885146,0.6638852445897347,0.9495,0.9500000000000001,1,NA,NA,6.817902471889044e-4,4.8221907697648556e-4,2.9888542693201872e-5,3.7836253661625228,3.462512226375566e-5,1.5960788252700606,0.0048964145045124596,0.0048733971724044785,0,1.0066388524458973,0.015960788252700607
249,800,0.65,0.01,0.1,0.3,FCS-MI,2000,0.29897297647744053,-0.001027023522559465,0.03037092484829294,9.229866569184777e-4,50.45402626542179,0.031090427955539995,2.3690523447707834,0.9565,0.9575,1,NA,NA,6.79114525003205e-4,4.803265824916298e-4,2.9573372109903993e-5,3.7599088470887354,2.6326975069108912e-5,1.6213206212742681,0.004561126505590477,0.004510751046111944,0,1.0236905234477078,0.016213206212742682
249,800,0.65,0.01,0.1,0.3,IPW,2000,0.29861291197155404,-0.001387088028445953,0.037658720831419926,0.00141939417823015,-2.143715860449391,0.036809811875304854,-2.2542161214536005,0.9425,0.9445,1,NA,NA,8.420745972474236e-4,5.955855729885348e-4,4.8066229624414505e-5,0.5510255347596906,5.220033008852365e-5,1.5520851577288959,0.005205465877325487,0.005119558086397692,0,0.977457838785464,0.015520851577288958
249,800,0.65,0.01,0.1,0.3,JM-MI,2000,0.29889874880069794,-0.0011012511993020429,0.030382547195949943,9.238503787310329e-4,50.338940816289956,0.031101083241345112,2.364963150591115,0.9550000000000001,0.9565,1,NA,NA,6.79374408597397e-4,4.805103939020002e-4,2.9577103498793234e-5,3.745747663493445,2.6337736034564245e-5,1.6212561625241484,0.00463546114210873,0.004561126505590477,0,1.0236496315059112,0.016212561625241484
249,800,0.65,0.01,0.1,0.3,Naive,2000,0.3052540568917163,0.005254056891716342,0.030747528120359864,9.725428940909564e-4,46.791001613976846,0.03122475476453805,1.5520813325549332,0.9550000000000001,0.9555,1,NA,NA,6.875356301721099e-4,4.862826922752684e-4,3.054274492017288e-5,4.4091571973961745,2.439633856561221e-5,1.6080396557152739,0.00463546114210873,0.004610843198374891,0,1.0155208133255493,0.016080396557152737
250,1500,0.25,0.01,0.1,0.3,CCA,2000,0.30150708843302476,0.0015070884330247462,0.042567208998148996,0.001813332613796108,4.440892098500626e-14,0.044292325820433354,4.052689530007414,0.9580000000000001,0.9580000000000001,1,NA,NA,9.518317293230188e-4,6.732149951448409e-4,5.71851749974742e-5,0,5.62168563357393e-5,1.6509197599722893,0.004485309353879615,0.004485309353879615,0,1.0405268953000741,0.016509197599722893
250,1500,0.25,0.01,0.1,0.3,AIPW,2000,0.30063800537602287,6.380053760228924e-4,0.02618801746333895,6.8587640339065e-4,164.2074793810324,0.026201973406623245,0.05329133182314649,0.9410000000000001,0.9435,1,NA,NA,5.855818724397751e-4,4.141724690054585e-4,2.3117031975973978e-5,9.515923716279957,3.01449725687514e-5,1.586558382012989,0.005268728499363008,0.005162739098579358,0,1.0005329133182315,0.01586558382012989
250,1500,0.25,0.01,0.1,0.3,FCS-MI,2000,0.3010502051791311,0.0010502051791311214,0.02580588022820054,6.667134135433293e-4,172.090260824714,0.02655066220529539,2.886094062704969,0.9550000000000001,0.9530000000000001,1,NA,NA,5.77037024094742e-4,4.0812883769973787e-4,2.2725846911752168e-5,9.584434566064246,4.054890992416848e-5,1.6347479741371407,0.00463546114210873,0.004732388403332927,0,1.0288609406270497,0.016347479741371407
250,1500,0.25,0.01,0.1,0.3,IPW,2000,0.3017449753373512,0.001744975337351195,0.0436898741479904,0.0019108956394436707,-5.073216800370817,0.0439445500814497,0.582917525916038,0.9475,0.9465,1,NA,NA,9.769352852331725e-4,6.909703291493003e-4,5.9989176042440016e-5,0.9701946748794296,8.414853295955635e-5,1.6023708842623068,0.004987171041783106,0.005031786462082825,0,1.0058291752591604,0.016023708842623066
250,1500,0.25,0.01,0.1,0.3,JM-MI,2000,0.3006988966352667,6.988966352667571e-4,0.025933980176172263,6.727234986209942e-4,169.40893955115595,0.02657790568016186,2.4829412979239684,0.9500000000000001,0.9500000000000001,1,NA,NA,5.799014260105315e-4,4.1015478226790505e-4,2.3076694601887818e-5,9.421833637267172,3.9965107877905584e-5,1.628112289955724,0.0048733971724044785,0.0048733971724044785,0,1.0248294129792397,0.01628112289955724
250,1500,0.25,0.01,0.1,0.3,Naive,2000,0.3063429049502061,0.006342904950206121,0.02322429547343558,5.793306594946711e-4,235.94273613510066,0.022726177073006327,-2.1448159794513977,0.936,0.9455,1,NA,NA,5.193110340814262e-4,3.673001902725443e-4,1.905162604104818e-5,13.27288356032031,1.2910568824203665e-5,1.5486113615182167,0.00547284204047586,0.005075911248239078,0,0.978551840205486,0.015486113615182167
251,1500,0.5,0.01,0.1,0.3,CCA,2000,0.29956100413090253,-4.389958690974718e-4,0.03192034687240605,0.00101859180755558,0,0.03094985415387699,-3.0403576828546885,0.9410000000000001,0.9410000000000001,1,NA,NA,7.137606547207273e-4,5.048312226827679e-4,3.243531904351116e-5,9.426678795130648e-8,2.7456014428325386e-5,1.5358604193204188,0.005268728499363008,0.005268728499363008,0,0.9695964231714531,0.015358604193204188
251,1500,0.5,0.01,0.1,0.3,AIPW,2000,0.3001562839746314,1.5628397463139968e-4,0.023207554157121134,5.383456993514593e-4,89.18053922453753,0.02301719322096802,-0.8202541933730823,0.9525,0.9525,1,NA,NA,5.189366868683069e-4,3.6703542061893984e-4,1.6373329439230507e-5,5.583797916399264,1.9642801036166776e-5,1.5708435835267667,0.00475624589355933,0.00475624589355933,0,0.9917974580662692,0.015708435835267667
251,1500,0.5,0.01,0.1,0.3,FCS-MI,2000,0.3004649153208741,4.649153208740946e-4,0.023127437278679646,5.348270621573048e-4,90.49350843590145,0.023208783144851267,0.3517288370147753,0.9535,0.9545,1,NA,NA,5.171452190049044e-4,3.657683447358733e-4,1.6267302139866395e-5,5.567523188028636,1.776747604282722e-5,1.5889552451698035,0.004708383480558906,0.004659922209651143,0,1.0035172883701478,0.015889552451698034
251,1500,0.5,0.01,0.1,0.3,IPW,2000,0.2999421519513454,-5.7848048654593794e-5,0.03198879393531927,0.001022774642364334,-0.42748616453580635,0.03081983805232218,-3.6542668203143114,0.937,0.9365,1,NA,NA,7.15291177576069e-4,5.05913736434816e-4,3.239554526943141e-5,0.6730929824019439,3.872657942432986e-5,1.5285425109249964,0.00543281694887652,0.005452877680637995,0,0.9634573317968569,0.015285425109249963
251,1500,0.5,0.01,0.1,0.3,JM-MI,2000,0.30023740094863127,2.3740094863126832e-4,0.02322245283432771,5.390690336951649e-4,88.93787444905463,0.02321848448478856,-0.017088416832877762,0.9550000000000001,0.9535,1,NA,NA,5.192698314183942e-4,3.6727104830370827e-4,1.6478333735258244e-5,5.496678241642888,1.7728684230246935e-5,1.583105834137449,0.00463546114210873,0.004708383480558906,0,0.9998291158316712,0.01583105834137449
251,1500,0.5,0.01,0.1,0.3,Naive,2000,0.3065542690746833,0.006554269074683302,0.022985294502004025,5.710180445655345e-4,92.85684558382661,0.02275556534294921,-0.9994614558224924,0.9380000000000001,0.9485,1,NA,NA,5.139668098933318e-4,3.635203080202476e-4,1.7419193005210745e-5,6.439857477497361,1.3360333530842946e-5,1.5668059838872535,0.005392402062161164,0.004942051699446293,0,0.9900053854417751,0.015668059838872535
252,1500,0.65,0.01,0.1,0.3,CCA,2000,0.29949401459181835,-5.059854081816578e-4,0.026842999862565643,7.204423895341811e-4,4.440892098500626e-14,0.027085941661341633,0.905047125954006,0.9500000000000001,0.9515,1,NA,NA,6.00227724127143e-4,4.245312400664066e-4,2.266157942094635e-5,0,2.0494367367474024e-5,1.5976732056326477,0.0048733971724044785,0.004803527349771207,0,1.00905047125954,0.01597673205632648
252,1500,0.65,0.01,0.1,0.3,AIPW,2000,0.2997321556376594,-2.678443623405672e-4,0.02272607440202149,5.16287961099791e-4,39.5125413934142,0.02237741377529167,-1.534187649666452,0.9500000000000001,0.9500000000000001,1,NA,NA,5.081704722463794e-4,3.5942065332221994e-4,1.596273010923926e-5,3.423940440618781,1.862152347206348e-5,1.559424765688496,0.0048733971724044785,0.0048733971724044785,0,0.9846581235033355,0.015594247656884962
252,1500,0.65,0.01,0.1,0.3,FCS-MI,2000,0.2999256671331153,-7.433286688469023e-5,0.02270150029546774,5.151059619823886e-4,39.81474623558823,0.02253133605450566,-0.7495726658913959,0.9515,0.9515,1,NA,NA,5.076209785189743e-4,3.590320054072253e-4,1.5948618195369787e-5,3.4198561261185154,1.4618439003218561e-5,1.5709998044006324,0.004803527349771207,0.004803527349771207,0,0.992504273341086,0.015709998044006322
252,1500,0.65,0.01,0.1,0.3,IPW,2000,0.29980590971766413,-1.9409028233585986e-4,0.02701770857944521,7.296292696330828e-4,-1.2891089086831342,0.026955721780275315,-0.22943026048127813,0.9475,0.9475,1,NA,NA,6.041343297991877e-4,4.272943182844536e-4,2.3252517628995982e-5,0.49822259971864075,2.8653782147057108e-5,1.5814658774772274,0.004987171041783106,0.004987171041783106,0,0.9977056973951872,0.015814658774772273
252,1500,0.65,0.01,0.1,0.3,JM-MI,2000,0.29977385362682907,-2.2614637317092384e-4,0.02269058193535068,5.146562194926788e-4,39.949332032383644,0.02252424379853266,-0.7330712684758156,0.9510000000000001,0.9500000000000001,1,NA,NA,5.073768365647287e-4,3.5885932780100693e-4,1.585934579608755e-5,3.421517035036558,1.4405717601138017e-5,1.5712236707170577,0.004826955562256604,0.0048733971724044785,0,0.9926692873152418,0.015712236707170577
252,1500,0.65,0.01,0.1,0.3,Naive,2000,0.3059865351574422,0.005986535157442179,0.02287439233477523,5.588148089641725e-4,37.7092036599562,0.02275951542209277,-0.5022074947443,0.9425,0.9545,1,NA,NA,5.114869620455754e-4,3.617663522470201e-4,1.796632584010922e-5,3.943412958366679,1.3283999744326427e-5,1.574662924313132,0.005205465877325487,0.004659922209651143,0,0.994977925052557,0.01574662924313132
253,500,0.25,0.05,0,0.3,CCA,2000,0.29820948455098045,-0.0017905154490195454,0.08851103628593471,0.007833492388211025,4.440892098500626e-14,0.08773441575153966,-0.8774279084092673,0.9505,0.9505,0.9165,NA,NA,0.0019791669389430055,0.0013998323654738902,2.4424362530047606e-4,0,2.111553973163469e-4,1.5857057082273767,0.004850244839180801,0.004850244839180801,0.006185780063985464,0.9912257209159073,0.015857057082273765
253,500,0.25,0.05,0,0.3,AIPW,2000,0.29875654458933837,-0.0012434554106616296,0.0533368390028958,0.00284494216698172,175.38501433598435,0.05245270444572903,-1.6576433356291775,0.9410000000000001,0.9410000000000001,1,NA,NA,0.0011926479771543711,8.43540383677423e-4,9.32505107602953e-5,9.550019533067605,1.4386652116760767e-4,1.5785340148741245,0.005268728499363008,0.005268728499363008,0,0.9834235666437082,0.015785340148741243
253,500,0.25,0.05,0,0.3,FCS-MI,2000,0.2989540439710511,-0.001045956028948891,0.05050597541141968,0.0025506721494972942,207.12086695343254,0.05335287677917597,5.636761481320862,0.9625,0.9615,1,NA,NA,0.0011293479428986731,7.987693060370221e-4,8.367975445631487e-5,9.984858508919675,1.3953707867492372e-4,1.6933713894666114,0.004248161366991606,0.004302194207610808,0,1.0563676148132086,0.016933713894666115
253,500,0.25,0.05,0,0.3,IPW,2000,0.2985861378380373,-0.0014138621619627218,0.09225412208670002,0.008508566636679787,-7.950106520128886,0.08123715767256179,-11.941975236385138,0.906,0.9075,0.925,NA,NA,0.00206286488190426,0.001459030549909673,2.6855006328301045e-4,1.059310749402911,2.7223135641096173e-4,1.4235873520268716,0.0065254884874620675,0.006478570444164362,0.0058896094946948715,0.8805802476361486,0.014235873520268717
253,500,0.25,0.05,0,0.3,JM-MI,2000,0.2990378909213949,-9.621090786051191e-4,0.05112393970951291,0.002613276036695334,199.74104906235976,0.053439358760439634,4.529030947307611,0.9595,0.9605,1,NA,NA,0.0011431660446807172,8.085426231450009e-4,8.434632952647982e-5,9.678248279939707,1.4088883939394003e-4,1.6759749370245682,0.004407933189148855,0.004355441998236229,0,1.045290309473076,0.016759749370245682
253,500,0.25,0.05,0,0.3,Naive,2000,0.2992319431498786,-7.680568501213958e-4,0.04067255691551353,0.0016540196689276835,373.578415208343,0.040319793330590326,-0.8673258129700989,0.9460000000000001,0.9485,1,NA,NA,9.094660208181743e-4,6.432504232917025e-4,5.3819020649777536e-5,18.960088260206152,4.15833173496402e-5,1.571147244089461,0.005053909377897468,0.004942051699446293,0,0.991326741870299,0.01571147244089461
254,500,0.5,0.05,0,0.3,CCA,2000,0.3014459647783954,0.001445964778395403,0.060350400087374974,0.003642440519451236,0,0.06004518359082663,-0.5057406348697779,0.9530000000000001,0.9515,0.999,NA,NA,0.0013494759706467968,9.544622552908758e-4,1.1667072394773828e-4,6.665668500104314e-8,9.29136602253039e-5,1.5810495483350373,0.004732388403332927,0.004803527349771207,7.067531393633852e-4,0.9949425936513022,0.015810495483350374
254,500,0.5,0.05,0,0.3,AIPW,2000,0.3009100619458781,9.100619458781128e-4,0.04521982068779221,0.002044637979689898,78.1158777195343,0.04348037647419277,-3.846641112553184,0.9425,0.9430000000000001,1,NA,NA,0.0010111459298825468,7.151669578831534e-4,6.166966199782933e-5,5.251618933564078,6.752053268609522e-5,1.5280113564261175,0.005205465877325487,0.005184158562389848,0,0.9615335888744682,0.015280113564261176
254,500,0.5,0.05,0,0.3,FCS-MI,2000,0.3007890408752606,7.890408752606323e-4,0.04493651297600661,0.0020189031388464207,80.3688639460992,0.04422708746329527,-1.5787284453738781,0.9510000000000001,0.9505,1,NA,NA,0.0010048109768615214,7.106863493513012e-4,6.0915167113909206e-5,5.125853402828458,5.482668393665943e-5,1.5613405681325687,0.004826955562256604,0.004850244839180801,0,0.9842127155462612,0.015613405681325687
254,500,0.5,0.05,0,0.3,IPW,2000,0.3017876943786528,0.0017876943786528498,0.06183574440363337,0.003824943307499967,-4.746460959846866,0.058345164214633934,-5.64492305003178,0.9335,0.935,0.9975,NA,NA,0.001382689279258264,9.779534845772919e-4,1.2139817068166792e-4,0.7562052587425009,1.2639864496099138e-4,1.506192927067364,0.005571254347092763,0.005512485827646179,0.001116635571706353,0.9435507694996822,0.01506192927067364
254,500,0.5,0.05,0,0.3,JM-MI,2000,0.3008235857038809,8.235857038809253e-4,0.04498205469974328,0.002023051845799828,80.00382278595568,0.04428939032642404,-1.5398682384404117,0.9500000000000001,0.9505,1,NA,NA,0.0010058293207623986,7.114066073161963e-4,6.1024120429472354e-5,5.101445223559913,5.5445794910134205e-5,1.5620516384527725,0.0048733971724044785,0.004850244839180801,0,0.9846013176155959,0.015620516384527725
254,500,0.5,0.05,0,0.3,Naive,2000,0.30083863786033044,8.386378603304738e-4,0.04167092167560959,0.0017363007938989217,109.74619670408204,0.04029409637320461,-3.3040433161593663,0.9480000000000001,0.9495,1,NA,NA,9.31790135517325e-4,6.590399040431906e-4,5.242757661652818e-5,6.781685380993476,4.087328574606679e-5,1.5324220031291749,0.004964675215963273,0.0048964145045124596,0,0.9669595668384063,0.015324220031291748
255,500,0.65,0.05,0,0.3,CCA,2000,0.3021128079775592,0.0021128079775591772,0.05208547319209326,0.0027160040269354814,0,0.05228452525629546,0.38216426193939945,0.9520000000000001,0.9520000000000001,1,NA,NA,0.0011646665869776349,8.237496046230461e-4,8.546341070301605e-5,0,6.94459545615567e-5,1.5931672913175525,0.004779958158812687,0.004779958158812687,0,1.003821642619394,0.015931672913175526
255,500,0.65,0.05,0,0.3,AIPW,2000,0.30152048923841945,0.0015204892384194572,0.042385975822542596,0.0017979845484801006,51.00414058439349,0.04216925982892995,-0.5112917407398276,0.9470000000000001,0.9475,1,NA,NA,9.477792323186781e-4,6.703487303765482e-4,5.5840981363767634e-5,3.8231158808519647,6.335657762035282e-5,1.580532034361648,0.005009540897128196,0.004987171041783106,0,0.9948870825926017,0.01580532034361648
255,500,0.65,0.05,0,0.3,FCS-MI,2000,0.30146044451547244,0.001460444515472467,0.04237058924833422,0.0017965020980172035,51.11383262907334,0.04289395216643043,1.235203303472554,0.9530000000000001,0.9535,1,NA,NA,9.474351780599704e-4,6.701053864335277e-4,5.6279011944240994e-5,3.721993386608696,4.78467052908546e-5,1.6050467948344895,0.004732388403332927,0.004708383480558906,0,1.0123520330347255,0.016050467948344894
255,500,0.65,0.05,0,0.3,IPW,2000,0.30252558306859123,0.0025255830685912365,0.05256253476525903,0.0027678172207549444,-1.8069777330214198,0.05107899021860763,-2.822437223160601,0.9415,0.9410000000000001,0.9995,NA,NA,0.0011753340080481514,8.312944968586764e-4,8.663915503051143e-5,0.6003550479644179,9.635985961838997e-5,1.547791482635182,0.0052477495176503994,0.005268728499363008,4.99874984371065e-4,0.971775627768394,0.01547791482635182
255,500,0.65,0.05,0,0.3,JM-MI,2000,0.3016296368456475,0.0016296368456474816,0.04232011514139137,0.0017927523657565248,51.47450670504028,0.04288637481468575,1.3380390658260355,0.9535,0.9515,1,NA,NA,9.463065427176923e-4,6.693071211382402e-4,5.5887510493652805e-5,3.7342805799688246,4.777858758043977e-5,1.6066673048761806,0.004708383480558906,0.004803527349771207,0,1.0133803906582604,0.016066673048761807
255,500,0.65,0.05,0,0.3,Naive,2000,0.300998307810503,9.983078105030216e-4,0.040326236193476785,0.0016263888413538224,66.8237383712069,0.04033613841656879,0.024555287144800708,0.9535,0.9535,1,NA,NA,9.017220540532646e-4,6.37773242412527e-4,5.1072941940208105e-5,4.797862947646131,4.1034319973002725e-5,1.5851919175726203,0.004708383480558906,0.004708383480558906,0,1.000245552871448,0.015851919175726203
256,800,0.25,0.05,0,0.3,CCA,2000,0.29891450315142715,-0.0010854968485728455,0.0675438075031085,0.004561063152459228,0,0.06767600394584015,0.19571955982133904,0.9460000000000001,0.9455,0.991,NA,NA,0.0015103254503611094,0.001068228458254018,1.438681553380301e-4,9.426678795130648e-8,1.2139081992120957e-4,1.5947886813090393,0.005053909377897468,0.005075911248239078,0.002111752826445369,1.0019571955982134,0.01594788681309039
256,800,0.25,0.05,0,0.3,AIPW,2000,0.2991605155173134,-8.394844826866145e-4,0.03717344380197863,0.0013818787258334858,230.14557736111857,0.03878696275852679,4.340515140709877,0.9550000000000001,0.9570000000000001,1,NA,NA,8.312234729899245e-4,5.879107504970383e-4,4.359946541848088e-5,12.09775514469724,7.755176172748236e-5,1.6633160299065701,0.00463546114210873,0.004536022486716746,0,1.0434051514070988,0.0166331602990657
256,800,0.25,0.05,0,0.3,FCS-MI,2000,0.2994087777175802,-5.912222824197986e-4,0.03612726099204956,0.0013048759410815018,249.54331767518525,0.039403364732809885,9.068231719756682,0.9645,0.965,1,NA,NA,8.078301141909932e-4,5.71365010903502e-4,4.1174776075589564e-5,12.290349968663516,7.75372495080521e-5,1.7382520994393715,0.0041376170678302255,0.00410944035119139,0,1.0906823171975668,0.017382520994393715
256,800,0.25,0.05,0,0.3,IPW,2000,0.2992047300337509,-7.952699662490759e-4,0.06952129350198609,0.004831426099383417,-5.607956288715188,0.06529970875195101,-6.072362203552029,0.9245,0.9245,0.9915,NA,NA,0.0015545433815415532,0.0010995030768739809,1.5144324565879687e-4,1.0335023563559573,1.6533032012834754e-4,1.5044129813279963,0.005907611615534657,0.005907611615534657,0.0020527725154044657,0.9392763779644797,0.015044129813279962
256,800,0.25,0.05,0,0.3,JM-MI,2000,0.2990398925509262,-9.601074490737763e-4,0.03647839967193489,0.0013309301121178744,242.84634382746327,0.03949711691664985,8.275355475743229,0.97,0.9705,1,NA,NA,8.156818137685245e-4,5.769183894368337e-4,4.130973327002964e-5,12.000840861447202,7.871106059789248e-5,1.7259527614007697,0.003814446224552132,0.0037835003634200943,0,1.0827535547574323,0.017259527614007696
256,800,0.25,0.05,0,0.3,Naive,2000,0.29973132088148663,-2.686791185133585e-4,0.03096690421113532,9.585418703121449e-4,375.7463835768874,0.03174942157768198,2.526947353895559,0.9575,0.9575,1,NA,NA,6.924410286882308e-4,4.897522003158993e-4,3.0106746858141395e-5,19.048680523293875,2.527741518273054e-5,1.6235520815537787,0.004510751046111944,0.004510751046111944,0,1.0252694735389556,0.016235520815537786
257,800,0.5,0.05,0,0.3,CCA,2000,0.2986661770155678,-0.0013338229844321616,0.04526267149286174,0.0020494641597091834,0,0.046844580963150674,3.4949538286497495,0.9605,0.9605,1,NA,NA,0.0010121041030128075,7.158446580473359e-4,6.348135665045564e-5,0,5.6641332378670494e-5,1.641584828713517,0.004355441998236229,0.004355441998236229,0,1.0349495382864975,0.01641584828713517
257,800,0.5,0.05,0,0.3,AIPW,2000,0.29971261934027243,-2.8738065972755655e-4,0.03297885092697602,0.0010871433938030607,88.36895455643736,0.033978665125118074,3.0316829423678415,0.9605,0.9605,1,NA,NA,7.374295249255034e-4,5.215718269819387e-4,3.327099332786887e-5,5.892829339227797,4.172266370840188e-5,1.6343852563532066,0.004355441998236229,0.004355441998236229,0,1.0303168294236784,0.016343852563532067
257,800,0.5,0.05,0,0.3,FCS-MI,2000,0.299563230226405,-4.367697735949492e-4,0.032730160691446186,0.0010709185550135715,91.24235874660467,0.034361818031980344,4.985179742672585,0.9625,0.963,1,NA,NA,7.318686422056519e-4,5.176387056980869e-4,3.308153577567563e-5,5.858832100649882,3.4099908186452976e-5,1.66364206626283,0.004248161366991606,0.004220841148396847,0,1.0498517974267259,0.0166364206626283
257,800,0.5,0.05,0,0.3,IPW,2000,0.29950913777819377,-4.908622218062172e-4,0.046002048664026685,0.0021153713327676325,-3.188707017992387,0.04618865708830828,0.40565242136165747,0.9510000000000001,0.9510000000000001,1,NA,NA,0.0010286370791701706,7.275381613427401e-4,6.5877380777199e-5,0.7535798583540722,7.986031950074364e-5,1.5974110578392318,0.004826955562256604,0.004826955562256604,0,1.0040565242136166,0.015974110578392316
257,800,0.5,0.05,0,0.3,JM-MI,2000,0.29970085083469294,-2.991491653070317e-4,0.032846004890057796,0.001078410097442186,89.89575662809868,0.03434949338372564,4.577386195673805,0.965,0.965,1,NA,NA,7.344589972345974e-4,5.194708213909262e-4,3.295734220976161e-5,5.815725723786431,3.3967411268935434e-5,1.6571570976887713,0.00410944035119139,0.00410944035119139,0,1.045773861956738,0.016571570976887714
257,800,0.5,0.05,0,0.3,Naive,2000,0.30009908832910587,9.908832910585799e-5,0.030582707501570532,9.348441656245204e-4,119.04255895680987,0.03176235838514047,3.857248033089822,0.9645,0.964,1,NA,NA,6.838501290950447e-4,4.83675997716486e-4,2.8417249417916316e-5,7.412172259602168,2.5640915544108576e-5,1.6446763536200704,0.0041376170678302255,0.0041655731898503495,0,1.0385724803308982,0.016446763536200705
258,800,0.65,0.05,0,0.3,CCA,2000,0.3007555473512852,7.555473512851763e-4,0.04027766367507908,0.0016220498978272578,0,0.040910817618130015,1.5719728635667618,0.9580000000000001,0.9575,1,NA,NA,9.006359395235084e-4,6.37005051391624e-4,4.918506033758067e-5,0,4.2279501887647076e-5,1.6098215404393792,0.004485309353879615,0.004510751046111944,0,1.0157197286356676,0.016098215404393792
258,800,0.65,0.05,0,0.3,AIPW,2000,0.301207339796324,0.0012073397963240106,0.03351007663200046,0.0011238214426483896,44.47000915851489,0.033170439508142795,-1.013537293833966,0.9470000000000001,0.9495,1,NA,NA,7.493080928038023e-4,5.299733435212165e-4,3.355323046527104e-5,3.657321150640797,3.7960788956131175e-5,1.5695980692607985,0.005009540897128196,0.0048964145045124596,0,0.9898646270616603,0.015695980692607983
258,800,0.65,0.05,0,0.3,FCS-MI,2000,0.30122167537871897,0.001221675378718982,0.03344332074467707,0.0011193889653111002,45.04733514221262,0.03354972285823149,0.3181565442222256,0.9535,0.9515,1,NA,NA,7.478153857842682e-4,5.289175762905704e-4,3.344019200477668e-5,3.620125909270811,2.8867968846349566e-5,1.5889124310693503,0.004708383480558906,0.004803527349771207,0,1.0031815654422223,0.015889124310693503
258,800,0.65,0.05,0,0.3,IPW,2000,0.30145323600027885,0.0014532360002788456,0.04049263890831817,0.0016409458737290691,-1.0589805345290526,0.040376727958998916,-0.2862519026771593,0.9540000000000001,0.9545,1,NA,NA,9.05442931873523e-4,6.404049583624476e-4,4.94931770699908e-5,0.5649680220165717,5.941541377000885e-5,1.5838186347371113,0.004684228858627636,0.004659922209651143,0,0.9971374809732284,0.01583818634737111
258,800,0.65,0.05,0,0.3,JM-MI,2000,0.3012218288328915,0.0012218288328915007,0.03347820135260139,0.0011217224365193037,44.74524581928427,0.0335550103147012,0.22942977518665142,0.9555,0.9540000000000001,1,NA,NA,7.485953398884211e-4,5.294692250560661e-4,3.353582765790173e-5,3.6132438874217865,2.9033446142988934e-5,1.587533298210912,0.004610843198374891,0.004684228858627636,0,1.0022942977518665,0.015875332982109122
258,800,0.65,0.05,0,0.3,Naive,2000,0.30131455355593456,0.0013145535559345907,0.03179189623198996,0.0010119473547440248,60.50762840309143,0.03178527288968726,-0.020833429545608073,0.9490000000000001,0.9525,1,NA,NA,7.108884110834897e-4,5.02799731793435e-4,3.0440879677168826e-5,4.5066133852372525,2.508950268896609e-5,1.5831729466888427,0.004919298730510272,0.00475624589355933,0,0.9997916657045439,0.015831729466888426
259,1500,0.25,0.05,0,0.3,CCA,2000,0.2993642609994965,-6.357390005034962e-4,0.04892218979998627,0.002392588128575229,0,0.0484722765084008,-0.9196507626189621,0.9455,0.9445,1,NA,NA,0.0010939334200091614,7.737211939383882e-4,7.661755624895693e-5,0,6.377855785715196e-5,1.572403343003239,0.005075911248239078,0.005119558086397692,0,0.9908034923738104,0.01572403343003239
259,1500,0.25,0.05,0,0.3,AIPW,2000,0.29929616163382206,-7.038383661779436e-4,0.027653590537535456,7.648340975285659e-4,212.97433141504442,0.02702000047297514,-2.2911674478593103,0.9440000000000001,0.9440000000000001,1,NA,NA,6.183530826387424e-4,4.373510093244283e-4,2.540453653492145e-5,11.446612042178035,3.643742036515498e-5,1.5509060775393315,0.005141206084179078,0.005141206084179078,0,0.9770883255214069,0.015509060775393315
259,1500,0.25,0.05,0,0.3,FCS-MI,2000,0.29943785299220393,-5.62147007796038e-4,0.02729579082017744,7.450036756590077e-4,221.23319244171552,0.02738917003940847,0.34210116807460444,0.9495,0.9500000000000001,1,NA,NA,6.10352437735315e-4,4.3169228420118907e-4,2.4598839822719536e-5,11.470812383579771,3.936434551379735e-5,1.5934839769023035,0.0048964145045124596,0.0048733971724044785,0,1.003421011680746,0.015934839769023035
259,1500,0.25,0.05,0,0.3,IPW,2000,0.2996787612265373,-3.2123877346270605e-4,0.050192286413493874,0.0025181091769560706,-4.9968911502657924,0.047981631602269266,-4.40437160605277,0.9325,0.9325,1,NA,NA,0.0011223336436671143,7.938082070552966e-4,8.130945492847686e-5,0.9273840264232845,8.83700059218968e-5,1.5220946361400847,0.005609979946488223,0.005609979946488223,0,0.9559562839394723,0.015220946361400846
259,1500,0.25,0.05,0,0.3,JM-MI,2000,0.2993320021244797,-6.679978755202891e-4,0.027371685972172582,7.492808095244493e-4,219.45425621013763,0.02740574482207744,0.1244309537216104,0.9490000000000001,0.9500000000000001,1,NA,NA,6.120495049255531e-4,4.328925920340129e-4,2.4602928151702098e-5,11.45730539617302,4.017168948204408e-5,1.5902888829927149,0.004919298730510272,0.0048733971724044785,0,1.001244309537216,0.01590288882992715
259,1500,0.25,0.05,0,0.3,Naive,2000,0.2997007194593104,-2.99280540689578e-4,0.023713318716155445,5.621298926337366e-4,325.62497088465835,0.023149636078132627,-2.3770719095458803,0.9405,0.9405,1,NA,NA,5.302459262144162e-4,3.750342604106096e-4,1.850550739578723e-5,16.567508843067934,1.346793966846182e-5,1.5449843205344398,0.005289600646551685,0.005289600646551685,0,0.9762292809045412,0.015449843205344397
260,1500,0.5,0.05,0,0.3,CCA,2000,0.299536336570754,-4.6366342924599585e-4,0.033168708779639594,0.0010998281442631066,0,0.03390529644133272,2.2207305885397544,0.9570000000000001,0.9570000000000001,1,NA,NA,7.416748755716823e-4,5.245744939729711e-4,3.522374781038992e-5,0,2.9988525808142054e-5,1.6191820701415138,0.004536022486716746,0.004536022486716746,0,1.0222073058853975,0.016191820701415137
260,1500,0.5,0.05,0,0.3,AIPW,2000,0.30038278106967076,3.8278106967074043e-4,0.024860295168444246,6.178717800715396e-4,78.0100691945907,0.024545954477224435,-1.2644286364661084,0.9490000000000001,0.9480000000000001,1,NA,NA,5.558930993735092e-4,3.931740859930768e-4,1.995936231666081e-5,5.563495366703992,2.1599588288334328e-5,1.5639521316021727,0.004919298730510272,0.004964675215963273,0,0.9873557136353389,0.015639521316021726
260,1500,0.5,0.05,0,0.3,FCS-MI,2000,0.3003747712311704,3.7477123117040344e-4,0.024832515995980884,6.164859772410143e-4,78.40855787673557,0.024724654247833888,-0.43435690593919274,0.9535,0.9540000000000001,1,NA,NA,5.552719381936416e-4,3.9273474886256717e-4,1.9939977866606506e-5,5.535561104227776,1.789093659556804e-5,1.5763120855683457,0.004708383480558906,0.004684228858627636,0,0.9956564309406081,0.015763120855683457
260,1500,0.5,0.05,0,0.3,IPW,2000,0.29997426568392777,-2.573431607222873e-5,0.033392363145914365,0.0011144930537654097,-1.335067976797455,0.03379523922941691,1.2064916811730164,0.9515,0.9515,1,NA,NA,7.466759392362327e-4,5.281116644064929e-4,3.569096678276228e-5,0.6815881441123494,4.182736822856383e-5,1.6055091443451412,0.004803527349771207,0.004803527349771207,0,1.0120649168117302,0.01605509144345141
260,1500,0.5,0.05,0,0.3,JM-MI,2000,0.3003594772539642,3.594772539642165e-4,0.02484206456454524,6.169488316392376e-4,78.27143409251518,0.024731612226930745,-0.4446181891505696,0.9525,0.9520000000000001,1,NA,NA,5.554854506776187e-4,3.9288576274604665e-4,1.9988808722406563e-5,5.524122306436791,1.800150371669506e-5,1.5761691035711103,0.00475624589355933,0.004779958158812687,0,0.9955538181084943,0.015761691035711102
260,1500,0.5,0.05,0,0.3,Naive,2000,0.30030315071611274,3.031507161127761e-4,0.02330016464333859,5.427181239271621e-4,102.64652033438932,0.02316834786791456,-0.5657332359740086,0.9465,0.9460000000000001,1,NA,NA,5.210075202944223e-4,3.685000871896787e-4,1.7277775297605244e-5,6.78299896972592,1.379018995458563e-5,1.5737003286961029,0.005031786462082825,0.005053909377897468,0,0.9943426676402599,0.015737003286961027
261,1500,0.65,0.05,0,0.3,CCA,2000,0.29837181581787775,-0.001628184182122257,0.028894598667228544,8.371313669550487e-4,0,0.029700247619640182,2.7882337515398037,0.96,0.9575,1,NA,NA,6.461028680249786e-4,4.5697797810319817e-4,2.5890499114376796e-5,0,2.235583112987827e-5,1.6274712739561286,0.004381780460041331,0.004510751046111944,0,1.027882337515398,0.016274712739561284
261,1500,0.65,0.05,0,0.3,AIPW,2000,0.29889808119752054,-0.0011019188024794671,0.02373210093040013,5.641452333106713e-4,48.23848233168484,0.02414555465991812,1.7421707868618075,0.9515,0.9510000000000001,1,NA,NA,5.30665909292607e-4,3.7533130756425533e-4,1.7536193129274708e-5,3.7491430843599587,2.04163277589097e-5,1.6113853610862094,0.004803527349771207,0.004826955562256604,0,1.017421707868618,0.016113853610862094
261,1500,0.65,0.05,0,0.3,FCS-MI,2000,0.29892155039860535,-0.0010784496013946355,0.023659195575956235,5.606407100764446e-4,49.15347797698444,0.024287633089354606,2.656208286460182,0.9555,0.9525,1,NA,NA,5.290356960080043e-4,3.7417828440410137e-4,1.744803366826766e-5,3.734829837417958,1.5042262597569487e-5,1.624787524866191,0.004610843198374891,0.00475624589355933,0,1.0265620828646018,0.01624787524866191
261,1500,0.65,0.05,0,0.3,IPW,2000,0.29882427691932567,-0.001175723080674298,0.029191752814587486,8.531146779342127e-4,-2.0255153961689865,0.029556207127674237,1.248483828297653,0.9515,0.9520000000000001,1,NA,NA,6.527474367578844e-4,4.616775727578587e-4,2.6361697183406967e-5,0.507072290607977,3.1944367377851526e-5,1.6050142418342588,0.004803527349771207,0.004779958158812687,0,1.0124848382829765,0.016050142418342586
261,1500,0.65,0.05,0,0.3,JM-MI,2000,0.298878101546685,-0.0011218984533150269,0.02366400818467776,5.609639468623643e-4,49.09281671189349,0.024283876609951627,2.6194566044615675,0.9560000000000001,0.9555,1,NA,NA,5.291433092105087e-4,3.7425439745998053e-4,1.7471424893424873e-5,3.7457492827211554,1.4998504730213795e-5,1.624198997282814,0.004586065852122053,0.004610843198374891,0,1.0261945660446157,0.01624198997282814
261,1500,0.65,0.05,0,0.3,Naive,2000,0.29885663304901905,-0.0011433669509809308,0.022852029399062123,5.232614280163674e-4,59.87618819794014,0.023164369004507298,1.366791543940482,0.9505,0.9520000000000001,1,NA,NA,5.109869116012658e-4,3.614126747564856e-4,1.6630173914486103e-5,4.454460135009143,1.3274196947252942e-5,1.6042025504437012,0.004850244839180801,0.004779958158812687,0,1.0136679154394048,0.01604202550443701
262,500,0.25,0.05,0.02,0.3,CCA,2000,0.2960914755536621,-0.00390852444633787,0.0865240894251474,0.007497951405173101,4.440892098500626e-14,0.08608304008403313,-0.5097416731508431,0.9450000000000001,0.9425,0.924,NA,NA,0.0019347374564590031,0.0013684081200812418,2.444432994890878e-4,6.665668500104317e-8,2.0107482365949787e-4,1.5905413220243219,0.005097793640389926,0.005205465877325487,0.005925537950262405,0.9949025832684916,0.01590541322024322
262,500,0.25,0.05,0.02,0.3,AIPW,2000,0.2975190117154158,-0.002480988284584223,0.051542310878489664,0.0026614368086577706,181.80344816586853,0.05185147771291737,0.5998311467962036,0.9515,0.9530000000000001,1,NA,NA,0.001152521108417298,8.151593065292386e-4,8.149081717828726e-5,9.857761546363966,1.3506134790944218e-4,1.6124552757487807,0.004803527349771207,0.004732388403332927,0,1.005998311467962,0.016124552757487805
262,500,0.25,0.05,0.02,0.3,FCS-MI,2000,0.29860596542291185,-0.001394034577088171,0.04879964269214695,0.0023821577567198875,214.36977968781977,0.05251784173344074,7.619316118255393,0.9655,0.964,1,NA,NA,0.0010911931833734142,7.717830694394893e-4,7.219216709270786e-5,10.148657648009442,1.2833508025075348e-4,1.7222334810070026,0.00408103847078167,0.0041655731898503495,0,1.076193161182554,0.017222334810070027
262,500,0.25,0.05,0.02,0.3,IPW,2000,0.29580847507972324,-0.004191524920276741,0.09002730193187594,0.008118431516743888,-7.63113536878709,0.07979848417435809,-11.36190637508836,0.9105,0.9105,0.9365,NA,NA,0.0020130716695057273,0.001423812626183842,2.6591887199353036e-4,1.1306484603415043,2.6085991926821104e-4,1.4314745174986,0.006383171233799076,0.006383171233799076,0.005452877680637995,0.8863809362491164,0.014314745174986002
262,500,0.25,0.05,0.02,0.3,JM-MI,2000,0.2982267735134539,-0.001773226486546091,0.04947217856832248,0.0024494170362424263,205.88064974835535,0.052683819799554533,6.491812821213627,0.964,0.9645,1,NA,NA,0.001106231542737773,7.82419454752746e-4,7.428427337334203e-5,9.81289830892688,1.3331951776656027e-4,1.7056278469712376,0.0041655731898503495,0.0041376170678302255,0,1.0649181282121363,0.017056278469712374
262,500,0.25,0.05,0.02,0.3,Naive,2000,0.304900823259544,0.004900823259544012,0.039953958157311634,0.0016195386816712787,368.98014231991834,0.039887098242653136,-0.16734240546393275,0.9525,0.9510000000000001,1,NA,NA,8.933976640993106e-4,6.318855377166342e-4,4.9495737118751074e-5,18.71743695944776,4.042280941728793e-5,1.582125910472098,0.00475624589355933,0.004826955562256604,0,0.9983265759453607,0.01582125910472098
263,500,0.5,0.05,0.02,0.3,CCA,2000,0.299903499249532,-9.650075046795169e-5,0.05924446215987213,0.003508160655859055,0,0.058703708328381225,-0.9127500052775739,0.9470000000000001,0.9470000000000001,0.998,NA,NA,0.001324746446798881,9.369714680389631e-4,1.1471193827383864e-4,0,9.101066518306671e-5,1.5746102470848231,0.005009540897128196,0.005009540897128196,9.989994994993746e-4,0.9908724999472243,0.01574610247084823
263,500,0.5,0.05,0.02,0.3,AIPW,2000,0.30013286088156,1.3286088156001653e-4,0.042832344966648526,0.0018337101224681596,91.31623213760838,0.04300768929821282,0.4093736443821161,0.9495,0.9500000000000001,1,NA,NA,9.577603498114707e-4,6.77408211330424e-4,5.784443102053157e-5,5.669339339047439,6.684516979751359e-5,1.5956587748873525,0.0048964145045124596,0.0048733971724044785,0,1.0040937364438212,0.015956587748873527
263,500,0.5,0.05,0.02,0.3,FCS-MI,2000,0.30071194427661657,7.119442766165828e-4,0.042551027783992376,0.0018101915351443616,93.85428857678852,0.043741262977898016,2.7971949348621905,0.9530000000000001,0.9545,1,NA,NA,9.514699063748921e-4,6.729590836987708e-4,5.741553387469508e-5,5.56536304811603,5.4548682312994563e-5,1.6308192986000338,0.004732388403332927,0.004659922209651143,0,1.027971949348622,0.01630819298600034
263,500,0.5,0.05,0.02,0.3,IPW,2000,0.2999350023548792,-6.499764512079674e-5,0.060556485059510466,0.003665258563515204,-4.286278136093536,0.05697543841943384,-5.913564231076885,0.9275,0.9275,0.9975,NA,NA,0.001354084170715158,9.577215597362683e-4,1.2101723757798942e-4,0.7573802506846417,1.2263669810113159e-4,1.5017270889614083,0.005798437289477226,0.005798437289477226,0.001116635571706353,0.9408643576892312,0.015017270889614083
263,500,0.5,0.05,0.02,0.3,JM-MI,2000,0.3004071897315278,4.071897315278326e-4,0.04245601337963425,0.0018017776190330983,94.72293160900828,0.04379366203953596,3.1506694892445397,0.9535,0.9545,1,NA,NA,9.493453197050276e-4,6.714563983389806e-4,5.719065863170312e-5,5.595096324490372,5.5329322728098286e-5,1.636560272637464,0.004708383480558906,0.004659922209651143,0,1.0315066948924454,0.01636560272637464
263,500,0.5,0.05,0.02,0.3,Naive,2000,0.30667052880149254,0.00667052880149257,0.038811420794881965,0.0015500691754168794,133.011008345916,0.039927550669234244,2.8757769014718937,0.9575,0.961,1,NA,NA,8.678497520070499e-4,6.138159178612583e-4,4.8805477349532336e-5,7.8476081626322856,3.987165444086238e-5,1.6302557382554674,0.004510751046111944,0.004328914413568374,0,1.028757769014719,0.016302557382554674
264,500,0.65,0.05,0.02,0.3,CCA,2000,0.2990351385097032,-9.648614902967788e-4,0.05151287121972674,0.0026531800710449588,-2.220446049250313e-14,0.05124781664444233,-0.5145404808709397,0.9480000000000001,0.9465,1,NA,NA,0.0011518628176350148,8.146937082389675e-4,8.767987335159742e-5,6.665668500104312e-8,6.922411966491044e-5,1.5791249231418722,0.004964675215963273,0.005031786462082825,0,0.9948545951912906,0.01579124923141872
264,500,0.65,0.05,0.02,0.3,AIPW,2000,0.30035362020721185,3.536202072118377e-4,0.041571006285225136,0.0017274095365353934,53.55021884369711,0.04162696078695091,0.13459982503638557,0.9455,0.9460000000000001,1,NA,NA,9.295559594683442e-4,6.574597079101652e-4,5.601540409864124e-5,3.8408076667162407,6.0943941785782385e-5,1.5904341142838763,0.005075911248239078,0.005053909377897468,0,1.0013459982503639,0.015904341142838764
264,500,0.65,0.05,0.02,0.3,FCS-MI,2000,0.30043722224847735,4.372222484773669e-4,0.041464914105382125,0.0017186705955103978,54.33697160574391,0.04233460814539208,2.0974215400510587,0.9530000000000001,0.9535,1,NA,NA,9.271836662082431e-4,6.557818237354939e-4,5.57544772664047e-5,3.7425129164880935,4.721986816262591e-5,1.6187164533650873,0.004732388403332927,0.004708383480558906,0,1.0209742154005106,0.016187164533650874
264,500,0.65,0.05,0.02,0.3,IPW,2000,0.2997953778630555,-2.046221369445026e-4,0.05221540402083698,0.0027251270630696367,-2.672800090518068,0.050161424688766526,-3.9336654969686635,0.934,0.934,0.9995,NA,NA,0.0011675719286320734,8.258045051979387e-4,8.980498918343031e-5,0.6132725708849285,9.323041242305826e-5,1.529777532008727,0.005551756478809205,0.005551756478809205,4.99874984371065e-4,0.9606633450303134,0.01529777532008727
264,500,0.65,0.05,0.02,0.3,JM-MI,2000,0.300349421026888,3.494210268880259e-4,0.04140319339890904,0.0017134894064696833,54.797462031542295,0.04233133614199905,2.2417177683556666,0.9545,0.9550000000000001,1,NA,NA,9.258035492553119e-4,6.548056896152038e-4,5.554470344415852e-5,3.7558610011864193,4.6493330999581466e-5,1.6208823202176095,0.004659922209651143,0.00463546114210873,0,1.0224171776835567,0.016208823202176096
264,500,0.65,0.05,0.02,0.3,Naive,2000,0.30719760046965455,0.007197600469654552,0.039760408941302595,0.0016319051266407976,67.8532789285313,0.039973796912125194,0.536684547529731,0.9405,0.9475,1,NA,NA,8.890697720594306e-4,6.288244905495184e-4,5.2756836964404014e-5,4.813537185913423,4.0886959739888495e-5,1.593343973408649,0.005289600646551685,0.004987171041783106,0,1.0053668454752973,0.01593343973408649
265,800,0.25,0.05,0.02,0.3,CCA,2000,0.29961366596273864,-3.86334037261354e-4,0.06531687723240574,0.004264310558155815,0,0.0663550057177586,1.5893725011669746,0.9565,0.9570000000000001,0.9935,NA,NA,0.0014605297756966759,0.0010330087930078362,0.00013417316999902169,0,1.2326168000434667e-4,1.6177155444082074,0.004561126505590477,0.004536022486716746,0.0017969070649312877,1.0158937250116697,0.016177155444082075
265,800,0.25,0.05,0.02,0.3,AIPW,2000,0.29858679712494146,-0.0014132028750585045,0.03998525810270781,0.0016000185974734643,166.84005340096678,0.038794108691100955,-2.978971421285359,0.9425,0.9425,1,NA,NA,8.940975521552893e-4,6.323805570774018e-4,5.164762843639525e-5,9.32908078522472,7.404883618866058e-5,1.545555784486555,0.005205465877325487,0.005205465877325487,0,0.9702102857871464,0.01545555784486555
265,800,0.25,0.05,0.02,0.3,FCS-MI,2000,0.2996136279702567,-3.863720297432827e-4,0.03899894088735893,0.0015203062149859164,180.5079670008542,0.03939882959064509,1.0253834955189278,0.9555,0.9555,1,NA,NA,8.720428287463054e-4,6.167816123739508e-4,4.925838363569601e-5,9.404300841496841,7.83202921973501e-5,1.6103228873788225,0.004610843198374891,0.004610843198374891,0,1.0102538349551893,0.016103228873788223
265,800,0.25,0.05,0.02,0.3,IPW,2000,0.29995575126777874,-4.4248732221265493e-5,0.06742685911768137,0.004544110097760717,-6.160655227158096,0.06389926537833267,-5.231733741582012,0.9285,0.9285,0.993,NA,NA,0.0015077104049643704,0.0010663788794683627,1.428869131992687e-4,1.057886029424643,1.6544089681034573e-4,1.5187437261690104,0.005761412587204635,0.005761412587204635,0.0018642692938521525,0.9476826625841799,0.015187437261690105
265,800,0.25,0.05,0.02,0.3,JM-MI,2000,0.29888828294885106,-0.0011117170511489077,0.039027734714357866,0.001523638409697642,180.09421414270932,0.03960426005233414,1.477219577810085,0.9565,0.9570000000000001,1,NA,NA,8.726866782913252e-4,6.172369966135924e-4,5.007862891820573e-5,9.377513049873354,7.91773165046147e-5,1.6176688251565299,0.004561126505590477,0.004536022486716746,0,1.0147721957781008,0.016176688251565298
265,800,0.25,0.05,0.02,0.3,Naive,2000,0.3061364489926047,0.0061364489926047225,0.03212807287722811,0.0010693529665099179,313.3152920259705,0.031500763830136495,-1.9525262205696836,0.9405,0.9400000000000001,1,NA,NA,7.18405549395493e-4,5.08116480622367e-4,3.3856864107747564e-5,16.173561265492776,2.4909273897183693e-5,1.5525914230633577,0.005289600646551685,0.005310367218940699,0,0.9804747377943032,0.015525914230633577
266,800,0.5,0.05,0.02,0.3,CCA,2000,0.2985241291671754,-0.0014758708328245877,0.04537511059858085,0.0020600494062177096,0,0.04602656584506838,1.4357105423957073,0.9560000000000001,0.9565,1,NA,NA,0.0010146183178499793,7.176229210293902e-4,6.760631498470274e-5,0,5.6188224303396066e-5,1.6090126254175172,0.004586065852122053,0.004561126505590477,0,1.014357105423957,0.016090126254175174
266,800,0.5,0.05,0.02,0.3,AIPW,2000,0.30023450798519485,2.3450798519488692e-4,0.033976500463389674,0.0011538803764419693,78.35204900229542,0.03356924468463345,-1.1986395691193863,0.9505,0.9500000000000001,1,NA,NA,7.597376467369241e-4,5.37349996225832e-4,3.549626400978414e-5,5.3601741273572765,4.042336661344165e-5,1.5671001748326168,0.004850244839180801,0.0048733971724044785,0,0.9880136043088061,0.01567100174832617
266,800,0.5,0.05,0.02,0.3,FCS-MI,2000,0.30058693906007466,5.869390600746637e-4,0.03383868021929031,0.0011448282483041388,79.80781378373729,0.033972590005628994,0.3957299323463115,0.9500000000000001,0.9500000000000001,1,NA,NA,7.566558923921062e-4,5.351703218439329e-4,3.536427877275085e-5,5.3106775949137255,3.4116520835552424e-5,1.5909905968378235,0.0048733971724044785,0.0048733971724044785,0,1.0039572993234631,0.015909905968378234
266,800,0.5,0.05,0.02,0.3,IPW,2000,0.2989315760217999,-0.0010684239782000882,0.04593125207746947,0.0021097666072425344,-2.4069649216305167,0.04533650183652212,-1.294870516362634,0.9485,0.9495,1,NA,NA,0.0010270540193690017,7.264184890692428e-4,6.782712829402114e-5,0.743365972620594,7.82860380323682e-5,1.5703326048538275,0.004942051699446293,0.0048964145045124596,0,0.9870512948363737,0.015703326048538274
266,800,0.5,0.05,0.02,0.3,JM-MI,2000,0.300291779443467,2.9177944346705565e-4,0.033857848486968226,0.0011458658624580436,79.60427877902612,0.03400766516630352,0.4424872991943385,0.9520000000000001,0.9520000000000001,1,NA,NA,7.570845078874937e-4,5.35473474564899e-4,3.5191200376477166e-5,5.300274173634232,3.4152796665405466e-5,1.591731766808556,0.004779958158812687,0.004779958158812687,0,1.0044248729919434,0.01591731766808556
266,800,0.5,0.05,0.02,0.3,Naive,2000,0.30719419539498255,0.007194195394982578,0.03192513431620082,0.001070461041388098,102.00863170825842,0.031489415460625274,-1.3648144789619177,0.9400000000000001,0.9450000000000001,1,NA,NA,7.138677052183631e-4,5.049069377467081e-4,3.203986720268781e-5,6.674298924929106,2.4583788756675257e-05,1.5618487023155692,0.005310367218940699,0.005097793640389926,0,0.9863518552103808,0.015618487023155691
267,800,0.65,0.05,0.02,0.3,CCA,2000,0.29870408052191544,-0.0012959194780845591,0.040633306214702215,0.0016519194484444681,0,0.04013877611402336,-1.2170560231200667,0.9425,0.9420000000000001,1,NA,NA,9.085883484663883e-4,6.426296600098705e-4,5.147495501974785e-5,6.665668500104314e-8,4.347559188406333e-5,1.5659456557368594,0.005205465877325487,0.005226662414964255,0,0.9878294397687993,0.015659456557368594
267,800,0.65,0.05,0.02,0.3,AIPW,2000,0.29868423923459353,-0.0013157607654064399,0.03221505953089572,0.0010390223819406487,59.09130549537862,0.032688789614740726,1.470523695263326,0.9575,0.9580000000000001,1,NA,NA,7.203506301028532e-4,5.094922043544315e-4,3.2689183973408195e-5,3.9990959930670855,3.895109152569033e-5,1.6093394909965584,0.004510751046111944,0.004485309353879615,0,1.0147052369526333,0.016093394909965583
267,800,0.65,0.05,0.02,0.3,FCS-MI,2000,0.2988960174925733,-0.0011039825074267403,0.0322296953361025,0.0010394526622039626,58.94684861160704,0.03306143211379468,2.5806535526275765,0.9585,0.9590000000000001,1,NA,NA,7.206778966563313e-4,5.097236746284552e-4,3.2596955086322676e-5,3.942945023813565,2.9403194187859497e-5,1.6249112483312302,0.004459694496263168,0.004433903472111224,0,1.0258065355262758,0.016249112483312303
267,800,0.65,0.05,0.02,0.3,IPW,2000,0.2991722897568894,-8.277102431105495e-4,0.040927976373455015,0.0016749468046476292,-1.4347613186478259,0.03962456927720564,-3.1846360649649297,0.937,0.9375,1,NA,NA,9.151773735255074e-4,6.472899695336337e-4,5.231753159640502e-5,0.5402780599360553,6.214391143064113e-5,1.5386781535295377,0.00543281694887652,0.005412658773652742,0,0.9681536393503507,0.015386781535295378
267,800,0.65,0.05,0.02,0.3,JM-MI,2000,0.298752630597979,-0.001247369402020968,0.032255051393448954,0.0010414240766489344,58.697047038458614,0.033066435811464547,2.5155266631520012,0.9605,0.9605,1,NA,NA,7.212448753350118e-4,5.101246893631569e-4,3.2603712031575396e-5,3.9259901142670737,2.957811236544534e-5,1.6239093752383311,0.004355441998236229,0.004355441998236229,0,1.02515526663152,0.01623909375238331
267,800,0.65,0.05,0.02,0.3,Naive,2000,0.30518778562698545,0.005187785626985473,0.03111123120776761,9.943378726210987e-4,70.58071298958109,0.0314820862280016,1.1920293920782088,0.9510000000000001,0.9540000000000001,1,NA,NA,6.956682784428125e-4,4.920347812185209e-4,3.0948652309954935e-5,4.879579047275566,2.5266522156125045e-5,1.6024459290776505,0.004826955562256604,0.004684228858627636,0,1.011920293920782,0.016024459290776505
268,1500,0.25,0.05,0.02,0.3,CCA,2000,0.3012958734004434,0.0012958734004434262,0.047711310405623854,0.0022769102439214573,4.440892098500626e-14,0.047561412125585616,-0.3141776630401827,0.9450000000000001,0.9440000000000001,1,NA,NA,0.00106685733362568,7.545707214319072e-4,7.153673241792117e-5,0,6.127012235262096e-5,1.5817869229926578,0.005097793640389926,0.005141206084179078,0,0.9968582233695982,0.015817869229926576
268,1500,0.25,0.05,0.02,0.3,AIPW,2000,0.30024281650096,2.4281650096004837e-4,0.027058953137867107,7.31879811297968e-4,210.89999028580647,0.027079269443482833,0.07508163938276802,0.9475,0.9475,1,NA,NA,6.050565861625208e-4,4.279466151075541e-4,2.3411401209392264e-5,11.478375125178035,3.61200167065044e-5,1.5883408351567199,0.004987171041783106,0.004987171041783106,0,1.0007508163938277,0.015883408351567197
268,1500,0.25,0.05,0.02,0.3,FCS-MI,2000,0.30075113673504233,7.511367350423585e-4,0.02666227386152053,7.110856154377176e-4,220.2199014827752,0.027375390188029185,2.674626816199055,0.9480000000000001,0.9485,1,NA,NA,5.961865678907572e-4,4.2167299643757427e-4,2.2648115578349487e-5,11.548431441619465,4.1284791060373395e-5,1.631200376546555,0.004964675215963273,0.004942051699446293,0,1.0267462681619905,0.01631200376546555
268,1500,0.25,0.05,0.02,0.3,IPW,2000,0.30183475543083865,0.0018347554308386618,0.048556743535219556,0.0023599447915647054,-3.4519329299823376,0.04712577400813441,-2.9470047266395016,0.9375,0.9415,1,NA,NA,0.001085761793107744,7.679415360479373e-4,7.425950927433918e-5,0.948902317389595,8.639170948527979e-5,1.5452036014750674,0.005412658773652742,0.0052477495176503994,0,0.970529952733605,0.015452036014750673
268,1500,0.25,0.05,0.02,0.3,JM-MI,2000,0.3003953187305087,3.9531873050868417e-4,0.026777066855345383,7.168090806196395e-4,217.48022811579122,0.02743638119564159,2.462235105353172,0.9480000000000001,0.9490000000000001,1,NA,NA,5.98753417266088e-4,4.234884869665357e-4,2.2924698014059275e-5,11.465963446874385,4.219819059816876e-5,1.6281201528981375,0.004964675215963273,0.004919298730510272,0,1.0246223510535317,0.016281201528981375
268,1500,0.25,0.05,0.02,0.3,Naive,2000,0.30635702854466285,0.006357028544662866,0.023143923024775314,5.757851643078952e-4,324.9802396576982,0.02297220698293418,-0.7419487251893897,0.9380000000000001,0.9470000000000001,1,NA,NA,5.175138514942016e-4,3.6602907245890154e-4,1.8006029711606754e-5,16.85658918617975,1.3644470695474439e-5,1.5709067442297981,0.005392402062161164,0.005009540897128196,0,0.9925805127481061,0.015709067442297983
269,1500,0.5,0.05,0.02,0.3,CCA,2000,0.2993569857394728,-6.430142605272216e-4,0.03346880103940184,0.0011200140300327997,0,0.033233442058703606,-0.703219037996472,0.9500000000000001,0.9500000000000001,1,NA,NA,7.483851424951814e-4,5.293205558819779e-4,3.5492394454391275e-5,9.426678795130648e-8,2.8868716730022627e-5,1.5727796427305865,0.0048733971724044785,0.0048733971724044785,0,0.9929678096200353,0.015727796427305863
269,1500,0.5,0.05,0.02,0.3,AIPW,2000,0.30032207120929655,3.2207120929657915e-4,0.02388649594751984,5.703831361704142e-4,96.3249155260065,0.024276622927761112,1.6332532871225824,0.9470000000000001,0.9470000000000001,1,NA,NA,5.341182868292761e-4,3.777731176604999e-4,1.8253594886066527e-5,5.9964365626196665,2.1827964730346593e-5,1.6099602570842695,0.005009540897128196,0.005009540897128196,0,1.0163325328712258,0.016099602570842694
269,1500,0.5,0.05,0.02,0.3,FCS-MI,2000,0.30067325398994954,6.732539899495521e-4,0.023803670693361072,5.667847020437208e-4,97.69352382608454,0.02446054107711199,2.7595339904198823,0.9540000000000001,0.9535,1,NA,NA,5.322662578437492e-4,3.7646320788749157e-4,1.8171761586259032e-5,5.994039077689234,1.8369951799750563e-5,1.6270085105146257,0.004684228858627636,0.004708383480558906,0,1.0275953399041988,0.016270085105146256
269,1500,0.5,0.05,0.02,0.3,IPW,2000,0.299816920509577,-1.8307949042299583e-4,0.03383007399641859,0.0011439351877496691,-2.1244052352625498,0.03309625982217137,-2.169117851545066,0.9445,0.9450000000000001,1,NA,NA,7.564634513983994e-4,5.35034211480459e-4,3.645238047955541e-5,0.6532695886539183,4.124091542920951e-5,1.5520239770414808,0.005119558086397692,0.005097793640389926,0,0.9783088214845493,0.015520239770414808
269,1500,0.5,0.05,0.02,0.3,JM-MI,2000,0.30039537575658365,3.953757565836828e-4,0.023916262882371815,5.718579584324806e-4,95.83651529464122,0.02446727960030401,2.3039415507442706,0.9520000000000001,0.9505,1,NA,NA,5.347838957273843e-4,3.7824389193425416e-4,1.81767202393409e-5,5.9378520582405585,1.872700581922588e-5,1.6198655176436128,0.004779958158812687,0.004850244839180801,0,1.0230394155074427,0.01619865517643613
269,1500,0.5,0.05,0.02,0.3,Naive,2000,0.30638370044979085,0.006383700449790859,0.022693800058808125,5.555026882612652e-4,117.50330530479083,0.022930670098012307,1.0437654275192498,0.9385,0.9495,1,NA,NA,5.074487959928369e-4,3.589102235261148e-4,1.7750667000690002e-5,7.267729490136057,1.3462241186750745e-5,1.599142429537867,0.005372045699731156,0.0048964145045124596,0,1.0104376542751925,0.01599142429537867
270,1500,0.65,0.05,0.02,0.3,CCA,2000,0.2996781820089378,-3.218179910622016e-4,0.028294674231565575,8.002918623948572e-4,4.440892098500626e-14,0.029066838539148647,2.7290093579577013,0.9565,0.9570000000000001,1,NA,NA,6.326881498299226e-4,4.4748996760056735e-4,2.520598651191402e-5,0,2.1592534299030708e-5,1.626485733571426,0.004561126505590477,0.004536022486716746,0,1.027290093579577,0.01626485733571426
270,1500,0.65,0.05,0.02,0.3,AIPW,2000,0.3000951287754723,9.512877547226991e-5,0.023850994930382934,5.685945736734907e-4,40.73314594423285,0.02376843478101016,-0.3461497082773768,0.9490000000000001,0.9490000000000001,1,NA,NA,5.333244599533911e-4,3.77211656910736e-4,1.8128776986532897e-5,3.6273527636597667,2.018574570524817e-5,1.57833049421699,0.004919298730510272,0.004919298730510272,0,0.9965385029172262,0.0157833049421699
270,1500,0.65,0.05,0.02,0.3,FCS-MI,2000,0.30031879108933324,3.1879108933322204e-4,0.023827317766288537,5.675588291583597e-4,41.012977472432624,0.02391875117144318,0.38373351986771276,0.9520000000000001,0.9510000000000001,1,NA,NA,5.327950224690962e-4,3.7683719444805616e-4,1.8161770371941218e-5,3.6044145163476564,1.475131019358953e-5,1.588809769643043,0.004779958158812687,0.004826955562256604,0,1.0038373351986771,0.01588809769643043
270,1500,0.65,0.05,0.02,0.3,IPW,2000,0.3000129770981048,1.2977098104806767e-5,0.028503260294709804,8.120297979093417e-4,-1.4582391452894972,0.028928298745835076,1.4911923995030163,0.9590000000000001,0.9590000000000001,1,NA,NA,6.373522759934181e-4,4.50788827657214e-4,2.5528654105767204e-5,0.49762778763013754,3.105790029044502e-5,1.6088121670739073,0.004433903472111224,0.004433903472111224,0,1.0149119239950302,0.016088121670739072
270,1500,0.65,0.05,0.02,0.3,JM-MI,2000,0.30015777527505444,1.5777527505446542e-4,0.023868840594881525,5.694615836056108e-4,40.52278485551153,0.02392110024944074,0.21894509015416563,0.9545,0.9545,1,NA,NA,5.337235011426162e-4,3.774938922092564e-4,1.8171810127412266e-5,3.5903856787083015,1.4918414646043367e-5,1.586228798213801,0.004659922209651143,0.004659922209651143,0,1.0021894509015417,0.01586228798213801
270,1500,0.65,0.05,0.02,0.3,Naive,2000,0.3065381329793324,0.006538132979332449,0.022926245150973662,5.680970932196166e-4,52.31530067660635,0.022920216321328315,-0.026296629062660948,0.9440000000000001,0.9520000000000001,1,NA,NA,5.126464262640203e-4,3.625864223015729e-4,1.8863163170718313e-5,4.345424357095061,1.2977135184083806e-5,1.5821312536614527,0.005141206084179078,0.004779958158812687,0,0.9997370337093734,0.015821312536614528
271,500,0.25,0.05,0.05,0.3,CCA,2000,0.2999828863977332,-1.7113602266798103e-5,0.08642334573466907,0.00746526048350554,0,0.08441195780102377,-2.327366426914934,0.9410000000000001,0.9410000000000001,0.9425,NA,NA,0.0019324847590568655,0.0013668148240984306,2.4549676939763913e-4,0,1.9675994286189524e-4,1.5614136252377544,0.005268728499363008,0.005268728499363008,0.005205465877325487,0.9767263357308507,0.015614136252377543
271,500,0.25,0.05,0.05,0.3,AIPW,2000,0.30101737462937805,0.0010173746293780862,0.05365691147928384,0.0028786596685574572,159.42439279383248,0.052074567711419766,-2.9490026992608387,0.936,0.9365,0.999,NA,NA,0.0011998050153036747,8.486024395582054e-4,9.652604620250549e-5,8.874234792596212,1.3748973923831428e-4,1.5561363082725073,0.00547284204047586,0.005452877680637995,7.067531393633852e-4,0.9705099730073916,0.015561363082725073
271,500,0.25,0.05,0.05,0.3,FCS-MI,2000,0.3024430363088862,0.002443036308886222,0.05035865881494279,0.0025406949467875316,194.51935467610335,0.05271813174597693,4.685337112937615,0.9555,0.9545,0.9995,NA,NA,0.0011260538436593107,7.96439443588529e-4,8.587356837472937e-5,9.381542566267973,1.3844046716659678e-4,1.6783028489474667,0.004610843198374891,0.004659922209651143,4.99874984371065e-4,1.0468533711293762,0.016783028489474668
271,500,0.25,0.05,0.05,0.3,IPW,2000,0.2998711200970286,-1.288799029713897e-4,0.09029713736851042,0.008149512840468557,-8.396053209440367,0.07838723735187149,-13.189676177699406,0.9015,0.901,0.9480000000000001,NA,NA,0.002019105373296258,0.0014280801660681618,2.632176434489202e-4,1.1021790833125709,2.6000606616599723e-4,1.4028053543649677,0.0066632480818291625,0.006678285708173917,0.004964675215963273,0.868103238223006,0.014028053543649676
271,500,0.25,0.05,0.05,0.3,JM-MI,2000,0.30161807945107766,0.0016180794510776673,0.050297813940398624,0.002531223333249367,195.23234121049126,0.05290110093081168,5.17574579582698,0.9560000000000001,0.9530000000000001,0.9995,NA,NA,0.0011246933109036788,7.954771610502818e-4,8.492516975757108e-5,9.290679384149454,1.3243420867768693e-4,1.6841005811522187,0.004586065852122053,0.004732388403332927,4.99874984371065e-4,1.0517574579582698,0.01684100581152219
271,500,0.25,0.05,0.05,0.3,Naive,2000,0.3102399337084375,0.010239933708437494,0.039919436624837754,0.0016976208820874104,368.69826240466284,0.03963822446435894,-0.7044492213696296,0.9345,0.9450000000000001,1,NA,NA,8.926257391663199e-4,6.313395678524177e-4,5.562992828562127e-5,18.642723438084705,3.993467374592642e-5,1.5735762783656126,0.005532167296819575,0.005097793640389926,0,0.9929555077863037,0.015735762783656126
272,500,0.5,0.05,0.05,0.3,CCA,2000,0.3002780109424275,2.7801094242754727e-4,0.05764663662323804,0.003321550436698773,0,0.05746322521190415,-0.3181649825168775,0.9460000000000001,0.9465,0.999,NA,NA,0.001289017981637892,9.11701309712769e-4,1.0826475017195519e-4,6.665668500104314e-8,8.892804792019932e-5,1.584031925593779,0.005053909377897468,0.005031786462082825,7.067531393633852e-4,0.9968183501748312,0.01584031925593779
272,500,0.5,0.05,0.05,0.3,AIPW,2000,0.3009561446738726,9.561446738726085e-4,0.04363645900181752,0.0019041026965775677,74.52150297474371,0.042460931886430735,-2.6939104186657903,0.9430000000000001,0.9440000000000001,1,NA,NA,9.75740886254466e-4,6.901255503108992e-4,5.812278419177999e-5,5.053980704409718,6.770488109589701e-5,1.5467309120330304,0.005184158562389848,0.005141206084179078,0,0.9730608958133421,0.015467309120330303
272,500,0.5,0.05,0.05,0.3,FCS-MI,2000,0.3017240879259731,0.0017240879259731224,0.04334791457406991,0.0018810746562483885,76.8526327887592,0.043281568128875306,-0.15305567948658005,0.9550000000000001,0.9520000000000001,1,NA,NA,9.692888367047416e-4,6.855621213218473e-4,5.7564276107562615e-5,4.939360260396999,5.5747020258875266e-5,1.5843417507229272,0.00463546114210873,0.004779958158812687,0,0.9984694432051342,0.01584341750722927
272,500,0.5,0.05,0.05,0.3,IPW,2000,0.3005156954919849,5.156954919849386e-4,0.05842802855715572,0.0034123935456557195,-2.6568308025537335,0.055842402091446176,-4.425318686185376,0.936,0.937,0.999,NA,NA,0.0013064904364509914,9.240592908766617e-4,1.0925294118399644e-4,0.8252379095372858,1.2388228531440038e-4,1.5263443585635046,0.00547284204047586,0.00543281694887652,7.067531393633852e-4,0.9557468131381462,0.015263443585635045
272,500,0.5,0.05,0.05,0.3,JM-MI,2000,0.301192999961911,0.001192999961911033,0.04354849876398219,0.0018969467576333795,75.2272198855559,0.04321479559862338,-0.7662793777745702,0.9495,0.9520000000000001,1,NA,NA,9.737740355432974e-4,6.887344290116421e-4,5.828256943667314e-5,4.8937477662281825,5.690320071305355e-5,1.5748454001806984,0.0048964145045124596,0.004779958158812687,0,0.9923372062222543,0.015748454001806984
272,500,0.5,0.05,0.05,0.3,Naive,2000,0.31051602130022754,0.010516021300227545,0.03954968189499035,0.0016739819533127696,112.45255465927393,0.039692530519748505,0.36118779700287096,0.9400000000000001,0.9490000000000001,1,NA,NA,8.843577720569112e-4,6.254917701105026e-4,5.397351217852988e-5,7.1409929407075525,4.016208584395376e-5,1.5904916742792299,0.005310367218940699,0.004919298730510272,0,1.0036118779700287,0.015904916742792298
273,500,0.65,0.05,0.05,0.3,CCA,2000,0.29971597587790155,-2.8402412209844915e-4,0.04976129813037406,0.0024750293679260925,0,0.05012118052618971,0.7232174588226448,0.9535,0.9545,1,NA,NA,0.0011126964526814958,7.869919796878738e-4,7.52857716380508e-5,0,6.555114420576949e-5,1.5984096838024933,0.004708383480558906,0.004659922209651143,0,1.0072321745882264,0.015984096838024934
273,500,0.65,0.05,0.05,0.3,AIPW,2000,0.29940454056289145,-5.954594371085631e-4,0.042111637521866675,0.0017728578917069445,39.63013048411719,0.04087801723364917,-2.929404698587035,0.9455,0.9455,1,NA,NA,9.416448414272467e-4,6.660099761545927e-4,5.871897506559527e-5,3.4166825846818427,5.8924199832424425e-5,1.5415681017097451,0.005075911248239078,0.005075911248239078,0,0.9707059530141297,0.01541568101709745
273,500,0.65,0.05,0.05,0.3,FCS-MI,2000,0.2998879739871075,-1.1202601289251614e-4,0.04194603719060556,0.0017586028508052316,40.734808832292636,0.04163267024277968,-0.747071639692487,0.9515,0.9510000000000001,1,NA,NA,9.379419054492834e-4,6.633909501759154e-4,5.803527610116092e-5,3.347959003952717,4.630735574596784e-5,1.5735963755463305,0.004803527349771207,0.004826955562256604,0,0.9925292836030751,0.015735963755463305
273,500,0.65,0.05,0.05,0.3,IPW,2000,0.29987374424464003,-1.262557553599632e-4,0.050101826861571226,0.0025089538988551886,-1.354727007190093,0.04899936712277993,-2.2004382032562164,0.9455,0.9455,1,NA,NA,0.0011203109065939822,7.923775582474066e-4,7.681318723307847e-5,0.6217678777858742,8.909633395676536e-5,1.556922751579465,0.005075911248239078,0.005075911248239078,0,0.9779956179674378,0.01556922751579465
273,500,0.65,0.05,0.05,0.3,JM-MI,2000,0.29962433917219505,-3.756608278049339e-4,0.04208545961661016,0.0017704414392433008,39.80388936271255,0.04161439999076688,-1.1192930530746992,0.9490000000000001,0.9490000000000001,1,NA,NA,9.410594856706255e-4,6.655959636136028e-4,5.821778786188786e-5,3.3289476597231866,4.651026584312522e-5,1.567732327427334,0.004919298730510272,0.004919298730510272,0,0.988807069469253,0.01567732327427334
273,500,0.65,0.05,0.05,0.3,Naive,2000,0.3095358041722752,0.009535804172275219,0.04036014786321009,0.001719058625984394,52.01201133341024,0.039676486024780994,-1.6939032055734438,0.9450000000000001,0.9415,1,NA,NA,9.024803420408066e-4,6.383095670885436e-4,5.549738800914516e-5,4.454262278334008,3.985811936242836e-5,1.5578779011801296,0.005097793640389926,0.0052477495176503994,0,0.9830609679442656,0.015578779011801295
274,800,0.25,0.05,0.05,0.3,CCA,2000,0.29945486841924235,-5.451315807576323e-4,0.06515813365338502,0.00424375675844213,4.440892098500626e-14,0.06490700941838153,-0.38540734812844146,0.9480000000000001,0.9495,0.995,NA,NA,0.0014569801613598563,0.0010304982089151757,1.3754660733725726e-4,0,1.1713636114926509e-4,1.5856626054400176,0.004964675215963273,0.0048964145045124596,0.0015771810295587513,0.9961459265187156,0.015856626054400177
274,800,0.25,0.05,0.05,0.3,AIPW,2000,0.29945235331376263,-5.476466862373758e-4,0.04012631296530225,0.001609615848586236,163.68095328161644,0.03885198394866409,-3.175793942842664,0.9410000000000001,0.9405,1,NA,NA,8.9725163476847e-4,6.346113880590806e-4,5.197498020688588e-5,9.233083653124156,7.444833931616375e-5,1.5425068536893647,0.005268728499363008,0.005289600646551685,0,0.9682420605715734,0.015425068536893648
274,800,0.25,0.05,0.05,0.3,FCS-MI,2000,0.3005236291788746,5.236291788746247e-4,0.03828516193942953,0.0014652949354329486,189.65184254476904,0.0394163092327076,2.954531823758888,0.9580000000000001,0.9590000000000001,1,NA,NA,8.560822462615212e-4,6.054929537497577e-4,4.681564609140123e-5,9.732164450992803,7.960662507228318e-5,1.64148399949369,0.004485309353879615,0.004433903472111224,0,1.0295453182375889,0.0164148399949369
274,800,0.25,0.05,0.05,0.3,IPW,2000,0.29992057067129496,-7.942932870504823e-5,0.06750375802699769,0.004554485278111832,-6.82886848753369,0.06248125588148865,-7.440329682830882,0.925,0.925,0.9945,NA,NA,0.0015094299168506393,0.0010675950620671394,1.4985260216773705e-4,0.9869519868997738,1.6372537292830936e-4,1.483819903037953,0.0058896094946948715,0.0058896094946948715,0.0016537457482938467,0.9255967031716912,0.01483819903037953
274,800,0.25,0.05,0.05,0.3,JM-MI,2000,0.30007883627426835,7.883627426834389e-5,0.038913407617307924,0.0015135023809027034,180.37465082802012,0.039443214218451074,1.3615014299274586,0.9510000000000001,0.9510000000000001,1,NA,NA,8.701302466845864e-4,6.154288744017567e-4,4.804386782590577e-5,9.397646976032949,8.041337021062057e-5,1.6163311439558208,0.004826955562256604,0.004826955562256604,0,1.0136150142992746,0.01616331143955821
274,800,0.25,0.05,0.05,0.3,Naive,2000,0.3095400516395131,0.009540051639513093,0.03170823118004786,0.0010959218038896525,322.27292888129523,0.03124658380942974,-1.4559228106946875,0.9345,0.9460000000000001,1,NA,NA,7.090176036486541e-4,5.014765403307427e-4,3.467630197009619e-5,16.72372697047016,2.4294112507327038e-5,1.5603905059223897,0.005532167296819575,0.005053909377897468,0,0.9854407718930531,0.015603905059223898
275,800,0.5,0.05,0.05,0.3,CCA,2000,0.29897503502087824,-0.0010249649791217264,0.04570681513522442,0.0020891189465391037,0,0.04496174830408586,-1.6301000823055856,0.9470000000000001,0.9480000000000001,1,NA,NA,0.0010220354567737806,7.228689419286165e-4,6.45219038172305e-5,9.426678795130648e-8,5.3737829298614125e-5,1.5601898474842262,0.005009540897128196,0.004964675215963273,0,0.9836989991769441,0.015601898474842262
275,800,0.5,0.05,0.05,0.3,AIPW,2000,0.3002927399023594,2.927399023593683e-4,0.03365570970771211,0.0011322261391822556,84.43545649346291,0.033185185329567254,-1.3980521647922184,0.9460000000000001,0.9460000000000001,1,NA,NA,7.525645473744386e-4,5.322765805119812e-4,3.65067146167864e-5,5.505563551068886,4.0129472787727894e-5,1.5639753761757391,0.005053909377897468,0.005053909377897468,0,0.9860194783520778,0.015639753761757393
275,800,0.5,0.05,0.05,0.3,FCS-MI,2000,0.3008170747221009,8.170747221008875e-4,0.03350984389238213,0.0011230157939744708,86.04461834523254,0.0336452830452673,0.404177212284651,0.9490000000000001,0.9480000000000001,1,NA,NA,7.49302888587726e-4,5.299696626644088e-4,3.6224912315021533e-05,5.452656917302903,3.450088413010071e-5,1.591260724778214,0.004919298730510272,0.004964675215963273,0,1.0040417721228465,0.01591260724778214
275,800,0.5,0.05,0.05,0.3,IPW,2000,0.29941440749243575,-5.855925075642127e-4,0.04647938163042449,0.002159595668873184,-3.296712575592997,0.044255467131603554,-4.784733403951325,0.9355,0.9345,1,NA,NA,0.0010393105687778418,7.350873457553226e-4,6.647020004536397e-5,0.7172063101613387,7.52642446706483e-5,1.514543498956193,0.005492711079239468,0.005532167296819575,0,0.9521526659604868,0.01514543498956193
275,800,0.5,0.05,0.05,0.3,JM-MI,2000,0.3005436770865028,5.43677086502828e-4,0.033545139904121564,0.0011250093577558837,85.65331406900374,0.033628423640306195,0.24827362897479333,0.9520000000000001,0.9515,1,NA,NA,7.50092131403566e-4,5.305278811835706e-4,3.645052761982449e-5,5.4091837625701205,3.423370950466604e-5,1.5887418547243934,0.004779958158812687,0.004803527349771207,0,1.002482736289748,0.015887418547243935
275,800,0.5,0.05,0.05,0.3,Naive,2000,0.31004149964981864,0.010041499649818665,0.031964926545451085,0.0011220773660088638,104.4628921271038,0.031270952795830524,-2.1710475343461044,0.9325,0.9425,1,NA,NA,7.147574865141615e-4,5.055362654863465e-4,3.6436401325162266e-5,6.939363543172119,2.40330229405034e-5,1.549024135240624,0.005609979946488223,0.005205465877325487,0,0.978289524656539,0.01549024135240624
276,800,0.65,0.05,0.05,0.3,CCA,2000,0.2986236808598687,-0.001376319140131306,0.03834621252276193,0.0014715910532088951,0,0.03928672486342194,2.4526864031271245,0.9580000000000001,0.9580000000000001,1,NA,NA,8.574473788054937e-4,6.06458489642973e-4,4.708617928353608e-5,0,4.114493918641839e-5,1.6238731315129573,0.004485309353879615,0.004485309353879615,0,1.0245268640312712,0.016238731315129575
276,800,0.65,0.05,0.05,0.3,AIPW,2000,0.2986647320990192,-0.0013352679009807466,0.03194053062780567,0.001021470338404789,44.13209397920783,0.032211938127087385,0.8497275841918617,0.9530000000000001,0.9520000000000001,1,NA,NA,7.142119772118752e-4,5.051504356899902e-4,3.1530633930909344e-5,3.5873420435389103,3.698152570742292e-5,1.5991699194553974,0.004732388403332927,0.004779958158812687,0,1.0084972758419186,0.015991699194553975
276,800,0.65,0.05,0.05,0.3,FCS-MI,2000,0.2990342561505373,-9.657438494626772e-4,0.031955595298735845,0.0010215821520439155,43.99623102671557,0.03259532395116921,2.0019300108568894,0.9570000000000001,0.9580000000000001,1,NA,NA,7.145488334944606e-4,5.05388688622372e-4,3.165419181862274e-5,3.5302101954818705,2.858047876679536e-5,1.6156728647424519,0.004536022486716746,0.004485309353879615,0,1.020019300108569,0.01615672864742452
276,800,0.65,0.05,0.05,0.3,IPW,2000,0.2989058743819896,-0.0010941256180103489,0.038541138509603744,0.0014858737588056392,-1.008963744735769,0.03881004872924947,0.6977225635893536,0.9520000000000001,0.9525,1,NA,NA,8.618060563770891e-4,6.095413109125334e-4,4.754087655155311e-5,0.565858394670245,5.765287201657383e-5,1.5995788521343415,0.004779958158812687,0.00475624589355933,0,1.0069772256358935,0.015995788521343413
276,800,0.65,0.05,0.05,0.3,JM-MI,2000,0.2988326750159316,-0.0011673249840684075,0.0320200953881607,0.0010261365130310074,43.416694008067736,0.03258005203495145,1.7487663294025957,0.9590000000000001,0.9585,1,NA,NA,7.159910993395485e-4,5.064087796363468e-4,3.1684657153754445e-5,3.5159077140196535,2.8740819951425082e-5,1.6116929715770592,0.004433903472111224,0.004459694496263168,0,1.017487663294026,0.01611692971577059
276,800,0.65,0.05,0.05,0.3,Naive,2000,0.3089322964703782,0.008932296470378177,0.031026899342971186,0.0010419730688321766,52.74541974248352,0.03130554883932333,0.8980900517062684,0.9445,0.9490000000000001,1,NA,NA,6.937825606192714e-4,4.907010438820667e-4,3.393014412913422e-5,4.552530706491735,2.4812308518871514e-5,1.5977404622305749,0.005119558086397692,0.004919298730510272,0,1.0089809005170627,0.01597740462230575
277,1500,0.25,0.05,0.05,0.3,CCA,2000,0.299084276365016,-9.157236349839684e-4,0.046934296907100506,0.002202565361826451,4.440892098500626e-14,0.046573163223596,-0.7694451761348864,0.9510000000000001,0.9510000000000001,1,NA,NA,0.0010494827836043487,7.42281986723963e-4,6.504497102261912e-5,0,6.0269595538435374e-5,1.5746101188877577,0.004826955562256604,0.004826955562256604,0,0.9923055482386511,0.01574610118887758
277,1500,0.25,0.05,0.05,0.3,AIPW,2000,0.3004057084208472,4.057084208472006e-4,0.027309791306504516,7.456163881769738e-4,195.3546889242665,0.027290696890401516,-0.0699178396813771,0.9470000000000001,0.9475,1,NA,NA,6.106654981267689e-4,4.3191370668945036e-4,2.4902875852585804e-5,10.69301531473008,3.569402832485681e-5,1.585823704803944,0.005009540897128196,0.004987171041783106,0,0.9993008216031862,0.01585823704803944
277,1500,0.25,0.05,0.05,0.3,FCS-MI,2000,0.30128321670151353,0.0012832167015135402,0.026868647401198004,7.232098961663626e-4,205.13289151106932,0.027547960041481995,2.5282725629638625,0.9575,0.9590000000000001,1,NA,NA,6.008012205255181e-4,4.249368646775154e-4,2.3819168490270855e-5,10.773113356482044,4.355935390526009e-5,1.6296039730195429,0.004510751046111944,0.004433903472111224,0,1.0252827256296386,0.01629603973019543
277,1500,0.25,0.05,0.05,0.3,IPW,2000,0.2994527024133428,-5.472975866571627e-4,0.04799820332549569,0.0023029751433627484,-4.383978198299754,0.04618381735000809,-3.7801122745855675,0.9395,0.9395,1,NA,NA,0.0010732724543366483,7.59108031258046e-4,6.876265562068791e-5,0.9394635942922761,8.688491880869287e-5,1.5324789471346028,0.005331029450303197,0.005331029450303197,0,0.9621988772541443,0.015324789471346028
277,1500,0.25,0.05,0.05,0.3,JM-MI,2000,0.3006345987433609,6.345987433609073e-4,0.026906025636602805,7.239749640148239e-4,204.2856904432109,0.02761256669953506,2.625958484076807,0.9540000000000001,0.9535,1,NA,NA,6.016370232779593e-4,4.25528014277379e-4,2.3550581833261607e-5,10.711238807965751,4.543336005826599e-5,1.63182490281773,0.004684228858627636,0.004708383480558906,0,1.026259584840768,0.0163182490281773
277,1500,0.25,0.05,0.05,0.3,Naive,2000,0.31063415026283836,0.010634150262838399,0.02230033310904121,6.101413561584384e-4,342.95329035245186,0.022786043989213915,2.178043161049392,0.9325,0.9570000000000001,1,NA,NA,4.986506075270537e-4,3.526874089016345e-4,1.9066526092126924e-5,17.653257139475645,1.3047883116944919e-5,1.617039647361889,0.005609979946488223,0.004536022486716746,0,1.021780431610494,0.01617039647361889
278,1500,0.5,0.05,0.05,0.3,CCA,2000,0.2986021990937458,-0.0013978009062541818,0.03324953339753424,0.001106932552791693,0,0.03252686453264954,-2.173470695797175,0.9470000000000001,0.9435,1,NA,NA,7.43482168970361e-4,5.258527629979827e-4,3.653616994797743e-5,0,2.8092041903262098e-5,1.549465269934999,0.005009540897128196,0.005162739098579358,0,0.97826529304202825,0.015494652699349989
278,1500,0.5,0.05,0.05,0.3,AIPW,2000,0.2993098111133727,-6.901888866273287e-4,0.024791045971606106,6.147650230853281e-4,79.87939108725502,0.02409636228943114,-2.802155596704581,0.935,0.9355,1,NA,NA,5.543446402583357e-4,3.920788862181702e-4,1.9805391824848345e-5,5.281274722130947,2.117532067878492e-5,1.539588423367298,0.005512485827646179,0.005492711079239468,0,0.9719784440329542,0.01539588423367298
278,1500,0.5,0.05,0.05,0.3,FCS-MI,2000,0.29963049012006615,-3.695098799338277e-4,0.024748126570210905,6.123000714021803e-4,80.50384322426154,0.024256387181261316,-1.9869762163795102,0.9435,0.9435,1,NA,NA,5.533849332676031e-4,3.91400101179594e-4,1.964598126257939e-5,5.267883274058223,1.883751931419441e-5,1.5519772607252218,0.005162739098579358,0.005162739098579358,0,0.9801302378362049,0.015519772607252218
278,1500,0.5,0.05,0.05,0.3,IPW,2000,0.2990293939819294,-9.706060180705719e-4,0.03371995445830579,0.0011374088870481965,-2.7707017294982594,0.03238970543767909,-3.944990561216599,0.9405,0.9410000000000001,1,NA,NA,7.540011036696885e-4,5.332926332548539e-4,3.757533194988131e-5,0.6298652793009817,3.962568220337661e-5,1.5236812848233252,0.005289600646551685,0.005268728499363008,0,0.960550094387834,0.015236812848233252
278,1500,0.5,0.05,0.05,0.3,JM-MI,2000,0.2993381525558837,-6.618474441162686e-4,0.024884319307090574,6.193577747428355e-4,78.53344255020328,0.024265194963329677,-2.4880099637062725,0.937,0.9380000000000001,1,NA,NA,5.5643029544465e-4,3.935540359771796e-4,1.9972788422041403e-5,5.2053626697351785,1.876384592039928e-5,1.544027857991647,0.00543281694887652,0.005392402062161164,0,0.9751199003629373,0.01544027857991647
278,1500,0.5,0.05,0.05,0.3,Naive,2000,0.30903329584643435,0.009033295846434364,0.02348816573661074,6.330185165548678e-4,100.38855091518512,0.022808172601884735,-2.895045710896471,0.922,0.9400000000000001,1,NA,NA,5.252113525384303e-4,3.714733888947527e-4,2.0230656596717322e-5,6.653458818480957,1.300814451580784e-5,1.5367463779881403,0.005996498978570745,0.005310367218940699,0,0.9710495428910353,0.015367463779881402
279,1500,0.65,0.05,0.05,0.3,CCA,2000,0.29925034765281117,-7.496523471888002e-4,0.027893424473137456,7.7821608591585e-4,0,0.02841569310868391,1.8723718776424203,0.9560000000000001,0.9565,1,NA,NA,6.237159324719161e-4,4.4114406519047984e-4,2.5056296163332294e-5,6.665668500104314e-8,2.1791475816081118e-5,1.6130394611705257,0.004586065852122053,0.004561126505590477,0,1.0187237187764242,0.016130394611705255
279,1500,0.65,0.05,0.05,0.3,AIPW,2000,0.2994020338688296,-5.979661311704369e-4,0.02307186803034407,5.32402502356435e-4,46.16323743948123,0.023400622575960747,1.4249151615478128,0.9515,0.9520000000000001,1,NA,NA,5.159026528375353e-4,3.6488949803370723e-4,1.683506584162506e-5,3.677209149813032,1.9763808740466056e-5,1.6063554528915258,0.004803527349771207,0.004779958158812687,0,1.0142491516154781,0.01606355452891526
279,1500,0.65,0.05,0.05,0.3,FCS-MI,2000,0.2996804348395839,-3.1956516041611866e-4,0.023046317525602517,5.309693070069e-4,46.48750743663437,0.023565990377190357,2.2549062383199647,0.9560000000000001,0.9550000000000001,1,NA,NA,5.153313261829198e-4,3.6448540804682837e-4,1.6825779943601442e-5,3.6484256695036645,1.5214680341825786e-5,1.6185433201858366,0.004586065852122053,0.00463546114210873,0,1.0225490623831996,0.016185433201858366
279,1500,0.65,0.05,0.05,0.3,IPW,2000,0.299742233776662,-2.577662233379827e-4,0.028064693785440867,7.87299667177822e-4,-1.2168079533114606,0.02826463883550716,0.7124433695764099,0.9545,0.9545,1,NA,NA,6.275456307196168e-4,4.438527480467088e-4,2.5157277638995066e-5,0.49346126596824,3.0172924550012116e-5,1.5964261366251933,0.004659922209651143,0.004659922209651143,0,1.007124433695764,0.015964261366251932
279,1500,0.65,0.05,0.05,0.3,JM-MI,2000,0.299495450159487,-5.045498405130119e-4,0.02311833604708346,5.344448033966472e-4,45.57624970375775,0.02357085149192187,1.9573876074679752,0.9550000000000001,0.9550000000000001,1,NA,NA,5.169417092796239e-4,3.6562440563981687e-4,1.6868456155286858e-5,3.6379081009541525,1.5120330641335253e-5,1.613816896921841,0.00463546114210873,0.00463546114210873,0,1.0195738760746798,0.016138168969218408
279,1500,0.65,0.05,0.05,0.3,Naive,2000,0.3093141273605598,0.009314127360559794,0.022541233997709492,5.946061450131532e-4,53.12577398771159,0.022784994819766306,1.0813996344724686,0.934,0.9515,1,NA,NA,5.040373151560777e-4,3.564973389960003e-4,1.8020211751400828e-5,4.430340156382319,1.3360682052929993e-5,1.5997354000213608,0.005551756478809205,0.004803527349771207,0,1.0108139963447247,0.01599735400021361
280,500,0.25,0.05,0.1,0.3,CCA,2000,0.29721819258865634,-0.0027818074113436634,0.08240828558856195,0.0067954684233529706,0,0.08196680128394629,-0.5357280538753728,0.9445,0.9455,0.9520000000000001,NA,NA,0.0018427052848524078,0.001303315272204265,2.1828771057610304e-4,6.665668500104314e-8,1.9729114895334038e-4,1.591175128403959,0.005119558086397692,0.005075911248239078,0.004779958158812687,0.9946427194612463,0.01591175128403959
280,500,0.25,0.05,0.1,0.3,AIPW,2000,0.29797870391599984,-0.0020212960840001737,0.054306369305874895,0.002951792794171673,130.27151650201495,0.052157734841742596,-3.956505455244741,0.9420000000000001,0.9390000000000001,0.999,NA,NA,0.0012143273337914436,8.588738376100318e-4,9.640332943315254e-5,7.641198686511205,1.3311852692873762e-4,1.5386124050558396,0.005226662414964255,0.005351588549206672,7.067531393633852e-4,0.9604349454475526,0.015386124050558397
280,500,0.25,0.05,0.1,0.3,FCS-MI,2000,0.300710276784004,7.102767840040109e-4,0.05110076197176238,0.002610486723267564,160.068053048358,0.052737809586699026,3.2035679151736662,0.9565,0.9570000000000001,0.9995,NA,NA,0.0011426477747089687,8.081760592810682e-4,8.508739909102227e-5,7.962440063278016,1.3359729939715055e-4,1.6530052855938357,0.004561126505590477,0.004536022486716746,4.99874984371065e-4,1.0320356791517367,0.01653005285593836
280,500,0.25,0.05,0.1,0.3,IPW,2000,0.2972424021011414,-0.0027575978988586226,0.08573411595549729,0.00735426781552311,-7.607991039795204,0.07586502463213503,-11.5112767109946,0.9095,0.9095,0.9580000000000001,NA,NA,0.001917073112673413,0.0013559144189894418,2.4018103513409847e-4,1.0875267087734921,2.3764233066963614e-4,1.4266655095335838,0.006415206543830059,0.006415206543830059,0.004485309353879615,0.884887232890054,0.014266655095335838
280,500,0.25,0.05,0.1,0.3,JM-MI,2000,0.299349259580889,-6.507404191110025e-4,0.05135697413338623,0.002636643485834299,157.47964556543516,0.052979708167570735,3.159715036890365,0.9560000000000001,0.9565,0.9995,NA,NA,0.0011483768528094999,8.122281424033408e-4,8.630774072944277e-5,7.885371099715037,1.3820171226585712e-4,1.6535499742523725,0.004586065852122053,0.004561126505590477,4.99874984371065e-4,1.0315971503689036,0.016535499742523725
280,500,0.25,0.05,0.1,0.3,Naive,2000,0.3138396387753289,0.013839638775328905,0.039483986694254104,0.0017497413141009865,335.6119295218692,0.039443565790208836,-0.1023729046366828,0.9345,0.9460000000000001,1,NA,NA,8.828887827104938e-4,6.244527780016563e-4,5.6154556031751286e-05,17.629283075272074,3.91967788027004e-5,1.5830309817758357,0.005532167296819575,0.005053909377897468,0,0.9989762709536332,0.01583030981775836
281,500,0.5,0.05,0.1,0.3,CCA,2000,0.30034834262829785,3.483426282978406e-4,0.05615361296349469,0.003151772977316222,0,0.05571190870097822,-0.786599898395901,0.9460000000000001,0.9470000000000001,0.9995,NA,NA,0.0012556329576858755,8.880886289779584e-4,1.0337944910865122e-4,0,8.636144492250477e-5,1.5766130208612676,0.005053909377897468,0.005009540897128196,4.99874984371065e-4,0.992134001016041,0.015766130208612675
281,500,0.5,0.05,0.1,0.3,AIPW,2000,0.3001344392376955,1.3443923769552668e-4,0.043726898385161236,0.0019111036954736556,64.91420369478722,0.041823435329574096,-4.353071280795628,0.9305,0.9305,1,NA,NA,9.777631723444631e-4,6.91555880145803e-4,6.337997540847365e-5,4.651356047258427,6.780889857710374e-5,1.5206168797800563,0.005686376262612245,0.005686376262612245,0,0.9564692871920437,0.015206168797800563
281,500,0.5,0.05,0.1,0.3,FCS-MI,2000,0.3012485629083776,0.001248562908377622,0.043116171665811776,0.0018596336663223689,69.61920519503362,0.04270449855655619,-0.954799773148729,0.9460000000000001,0.9475,1,NA,NA,9.641069077430548e-4,6.818970278254747e-4,6.0493613703578175e-5,4.625023146102322,5.8512141544731134e-5,1.5723013293970065,0.005053909377897468,0.004987171041783106,0,0.9904520022685127,0.015723013293970065
281,500,0.5,0.05,0.1,0.3,IPW,2000,0.3009465406073662,9.465406073661994e-4,0.05691166531514054,0.0032382141192394934,-2.6462195132590405,0.05397216593958541,-5.165020842876499,0.926,0.928,0.9995,NA,NA,0.0012725835235737125,9.00077486651361e-4,1.0716104658359551e-4,0.7809266644944993,1.1811590246005955e-4,1.5141390245593074,0.005853375094763702,0.0057799653978203,4.99874984371065e-4,0.948349791571235,0.015141390245593073
281,500,0.5,0.05,0.1,0.3,JM-MI,2000,0.3005566132576857,5.566132576856985e-4,0.04329470310305709,0.0018738039194421017,68.22319498308507,0.042665208078892285,-1.4539769972931271,0.9435,0.9425,1,NA,NA,9.680989920410674e-4,6.847205636758879e-4,6.169827899751466e-5,4.562235691472018,5.716016995692385e-5,1.5641211562363189,0.005162739098579358,0.005205465877325487,0,0.9854602300270687,0.01564121156236319
281,500,0.5,0.05,0.1,0.3,Naive,2000,0.3153541144896893,0.015354114489689296,0.040581349967201495,0.0018817713739403916,91.4707456290047,0.039381623902352,-2.9563483369063115,0.926,0.9385,1,NA,NA,9.074265714537141e-4,6.418079541538332e-4,5.968115556530763e-5,6.462578204876055,3.9686012910560024e-5,1.5378910777199721,0.005853375094763702,0.005372045699731156,0,0.9704365166309369,0.015378910777199722
282,500,0.65,0.05,0.1,0.3,CCA,2000,0.2980399806316291,-0.00196001936837088,0.04940909522640196,0.0024438797376705,0,0.04836588572503708,-2.1113713914102106,0.9475,0.9480000000000001,1,NA,NA,0.0011048209563299515,7.814217700859737e-4,7.61432724466107e-5,0,6.34044811136414e-5,1.5534515490867575,0.004987171041783106,0.004964675215963273,0,0.9788862860858979,0.015534515490867574
282,500,0.65,0.05,0.1,0.3,AIPW,2000,0.29961526927194415,-3.847307280558336e-4,0.041621066295897215,0.001731595020760778,40.92479050640172,0.039944746378306875,-4.027575616811097,0.9400000000000001,0.9400000000000001,1,NA,NA,9.306753353365156e-4,6.582514241310482e-4,5.359222471284715e-5,3.3602941959562793,5.980085788697953e-5,1.5246219914449681,0.005310367218940699,0.005310367218940699,0,0.959724243831889,0.015246219914449681
282,500,0.65,0.05,0.1,0.3,FCS-MI,2000,0.30006067505122436,6.0675051224349867e-5,0.041425648219204886,0.0017152299696779635,42.25750144511902,0.040694090895574825,-1.765952628572054,0.9465,0.9465,1,NA,NA,9.263056543013523e-4,6.551608202918968e-4,5.2983101060934067e-5,3.322086382078974,4.546718140272762e-5,1.5574772115777598,0.005031786462082825,0.005031786462082825,0,0.9823404737142795,0.015574772115777598
282,500,0.65,0.05,0.1,0.3,IPW,2000,0.29830993266832967,-0.0016900673316703313,0.049749495074802565,0.002476631081653285,-1.3637738143345568,0.04727129434972405,-4.981358547161808,0.9335,0.9335,1,NA,NA,0.0011124325283354951,7.868053103199196e-4,7.69717111401966e-5,0.5712147269644757,8.902236678491726e-5,1.513368645787131,0.005571254347092763,0.005571254347092763,0,0.9501864145283819,0.015133686457871309
282,500,0.65,0.05,0.1,0.3,JM-MI,2000,0.2997745651230974,-2.25434876902597e-4,0.041555917008330306,0.0017260816121677585,41.367006548643914,0.04065481489825408,-2.1684086766647237,0.9470000000000001,0.9470000000000001,1,NA,NA,9.292185529796626e-4,6.572210658260215e-4,5.3658095283894815e-5,3.3054463952930733,4.608468002770652e-5,1.5512093370022677,0.005009540897128196,0.005009540897128196,0,0.9783159132333528,0.015512093370022677
282,500,0.65,0.05,0.1,0.3,Naive,2000,0.3128338745127124,0.0128338745127124,0.04000593482169243,0.0017643829185550735,52.53340190826277,0.039373212615075585,-1.5815708580162013,0.934,0.9435,1,NA,NA,0.00089455989764730215,6.327075664726254e-4,5.423461152697369e-5,4.542813979452951,3.939992947624622e-5,1.5596337758091272,0.005551756478809205,0.005162739098579358,0,0.984184291419838,0.015596337758091272
283,800,0.25,0.05,0.1,0.3,CCA,2000,0.29954180276954145,-4.581972304585274e-4,0.06277232818259494,0.0039386049475726714,0,0.06267128296103858,-0.16097096361065155,0.9515,0.9515,0.9965,NA,NA,0.0014036319292220812,9.92765877944068e-4,1.2625699157646297e-4,0,1.1433171514067555e-4,1.5894585446157592,0.004803527349771207,0.004803527349771207,0.0013205585939290896,0.9983902903638935,0.015894585446157593
283,800,0.25,0.05,0.1,0.3,AIPW,2000,0.2993293834338653,-6.706165661347222e-4,0.03946400390320603,0.0015570786268489989,153.0079585562739,0.03910961994391216,-0.8979929156784694,0.9435,0.9430000000000001,1,NA,NA,8.824419539188572e-4,6.241367433145102e-4,5.190493693053457e-5,8.46459635251638,7.233586629023313e-5,1.5780138059398052,0.005162739098579358,0.005184158562389848,0,0.9910200708432153,0.01578013805939805
283,800,0.25,0.05,0.1,0.3,FCS-MI,2000,0.30095176782740213,9.517678274021649e-4,0.03803805441189904,0.0014470759986481487,172.33275691831443,0.03962520320500098,4.172528846810453,0.9535,0.9530000000000001,1,NA,NA,8.505567539684204e-4,6.015848635352001e-4,4.82949586417804e-5,8.662834818195677,8.336892767197066e-5,1.6620387068679228,0.004708383480558906,0.004732388403332927,0,1.0417252884681045,0.01662038706867923
283,800,0.25,0.05,0.1,0.3,IPW,2000,0.2994409387018254,-5.59061298174586e-4,0.06455848050447355,0.004166026055879085,-5.456892393754719,0.060475779235231,-6.324035567967923,0.924,0.9245,0.995,NA,NA,0.0014435715093209776,0.001021014488905471,1.3435580286284105e-4,1.0947808075431207,1.5934523308925496e-4,1.5019373023787517,0.005925537950262405,0.005907611615534657,0.0015771810295587513,0.9367596443203208,0.015019373023787516
283,800,0.25,0.05,0.1,0.3,JM-MI,2000,0.3000971562710858,9.715627108579249e-5,0.03824577841663065,0.001462017636251675,169.38255279230341,0.039708997633232226,3.8258319667650476,0.9535,0.9540000000000001,1,NA,NA,8.55201603919804e-4,6.048700898426834e-4,4.9216926535218805e-5,8.600284366313288,8.64773132388055e-5,1.6575356622695596,0.004708383480558906,0.004684228858627636,0,1.0382583196676505,0.016575356622695596
283,800,0.25,0.05,0.1,0.3,Naive,2000,0.31384381031030245,0.013843810310302462,0.03089464587567855,0.0011456529881193264,312.82884085279096,0.031004016525395424,0.35401166324089406,0.9295,0.9490000000000001,1,NA,NA,6.908252831880076e-4,4.886094099827154e-4,3.609437838368238e-5,16.33619365414205,2.465075204616621e-5,1.5891374420303093,0.005724061058374553,0.004919298730510272,0,1.003540116632409,0.015891374420303094
284,800,0.5,0.05,0.1,0.3,CCA,2000,0.30047982323865435,4.7982323865437625e-4,0.04263568866798724,0.001817123277559792,4.440892098500626e-14,0.04346823793027815,1.9527050888614506,0.9565,0.9570000000000001,1,NA,NA,9.533629812913694e-4,6.742980245865804e-4,5.6538729552308044e-5,6.665668500104317e-8,5.3742132055670355e-5,1.6173363826665073,0.004561126505590477,0.004536022486716746,0,1.0195270508886145,0.016173363826665073
284,800,0.5,0.05,0.1,0.3,AIPW,2000,0.30060194778067834,6.019477806783723e-4,0.032896012315216376,0.00108196889356041,67.98095787584946,0.03271983232026828,-0.5355664183850029,0.9520000000000001,0.9535,1,NA,NA,7.355771972549406e-4,5.202617059538958e-4,3.485238847184233e-5,4.872819510000929,4.062560846345111e-5,1.5779043622414723,0.004779958158812687,0.004708383480558906,0,0.99464433581615,0.015779043622414723
284,800,0.5,0.05,0.1,0.3,FCS-MI,2000,0.30132338451518204,0.0013233845151820504,0.03262351319487659,0.0010655128129447224,70.79891542038598,0.03319789450665047,1.7606359816087824,0.9530000000000001,0.9520000000000001,1,NA,NA,7.29483931686054e-4,5.159520389991161e-4,3.441769733700805e-5,4.8376047800478625,3.613717075961742e-5,1.6131868689291196,0.004732388403332927,0.004779958158812687,0,1.0176063598160878,0.016131868689291194
284,800,0.5,0.05,0.1,0.3,IPW,2000,0.30074076384760606,7.4076384760606e-4,0.04321789225011973,0.0018674010485156079,-2.676123320071666,0.04277709105023904,-1.0199507123799467,0.9445,0.9435,1,NA,NA,9.663814491552907e-4,6.835057737189155e-4,5.872149368665615e-5,0.7145048938198442,7.418629715855392e-5,1.574786880191275,0.005119558086397692,0.005162739098579358,0,0.9898004928762005,0.01574786880191275
284,800,0.5,0.05,0.1,0.3,JM-MI,2000,0.30087198287790656,8.719828779065635e-4,0.03266721337837429,0.0010673736106326442,70.34225256048869,0.03319541101012157,1.6169044651263231,0.9555,0.9550000000000001,1,NA,NA,7.304610974953547e-4,5.166431723741633e-4,3.4688975411163804e-5,4.8136919733428,3.681382153845363e-5,1.6110524619528854,0.004610843198374891,0.00463546114210873,0,1.0161690446512632,0.016110524619528853
284,800,0.5,0.05,0.1,0.3,Naive,2000,0.31504636526365876,0.015046365263658793,0.030670685488795094,0.0011666137105258477,93.24114379722882,0.03102718443053321,1.1623442256233796,0.923,0.9495,1,NA,NA,6.858173766946219e-4,4.8506739972841524e-4,3.7662324128679354e-5,6.572429047370209,2.447739941015798e-5,1.6019063707418721,0.005961165993327143,0.0048964145045124596,0,1.0116234422562338,0.01601906370741872
285,800,0.65,0.05,0.1,0.3,CCA,2000,0.30053189385544093,5.318938554409663e-4,0.03772002891418803,0.0014223720920699932,0,0.03792712060649038,0.5490231536499746,0.9515,0.9525,1,NA,NA,8.434454876538202e-4,5.96555181323553e-4,4.4995805824929786e-5,0,3.949393622291082e-5,1.5936604379557866,0.004803527349771207,0.00475624589355933,0,1.0054902315364997,0.015936604379557864
285,800,0.65,0.05,0.1,0.3,AIPW,2000,0.29995827441200407,-4.172558799592323e-5,0.031409129821762936,9.860419104669716e-4,44.22223607795783,0.031428909626194136,0.06297469730438543,0.9460000000000001,0.9460000000000001,1,NA,NA,7.023294939557779e-4,4.967461498681131e-4,3.1501849516906706e-5,3.5538846583343977,3.6653112477859434e-5,1.5868269660071377,0.005053909377897468,0.005053909377897468,0,1.0006297469730439,0.015868269660071377
285,800,0.65,0.05,0.1,0.3,FCS-MI,2000,0.30038079710087795,3.807971008779848e-4,0.031315644137112825,9.803242393704647e-4,45.084606285049624,0.03183590834448598,1.6613555994416718,0.9510000000000001,0.9510000000000001,1,NA,NA,7.002390904977702e-4,4.952676417342918e-4,3.1097230724279245e-5,3.5583151082976086,2.8921565328053806e-5,1.6104594928337446,0.004826955562256604,0.004826955562256604,0,1.0166135559944167,0.016104594928337445
285,800,0.65,0.05,0.1,0.3,IPW,2000,0.3009938006420252,9.93800642025178e-4,0.037942677395642554,0.0014399145842819191,-1.1701611143554613,0.03743096657598798,-1.3486418323060634,0.9420000000000001,0.9435,1,NA,NA,8.484240590500143e-4,6.000764433439954e-4,4.574298241832008e-5,0.5616102601124777,5.5155049507144345e-5,1.5669621796036772,0.005226662414964255,0.005162739098579358,0,0.9865135816769394,0.015669621796036773
285,800,0.65,0.05,0.1,0.3,JM-MI,2000,0.29998672650120034,-1.3273498799670423e-5,0.03131561517225275,9.801775959255893e-4,45.08487467238547,0.0318191598404379,1.6079667137796294,0.9505,0.9505,1,NA,NA,7.002384428238095e-4,4.952671836451054e-4,3.126388754717142e-5,3.5457090940986635,2.920422237201758e-5,1.6096685657103835,0.004850244839180801,0.004850244839180801,0,1.0160796671377963,0.016096685657103836
285,800,0.65,0.05,0.1,0.3,Naive,2000,0.31368631937282354,0.013686319372823566,0.030626770104195244,0.0011248453854666453,51.68465104678115,0.031025192624316498,1.300896303350907,0.9275,0.9505,1,NA,NA,6.848353988423889e-4,4.843728628742029e-4,3.644212140534693e-5,4.590180948429572,2.518076090550085e-5,1.604216661254359,0.005798437289477226,0.004850244839180801,0,1.013008963033509,0.01604216661254359
286,1500,0.25,0.05,0.1,0.3,CCA,2000,0.2976580836782275,-0.002341916321772498,0.044456654933842994,0.0019808905428810174,0,0.04494092474990768,1.0893078140614465,0.9505,0.9520000000000001,1,NA,NA,9.940810248432435e-4,7.030972300003135e-4,6.342142153836318e-5,9.426678795130648e-8,5.6689430388272024e-5,1.603839279999585,0.004850244839180801,0.004779958158812687,0,1.0108930781406145,0.01603839279999585
286,1500,0.25,0.05,0.1,0.3,AIPW,2000,0.2986662972221596,-0.00133370277784037,0.027615836450666616,7.640318687581511e-4,159.1535483632073,0.02761803321927188,0.007954742233451384,0.9505,0.9500000000000001,1,NA,NA,6.175088755920708e-4,4.3675391550488264e-4,2.4988868093557777e-5,9.01967659387628,3.6945050040286774e-5,1.5873078565535024,0.004850244839180801,0.0048733971724044785,0,1.0000795474223345,0.015873078565535024
286,1500,0.25,0.05,0.1,0.3,FCS-MI,2000,0.29976317724064383,-2.3682275935616156e-4,0.026912221085190383,7.23961594935646e-4,172.8817426809259,0.027865219815692323,3.5411374166600007,0.9575,0.9575,1,NA,NA,6.017755577198886e-4,4.256259974195434e-4,2.3516590561174917e-5,9.325842154832626,4.6955460720386036e-5,1.6468073800347176,0.004510751046111944,0.004510751046111944,0,1.0354113741666,0.016468073800347177
286,1500,0.25,0.05,0.1,0.3,IPW,2000,0.29757272578866767,-0.0024272742113323064,0.04572464420724116,0.002095589376431852,-5.469295612404523,0.04451546224617042,-2.6444863203096136,0.9380000000000001,0.9390000000000001,1,NA,NA,0.0010224341269438322,7.231509148113513e-4,6.628598715556627e-5,0.9139099854722093,8.258857736869841e-5,1.550268855011915,0.005392402062161164,0.005351588549206672,0,0.9735551367969039,0.01550268855011915
286,1500,0.25,0.05,0.1,0.3,JM-MI,2000,0.29903940129773143,-9.605987022685391e-4,0.02729076729676924,7.453363365233865e-4,165.3640403978991,0.02792124810170102,2.3102348060635602,0.9545,0.9550000000000001,1,NA,NA,6.10240108337042e-4,4.3161283545727427e-4,2.4409083755383742e-5,9.009467470889838,4.8267393634677477e-5,1.6277087563190127,0.004659922209651143,0.00463546114210873,0,1.0231023480606356,0.016277087563190126
286,1500,0.25,0.05,0.1,0.3,Naive,2000,0.31298220173589153,0.01298220173589152,0.022070272961968628,6.553909620528806e-4,305.7496507672977,0.022639947593344253,2.5811852547419134,0.9105,0.9545,1,NA,NA,4.935063062493749e-4,3.490489288499773e-4,2.0713442137677195e-5,16.21268159449247,1.2869093544343333e-5,1.6234041163452726,0.006383171233799076,0.004659922209651143,0,1.0258118525474191,0.016234041163452725
287,1500,0.5,0.05,0.1,0.3,CCA,2000,0.29974734362951744,-2.526563704825242e-4,0.03101253089386568,9.613600191482971e-4,0,0.031456603016056864,1.4319119059032381,0.9530000000000001,0.9530000000000001,1,NA,NA,6.934612723299597e-4,4.904738019363891e-4,3.073178055205247e-5,6.665668500104314e-8,2.7685899347487243e-5,1.60666256624495,0.004732388403332927,0.004732388403332927,0,1.0143191190590324,0.0160666256624495
287,1500,0.5,0.05,0.1,0.3,AIPW,2000,0.30050111061917184,5.011106191718641e-4,0.023566758729580216,5.55365532812383e-4,73.17081805310855,0.02376658687009233,0.8479237336159295,0.9510000000000001,0.9510000000000001,1,NA,NA,5.269687452867795e-4,3.7271636400694914e-4,1.7451111090015963e-5,5.1146703519975985,2.1820589818220995e-5,1.5976297640194013,0.004826955562256604,0.004826955562256604,0,1.0084792373361593,0.015976297640194013
287,1500,0.5,0.05,0.1,0.3,FCS-MI,2000,0.30108686667617723,0.0010868666761772196,0.02345345247299175,5.509706798582161e-4,74.84807504592483,0.02394549390417091,2.097948827558671,0.9520000000000001,0.9525,1,NA,NA,5.244351403667011e-4,3.7092438673678324e-4,1.722210370011504e-5,5.093814475151493,2.08749617880664e-5,1.6171652648079218,0.004779958158812687,0.00475624589355933,0,1.0209794882755867,0.016171652648079217
287,1500,0.5,0.05,0.1,0.3,IPW,2000,0.30025791710962363,2.5791710962364564e-4,0.03137228228867423,9.837945071876992e-4,-2.2802850346680836,0.03130675841681936,-0.20885911726774564,0.9470000000000001,0.9480000000000001,1,NA,NA,7.015055580678826e-4,4.961633935072136e-4,3.175067801636525e-5,0.6557140734007008,3.9148783205760336e-5,1.5831567683676437,0.005009540897128196,0.004964675215963273,0,0.9979114088273225,0.015831567683676436
287,1500,0.5,0.05,0.1,0.3,JM-MI,2000,0.30063376530029484,6.337653002948673e-4,0.023554938263729536,5.549593575056635e-4,73.34466468572394,0.023937986280311675,1.6261898557890397,0.9530000000000001,0.9530000000000001,1,NA,NA,5.26704431635101e-4,3.7252941928946434e-4,1.731985758241141e-5,5.068550884747812,2.0841027339005618e-5,1.6096865131654254,0.004732388403332927,0.004732388403332927,0,1.0162618985578904,0.016096865131654255
287,1500,0.5,0.05,0.1,0.3,Naive,2000,0.31430266040340593,0.014302660403405942,0.02223525386009003,6.987254055806937e-4,94.53163434854164,0.022642509864004554,1.831577936897344,0.911,0.9555,1,NA,NA,4.971953912812591e-4,3.516581582813131e-4,2.1012041567267008e-5,6.546531114932369,1.3484309834907478e-5,1.611642670620038,0.006367063687446513,0.004610843198374891,0,1.0183157793689734,0.01611642670620038
288,1500,0.65,0.05,0.1,0.3,CCA,2000,0.29945328028800355,-5.467197119964295e-4,0.02745756556745631,7.538398503812022e-4,0,0.0275067127419447,0.17899319722152196,0.9450000000000001,0.9465,1,NA,NA,6.13969831054899e-4,4.34250807258424e-4,2.402986978970768e-5,6.665668500104314e-8,2.085953633434359e-5,1.5861854336568435,0.005097793640389926,0.005031786462082825,0,1.0017899319722152,0.015861854336568434
288,1500,0.65,0.05,0.1,0.3,AIPW,2000,0.29929585454445035,-7.041454555496478e-4,0.022912992283132764,5.252385335817893e-4,43.60198428967688,0.022908923273944885,-0.01775852379993781,0.9475,0.9470000000000001,1,NA,NA,5.123500831301297e-4,3.623768236558277e-4,1.592310536546077e-5,3.5169471207412455,1.9026250242022634e-5,1.5834321801385491,0.004987171041783106,0.005009540897128196,0,0.9998224147620006,0.01583432180138549
288,1500,0.65,0.05,0.1,0.3,FCS-MI,2000,0.2996377275240751,-3.6227247592491495e-4,0.022929482396559352,5.256295237394509e-4,43.39551111504707,0.02307107737427741,0.6175236547830032,0.9520000000000001,0.9515,1,NA,NA,5.12718813275915e-4,3.6263762044969083e-4,1.5910059520460224e-5,3.5059144152358286,1.595230592293651e-5,1.592820699621487,0.004779958158812687,0.004803527349771207,0,1.00617523654783,0.01592820699621487
288,1500,0.65,0.05,0.1,0.3,IPW,2000,0.2998187683808829,-1.8123161911710729e-4,0.027669189331800622,7.652340911596576e-4,-1.5238211358339582,0.027377675655346486,-1.053567825780477,0.9465,0.9455,1,NA,NA,6.187018822821818e-4,4.375977096003601e-4,2.4315175594656867e-5,0.4683883275676114,2.885391604545848e-5,1.5683425027875482,0.005031786462082825,0.005075911248239078,0,0.9894643217421952,0.01568342502787548
288,1500,0.65,0.05,0.1,0.3,JM-MI,2000,0.2993282834151645,-6.717165848354834e-4,0.022962276296530464,5.274537028221888e-4,42.986218933597,0.023060392290145306,0.4272921044403022,0.9510000000000001,0.9500000000000001,1,NA,NA,5.134521071717424e-4,3.631562672139359e-4,1.5978338355792842e-5,3.4851853562062565,1.5868400913219165e-5,1.5897947286402612,0.004826955562256604,0.0048733971724044785,0,1.004272921044403,0.015897947286402613
288,1500,0.65,0.05,0.1,0.3,Naive,2000,0.31340879003505845,0.013408790035058455,0.02276172458150578,6.976327080756454e-4,45.516999311568476,0.022627453313463823,-0.5898993618043136,0.907,0.9490000000000001,1,NA,NA,5.089676344937488e-4,3.599844731256154e-4,2.1245732596300244e-5,4.380108990263307,1.3085388543363979e-5,1.5732555025027022,0.006494266702253611,0.004919298730510272,0,0.9941010063819569,0.01573255502502702
289,500,0.25,0.1,0,0.3,CCA,2000,0.3029553209350389,0.002955320935038945,0.08881580959781399,0.007893037832326968,0,0.09023865028794475,1.602012858492019,0.9515,0.9565,0.914,NA,NA,0.0019859818773739035,0.0014046524598260008,2.4104053299505264e-4,9.426678795130648e-8,2.1525388178430762e-4,1.6250451003121233,0.004803527349771207,0.004561126505590477,0.006269130721240385,1.0160201285849202,0.016250451003121235
289,500,0.25,0.1,0,0.3,AIPW,2000,0.3011121158588892,0.001112115858889209,0.05788934776292941,0.003350737797808765,135.38741799506101,0.05601174106900547,-3.243440747705739,0.9385,0.9385,0.998,NA,NA,0.0012944451677103556,9.155398695473128e-4,1.1173931012471154e-4,8.021509854935642,1.600678436191585e-4,1.5550191739077994,0.005372045699731156,0.005372045699731156,9.989994994993746e-4,0.9675655925229426,0.015550191739077995
289,500,0.25,0.1,0,0.3,FCS-MI,2000,0.3013448154549371,0.0013448154549370703,0.05362658424747836,0.002876181161390706,174.29651328347705,0.05634871364386849,5.076082011540994,0.9575,0.9580000000000001,0.9995,NA,NA,0.0011991268777848103,8.481228039961564e-4,9.388178103051978e-5,8.618584683524462,1.4842227333626307e-4,1.6847041800423441,0.004510751046111944,0.004485309353879615,4.99874984371065e-4,1.05076082011541,0.016847041800423443
289,500,0.25,0.1,0,0.3,IPW,2000,0.3028305772454744,0.002830577245474433,0.09370967416313569,0.00878512444778778,-10.172005794625083,0.08340452503180242,-10.996889300237477,0.912,0.912,0.9255,NA,NA,0.0020954120157812713,0.0014820506047155523,2.7061119202671986e-4,1.0961215660893,2.72648043124191e-4,1.437369424672978,0.0063346665263453285,0.0063346665263453285,0.005871530890662162,0.8900311069976252,0.01437369424672978
289,500,0.25,0.1,0,0.3,JM-MI,2000,0.3013714002728689,0.0013714002728689053,0.05434838463539106,0.0029541507777285977,167.05903614137574,0.056568335374302184,4.084667380280371,0.9535,0.9550000000000001,0.999,NA,NA,0.0012152668251203954,8.595383244420781e-4,9.737366158666721e-5,8.376087276924531,1.5555935906876912e-4,1.670833581906284,0.004708383480558906,0.00463546114210873,7.067531393633852e-4,1.0408466738028037,0.01670833581906284
289,500,0.25,0.1,0,0.3,Naive,2000,0.3005941874939664,5.941874939663766e-4,0.04096036314965221,0.0016772655324546974,370.16788498276094,0.04024302135632173,-1.751307210606523,0.9455,0.9455,1,NA,NA,9.159015638569973e-4,6.478021774959011e-4,5.3181577646713893e-05,18.87718621103991,4.185452042781935e-5,1.5571929793011823,0.005075911248239078,0.005075911248239078,0,0.9824869278939348,0.015571929793011823
290,500,0.5,0.1,0,0.3,CCA,2000,0.29944329633852057,-5.567036614794182e-4,0.06203646015262459,0.003846908046040749,0,0.06162723990617135,-0.6596447402808958,0.9490000000000001,0.9495,0.997,NA,NA,0.0013871774198472556,9.811278729189962e-4,1.2018588128279816e-4,6.665668500104314e-8,9.674884553674249e-5,1.5788231787948908,0.004919298730510272,0.0048964145045124596,0.0012229063741758816,0.993403552597191,0.015788231787948907
290,500,0.5,0.1,0,0.3,AIPW,2000,0.29961299422318644,-3.870057768135743e-4,0.04691037173868645,0.002199632458644709,74.88649276503641,0.04557647111606014,-2.8435089580120643,0.935,0.9345,1,NA,NA,0.0010489478005748791,7.419036019879939e-4,7.227586686259762e-5,5.045105100756226,7.566532518913925e-5,1.5450059487335113,0.005512485827646179,0.005532167296819575,0,0.9715649104198794,0.015450059487335112
290,500,0.5,0.1,0,0.3,FCS-MI,2000,0.2994617463798706,-5.382536201293957e-4,0.046513985274202085,0.0021627587676352265,77.87991582456213,0.04631260341155094,-0.43294906137152367,0.9425,0.9415,1,NA,NA,0.0010400843297754007,7.356346142379413e-4,7.113876883197208e-5,4.936945525011503,6.49321413979729e-5,1.5808625994072845,0.005205465877325487,0.0052477495176503994,0,0.9956705093862848,0.015808625994072845
290,500,0.5,0.1,0,0.3,IPW,2000,0.3004211264463504,4.2112644635038994e-4,0.06310447600069859,0.0039803611513608995,-3.3562690414677188,0.05980246358029286,-5.232612058087871,0.929,0.929,0.998,NA,NA,0.0014110589802206613,9.980189094914672e-4,1.2318503245549648e-4,0.7902783649844325,1.300935920442138e-4,1.5128905686678982,0.005742778073371805,0.005742778073371805,9.989994994993746e-4,0.9476738794191213,0.015128905686678983
290,500,0.5,0.1,0,0.3,JM-MI,2000,0.29962409728293804,-3.759027170619725e-4,0.046624676469223546,0.002172914828484533,77.03631242264251,0.046412440740968036,-0.4552004310327096,0.9390000000000001,0.9390000000000001,1,NA,NA,0.0010425594601411875,7.373852334134242e-4,7.090957049454331e-5,4.91784135984767,6.596173307422246e-5,1.5806789367400127,0.005351588549206672,0.005351588549206672,0,0.9954479956896729,0.015806789367400126
290,500,0.5,0.1,0,0.3,Naive,2000,0.3000159343738299,1.5934373829885315e-5,0.04122348558929833,0.001698526330153291,126.46682796703166,0.040266558521709184,-2.3213152743143284,0.9390000000000001,0.9390000000000001,1,NA,NA,9.217851604715405e-4,6.519635490327703e-4,5.37432575181094e-5,7.558913154688544,4.1617869958846584e-5,1.5481171966806981,0.005351588549206672,0.005351588549206672,0,0.9767868472568567,0.015481171966806982
291,500,0.65,0.1,0,0.3,CCA,2000,0.2993789574717812,-6.210425282187521e-4,0.05321354452372087,0.0028306511739394904,4.440892098500626e-14,0.05363580364233212,0.7935181209795639,0.9460000000000001,0.9455,0.9985,NA,NA,0.0011898910287875153,8.415904392447789e-4,9.734761151247091e-5,0,7.192365758335496e-5,1.5998038062793885,0.005053909377897468,0.005075911248239078,8.653756409790912e-4,1.0079351812097956,0.015998038062793884
291,500,0.65,0.1,0,0.3,AIPW,2000,0.2996835968953017,-3.164031046982903e-4,0.044517564472292756,0.001980922750696133,42.883336614335455,0.04379538034100014,-1.6222453762988254,0.9400000000000001,0.9400000000000001,1,NA,NA,9.954430035277616e-4,7.040605352203836e-4,6.292709156544962e-5,3.547857374519483,6.71549614211758e-5,1.5631736620426564,0.005310367218940699,0.005310367218940699,0,0.9837775462370117,0.015631736620426565
291,500,0.65,0.1,0,0.3,FCS-MI,2000,0.29966657836974475,-3.3342163025525833e-4,0.044306380354185694,0.001962184982403249,44.24867516208326,0.04447484064183163,0.3802167685540203,0.9495,0.9495,1,NA,NA,9.907207830892042e-4,7.007205860343259e-4,6.289938607462825e-5,3.495332945944818,5.19388976477231e-5,1.5918697268086561,0.0048964145045124596,0.0048964145045124596,0,1.0038021676855402,0.015918697268086562
291,500,0.65,0.1,0,0.3,IPW,2000,0.29993564928366795,-6.43507163320282e-5,0.053551030348984126,0.002866283136026793,-1.2564553191484862,0.05245269859061148,-2.0510002351308287,0.9385,0.9385,0.999,NA,NA,0.001197437441254828,8.469278932043735e-4,9.589951474831348e-5,0.6321268766565634,1.0074886163494761e-4,1.5604796412805642,0.005372045699731156,0.005372045699731156,7.067531393633852e-4,0.9794899976486917,0.015604796412805641
291,500,0.65,0.1,0,0.3,JM-MI,2000,0.29967791662617915,-3.2208337382085304e-4,0.04435072251293369,0.0019661068318252255,43.960377711232425,0.044504931841883026,0.34770420911263145,0.9510000000000001,0.9525,1,NA,NA,9.917123039015004e-4,7.014218724679172e-4,6.23451825849152e-5,3.4919127964447165,5.205855781504502e-5,1.5913681746437454,0.004826955562256604,0.00475624589355933,0,1.0034770420911263,0.015913681746437452
291,500,0.65,0.1,0,0.3,Naive,2000,0.29971628086305363,-2.837191369463539e-4,0.040046649989257624,0.0016030128048230964,76.56799763206752,0.04027143003947198,0.5612955147924925,0.9525,0.9530000000000001,1,NA,NA,8.954703164712128e-4,6.333514907979414e-4,5.183121741874778e-5,5.27352523920058,4.100334771350768e-5,1.5937037810659331,0.00475624589355933,0.004732388403332927,0,1.005612955147925,0.015937037810659332
292,800,0.25,0.1,0,0.3,CCA,2000,0.3003820136300168,3.8201363001680934e-4,0.07028483214072068,0.004937633584648277,0,0.06942279181948637,-1.226495525390714,0.9495,0.9485,0.988,NA,NA,0.0015716166245381353,0.0011115787020574632,1.5976726069309656e-4,0,1.2790005408043812e-4,1.5727002049274874,0.0048964145045124596,0.004942051699446293,0.0024347484469653133,0.9877350447460929,0.015727002049274873
292,800,0.25,0.1,0,0.3,AIPW,2000,0.3013207940293837,0.0013207940293837386,0.042255806848618016,0.001786404932689555,176.66258247956154,0.04195688268444181,-0.7074155872756283,0.9490000000000001,0.9485,1,NA,NA,9.448685655761104e-4,6.682900634540245e-4,5.799572653853616e-5,9.777397382919396,9.043080564332722e-5,1.5848617435186276,0.004919298730510272,0.004942051699446293,0,0.9929258441272437,0.015848617435186275
292,800,0.25,0.1,0,0.3,FCS-MI,2000,0.30132262013540295,0.0013226201354029593,0.04039947852357132,0.001633051130066586,202.6716228683894,0.04226194623876697,4.6101281087303825,0.96,0.96,1,NA,NA,9.033598023424833e-4,6.389315949580541e-4,5.276785067964974e-5,10.120780879531491,9.252414234002175e-5,1.6702215137621075,0.004381780460041331,0.004381780460041331,0,1.0461012810873038,0.016702215137621074
292,800,0.25,0.1,0,0.3,IPW,2000,0.3005186688381411,5.186688381411145e-4,0.07165487922471574,0.005132123523213903,-3.787458420614054,0.06714549504271758,-6.293199054674769,0.9335,0.932,0.9905,NA,NA,0.0016022518086600181,0.0011332464661112456,1.657870080195742e-4,1.0343831204493785,1.73877002670387e-4,1.5017398871087033,0.005571254347092763,0.0056292095359828254,0.0021690723823791537,0.9370680094532523,0.015017398871087034
292,800,0.25,0.1,0,0.3,JM-MI,2000,0.30142394761289265,0.0014239476128926525,0.040757688824698636,0.0016623862305360614,197.37477428895966,0.042432209938515916,4.1084790676416905,0.9605,0.9605,1,NA,NA,9.113696281780967e-4,6.445968136042835e-4,5.2511627366884096e-5,10.002435805162511,9.519424017823041e-5,1.6629943757963226,0.004355441998236229,0.004355441998236229,0,1.041084790676417,0.016629943757963225
292,800,0.25,0.1,0,0.3,Naive,2000,0.30100825955002575,0.0010082595500257505,0.03173876441875889,0.0010078620795662791,390.39179181507393,0.03176744036587735,0.09034991639911283,0.9460000000000001,0.9470000000000001,1,NA,NA,7.097003476219649e-4,5.019594339625872e-4,3.314826710837608e-5,19.597409413135104,2.518228668829405e-5,1.58495035691353,0.005053909377897468,0.005009540897128196,0,1.0009034991639911,0.0158495035691353
293,800,0.5,0.1,0,0.3,CCA,2000,0.29963313460419966,-3.6686539580031577e-4,0.04861162629305838,0.002362043255969173,0,0.048161327662165,-0.9263187949704155,0.9495,0.9495,1,NA,NA,0.0010869890088809466,7.688095256676845e-4,7.442684163805708e-5,0,5.8010279071288575e-5,1.5714218985521542,0.0048964145045124596,0.0048964145045124596,0,0.9907368120502958,0.01571421898552154
293,800,0.5,0.1,0,0.3,AIPW,2000,0.2997728178873104,-2.2718211268959283e-4,0.03642520620999505,0.0013261838613292682,78.1050620277716,0.03568489445550575,-2.0324160973072436,0.9455,0.9460000000000001,1,NA,NA,8.144923717999643e-4,5.760771166105339e-4,4.156846673267573e-5,5.222198104480634,4.638335863565205e-5,1.5546148419348864,0.005075911248239078,0.005053909377897468,0,0.9796758390269276,0.015546148419348864
293,800,0.5,0.1,0,0.3,FCS-MI,2000,0.29970366059086384,-2.963394091361325e-4,0.036211117737848054,0.0013106772423457894,80.21728393002998,0.03608041652377776,-0.36094222502743856,0.9500000000000001,0.9490000000000001,1,NA,NA,8.097052080307666e-4,5.726912340702134e-4,4.115986819035255e-5,5.171680581748138,4.155600448398396e-5,1.5799990536148658,0.0048733971724044785,0.004919298730510272,0,0.9963905777497256,0.015799990536148657
293,800,0.5,0.1,0,0.3,IPW,2000,0.30005264561227596,5.264561227596419e-5,0.049351055251181664,0.002434311662638475,-2.974159343245253,0.04746882431490896,-3.8139628964218297,0.9390000000000001,0.9400000000000001,1,NA,NA,0.0011035231430299016,7.805038479915785e-4,7.795901753656336e-5,0.715992281135329,8.074238202986302e-5,1.5299879509787098,0.005351588549206672,0.005310367218940699,0,0.9618603710357817,0.015299879509787097
293,800,0.5,0.1,0,0.3,JM-MI,2000,0.2997218431602113,-2.781568397886958e-4,0.036163599100156055,0.0013072293681543905,80.69120280605576,0.03605666842977713,-0.2956859190999639,0.9435,0.9440000000000001,1,NA,NA,8.086426589899916e-4,5.71939710533763e-4,4.1240290323452695e-5,5.170428664686686,4.026140730411812e-5,1.5807831798706509,0.005162739098579358,0.005141206084179078,0,0.9970431408090004,0.01580783179870651
293,800,0.5,0.1,0,0.3,Naive,2000,0.2994810965283171,-5.189034716828828e-4,0.03211452543020226,0.0010310963330482288,129.1275354874838,0.03176040690687497,-1.1026740036901184,0.9465,0.9455,1,NA,NA,7.181026192707795e-4,5.079022231058798e-4,3.235432758485127e-5,7.555077650538061,2.540618001813347e-5,1.566094520723468,0.005031786462082825,0.005075911248239078,0,0.9889732599630988,0.01566094520723468
294,800,0.65,0.1,0,0.3,CCA,2000,0.29959995353989144,-4.00046460108559e-4,0.04094130045569353,0.0016755120251321152,0,0.04205437933949122,2.718718925409469,0.9560000000000001,0.9565,1,NA,NA,9.154753090617386e-4,6.475006944594775e-4,5.381804279155874e-5,0,4.36724300944751e-5,1.6280301055939708,0.004586065852122053,0.004561126505590477,0,1.0271871892540947,0.016280301055939708
294,800,0.65,0.1,0,0.3,AIPW,2000,0.30029191091542845,2.9191091542848084e-4,0.03462001247278014,0.0011980312029661907,39.85204680106005,0.03457664244360726,-0.12527444698923196,0.9455,0.9470000000000001,1,NA,NA,7.741270127102698e-4,5.475273591414106e-4,3.8512849391870214e-5,3.575660830610702,4.033598830136855e-5,1.5838441897982292,0.005075911248239078,0.005009540897128196,0,0.9987472555301077,0.01583844189798229
294,800,0.65,0.1,0,0.3,FCS-MI,2000,0.30026285151686805,2.628515168680295e-4,0.03450026230750137,0.0011897420561566765,40.82458263044237,0.0348892482492154,1.1274869108153451,0.9530000000000001,0.9535,1,NA,NA,7.714493176114683e-4,5.456334692474257e-4,3.8353669523444325e-5,3.563005519850544,3.191363300300517e-5,1.6020386590966593,0.004732388403332927,0.004708383480558906,0,1.0112748691081535,0.016020386590966593
294,800,0.65,0.1,0,0.3,IPW,2000,0.30002819503797523,2.8195037975267886e-5,0.04119411526529099,0.0016961074498840017,-1.2236652041729856,0.0415909069720691,0.9632242474993502,0.9510000000000001,0.9515,1,NA,NA,9.211284200615244e-4,6.51499047295415e-4,5.4609228754018235e-5,0.5578052095835049,6.075456894646181e-5,1.603564595609407,0.004826955562256604,0.004803527349771207,0,1.0096322424749935,0.01603564595609407
294,800,0.65,0.1,0,0.3,JM-MI,2000,0.3003475058301693,3.4750583016928945e-4,0.034558702987338374,0.001193827560492989,40.34870101215995,0.03489401602606772,0.9702709006532917,0.9480000000000001,0.9495,1,NA,NA,7.727560909391367e-4,5.465577286226279e-4,3.8436137992612457e-5,3.53523224804411,3.1747768789189644e-5,1.599519713207645,0.004964675215963273,0.0048964145045124596,0,1.009702709006533,0.01599519713207645
294,800,0.65,0.1,0,0.3,Naive,2000,0.30009004801013317,9.004801013317845e-5,0.03190268811878549,0.0010172807270940236,64.69056156399328,0.0317777834347331,-0.3915177416627724,0.9495,0.9495,1,NA,NA,7.133657929857924e-4,5.045519434438249e-4,3.1773511206748376e-5,4.933372938945654,2.548952025853322e-5,1.5773670884334203,0.0048964145045124596,0.0048964145045124596,0,0.9960848225833723,0.015773670884334203
295,1500,0.25,0.1,0,0.3,CCA,2000,0.2991107833807267,-8.892166192732459e-4,0.05020341501498582,0.0025199133939233123,0,0.04972663932960143,-0.9496877557872652,0.9475,0.9465,1,NA,NA,0.0011225824867614192,7.93984209700894e-4,7.895704177255081e-5,0,6.528330586440496e-5,1.5719026194763934,0.004987171041783106,0.005031786462082825,0,0.9905031224421273,0.015719026194763935
295,1500,0.25,0.1,0,0.3,AIPW,2000,0.300732518171926,7.325181719259676e-4,0.029772210333734367,8.864778987742433e-4,184.34419329032173,0.029354383498506047,-1.4034122107315916,0.9500000000000001,0.9495,1,NA,NA,6.657268614665175e-4,4.708577073058213e-4,2.7751616639069493e-5,10.040071518056486,4.491930162134915e-5,1.5666209819508679,0.0048733971724044785,0.0048964145045124596,0,0.9859658778926841,0.01566620981950868
295,1500,0.25,0.1,0,0.3,FCS-MI,2000,0.30091838209469085,9.183820946908736e-4,0.029449347095940402,8.676738380268337e-4,190.61309476710977,0.02958692987161866,0.4671844684027704,0.9560000000000001,0.9545,1,NA,NA,6.585074199950877e-4,4.657515145772033e-4,2.71759052024753e-5,10.0258886893779,5.1971199354201096e-5,1.5986932503223084,0.004586065852122053,0.004659922209651143,0,1.0046718446840277,0.015986932503223084
295,1500,0.25,0.1,0,0.3,IPW,2000,0.29922184108406874,-7.781589159312399e-4,0.051488474573607446,0.0026503430137085056,-4.929348493947461,0.049308790081901324,-4.233344471275924,0.934,0.935,1,NA,NA,0.0011513172920435575,8.143078669215473e-4,8.464652855614807e-5,0.9475673246319722,9.386540689563963e-5,1.5255145708340818,0.005551756478809205,0.005512485827646179,0,0.9576665552872408,0.015255145708340818
295,1500,0.25,0.1,0,0.3,JM-MI,2000,0.3008777113730412,8.777113730412285e-4,0.029515950407772412,8.715261100642093e-4,189.30302641802405,0.029640169193583525,0.42085307806454253,0.9515,0.9510000000000001,1,NA,NA,6.599967153229176e-4,4.668048687741761e-4,2.747337752140427e-5,9.97820179568761,5.170320526614815e-5,1.597821258029137,0.004803527349771207,0.004826955562256604,0,1.0042085307806454,0.015978212580291373
295,1500,0.25,0.1,0,0.3,Naive,2000,0.3007827021923292,7.827021923292238e-4,0.02324150232771175,5.405099694556833e-4,366.5929001072423,0.023137604383668183,-0.4470362654641513,0.9525,0.9505,1,NA,NA,5.196957910398308e-4,3.675723225685211e-4,1.7192073836689066e-5,18.0840613198212,1.3319367224442355e-5,1.5755068661925256,0.00475624589355933,0.004850244839180801,0,0.9955296373453585,0.015755068661925255
296,1500,0.5,0.1,0,0.3,CCA,2000,0.30042852996933006,4.285299693300947e-4,0.03552638843718058,0.001261676851186358,4.440892098500626e-14,0.034804465752188624,-2.0320745134802976,0.9465,0.9460000000000001,1,NA,NA,7.943941954059831e-4,5.618620055707732e-4,4.009833356897182e-5,9.426678795130652e-8,2.9944556097116655e-5,1.5516872824320787,0.005031786462082825,0.005053909377897468,0,0.979679254865197,0.015516872824320786
296,1500,0.5,0.1,0,0.3,AIPW,2000,0.30070576770086477,7.057677008647558e-4,0.025855403970184702,6.686657715517962e-4,88.79890215516116,0.025802327396026364,-0.20528232403386193,0.9475,0.9485,1,NA,NA,5.781444086305095e-4,4.0891207264757935e-4,2.1884970236370123e-5,5.612534789003135,2.4236757355336898e-5,1.5810689520911874,0.004987171041783106,0.004942051699446293,0,0.9979471767596614,0.015810689520911872
296,1500,0.5,0.1,0,0.3,FCS-MI,2000,0.30067107462655496,6.710746265549897e-4,0.025883927012266866,6.700930298919762e-4,88.38303388781074,0.025938501475841914,0.21084305928225078,0.9500000000000001,0.9515,1,NA,NA,5.787822032407175e-4,4.0936317433098296e-4,2.1687816780371e-5,5.542302930088248,2.1303740181979652e-5,1.5870044951963818,0.0048733971724044785,0.004803527349771207,0,1.0021084305928225,0.015870044951963817
296,1500,0.5,0.1,0,0.3,IPW,2000,0.30052290232719875,5.229023271987795e-4,0.03578857045570916,0.001280454791219417,-1.4598049654470202,0.03472194977802339,-2.980338873847399,0.9375,0.937,1,NA,NA,8.002567635650631e-4,5.660085040254512e-4,4.079198496717447e-5,0.6335762282060565,4.3604166417824784e-5,1.5392288360762492,0.005412658773652742,0.00543281694887652,0,0.970196611261526,0.015392288360762492
296,1500,0.5,0.1,0,0.3,JM-MI,2000,0.30067728526780346,6.772852678034888e-4,0.025784871102904356,6.649858633384791e-4,89.83320952949394,0.025967049561174103,0.7065323597806428,0.9510000000000001,0.9520000000000001,1,NA,NA,5.765672457716412e-4,4.077965711848042e-4,2.1671734763279492e-5,5.579907901222082,2.125115360609823e-5,1.594839289715971,0.004826955562256604,0.004779958158812687,0,1.0070653235978064,0.01594839289715971
296,1500,0.5,0.1,0,0.3,Naive,2000,0.3004101440269225,4.1014402692254637e-4,0.023069293188103572,5.320944101774029e-4,137.15568665253812,0.023133584680655482,0.27868861012640966,0.9440000000000001,0.9445,1,NA,NA,5.158450776147243e-4,3.648487760214534e-4,1.7516904016442006e-5,7.870374331514138,1.3019495038521577e-5,1.5869456601804475,0.005141206084179078,0.005119558086397692,0,1.002786886101264,0.015869456601804475
297,1500,0.65,0.1,0,0.3,CCA,2000,0.29983976489194375,-1.602351080562639e-4,0.029455051758511413,8.67191949349392e-4,0,0.03052516812336104,3.633048665549876,0.9565,0.9565,1,NA,NA,6.586349801280624e-4,4.658417357703573e-4,2.7621801587866852e-5,6.665668500104314e-8,2.3104525683680137e-5,1.6408681135881773,0.004561126505590477,0.004561126505590477,0,1.0363304866554988,0.016408681135881772
297,1500,0.65,0.1,0,0.3,AIPW,2000,0.30072794340417847,7.279434041784846e-4,0.024250524929987975,5.883238169999653e-4,47.52896403648743,0.025144215754979004,3.6852432166773363,0.9565,0.9565,1,NA,NA,5.422582223350644e-4,3.835303607457941e-4,1.879994478767918e-5,3.802606384007927,2.2192937144138103e-5,1.642369314033272,0.004561126505590477,0.004561126505590477,0,1.0368524321667734,0.01642369314033272
297,1500,0.65,0.1,0,0.3,FCS-MI,2000,0.3007628339050081,7.628339050081079e-4,0.02422555789816047,5.871661322160166e-4,47.83320952835337,0.025297728523379307,4.425783008696982,0.9580000000000001,0.96,1,NA,NA,5.416999425314375e-4,3.8313549858296674e-4,1.88848516662774e-5,3.807527873021663,1.7099051614701764e-5,1.6530371232881425,0.004485309353879615,0.004381780460041331,0,1.0442578300869698,0.016530371232881425
297,1500,0.65,0.1,0,0.3,IPW,2000,0.3003388872914512,3.388872914512118e-4,0.02963374892896376,8.778348406433757e-4,-1.2024019089300286,0.030364612462121528,2.466321540719485,0.9560000000000001,0.9570000000000001,1,NA,NA,6.626307703332456e-4,4.6866789274822504e-4,2.7726546537399842e-5,0.5106464892496916,3.2627928057658105e-5,1.6242760594220151,0.004586065852122053,0.004536022486716746,0,1.0246632154071948,0.01624276059422015
297,1500,0.65,0.1,0,0.3,JM-MI,2000,0.3007762506663767,7.762506663767167e-4,0.024283657457092454,5.900037365807056e-4,47.12666279177651,0.02530611042919822,4.210457069378326,0.96,0.96,1,NA,NA,5.429990881637841e-4,3.8405436301417747e-4,1.883267717258227e-5,3.77654231692217,1.7443576877031396e-5,1.6496887331345906,0.004381780460041331,0.004381780460041331,0,1.0421045706937833,0.016496887331345907
297,1500,0.65,0.1,0,0.3,Naive,2000,0.3003170109183843,3.1701091838430155e-4,0.02247274556010382,5.048722767850363e-4,71.7937307385805,0.023177163241978976,3.1345421501399295,0.9575,0.9580000000000001,1,NA,NA,5.025058671344874e-4,3.554141708890149e-4,1.6404455803844904e-5,5.163463813625642,1.3431584616591183e-5,1.6322027926069131,0.004510751046111944,0.004485309353879615,0,1.0313454215013993,0.01632202792606913
298,500,0.25,0.1,0.02,0.3,CCA,2000,0.30126664171950834,0.0012666417195083715,0.089032935802664,0.00792450460705807,0,0.08826793285080413,-0.8592359051884491,0.9490000000000001,0.9495,0.9225,NA,NA,0.001990836966911315,0.0014080863851498404,2.64409502595521e-4,9.426678795130648e-8,2.109636260400252e-4,1.5857481987651763,0.004919298730510272,0.0048964145045124596,0.005978869040211535,0.9914076409481155,0.015857481987651762
298,500,0.25,0.1,0.02,0.3,AIPW,2000,0.3007026613891054,7.026613891054057e-4,0.05703005963181984,0.003251295220785862,143.72144087076825,0.055498548967079626,-2.6854446139938926,0.9440000000000001,0.9425,0.9985,NA,NA,0.001275230900976158,9.019499333351899e-4,1.0953233500964745e-4,8.03551971518294,1.5695849005785363e-4,1.5634773505918689,0.005141206084179078,0.005205465877325487,8.653756409790912e-4,0.9731455538600611,0.01563477350591869
298,500,0.25,0.1,0.02,0.3,FCS-MI,2000,0.30238712175195154,0.0023871217519515387,0.05314956821102043,0.0028291625129760454,180.60920093942968,0.05588258439056261,5.1421230153578135,0.9555,0.9580000000000001,0.9995,NA,NA,0.001188460474946036,8.405786319391629e-4,9.327284949418373e-5,8.619368089528331,1.5809830758320044e-4,1.6892545881719834,0.004610843198374891,0.004485309353879615,4.99874984371065e-4,1.0514212301535781,0.016892545881719834
298,500,0.25,0.1,0.02,0.3,IPW,2000,0.3018743327290833,0.001874332729083346,0.09242543527076948,0.008541702977628015,-7.206324046725743,0.0814583859351407,-11.865834662828178,0.9125,0.9115,0.934,NA,NA,0.0020666955611544726,0.0014617399266129139,2.870279150525102e-4,1.0824268157497499,2.6260676852434824e-4,1.42253579039955,0.006318375978050056,0.006350895606133045,0.005551756478809205,0.8813416533717182,0.0142253579039955
298,500,0.25,0.1,0.02,0.3,JM-MI,2000,0.3016070054462372,0.001607005446237185,0.053705747650004305,0.0028854476434848563,174.82728949921093,0.05574812325684317,3.802899496249168,0.9570000000000001,0.9560000000000001,0.999,NA,NA,0.0012008970252785922,8.493748003309283e-4,9.54361215597272e-5,8.393886501414562,1.5185794411566518e-4,1.6658513760112748,0.004536022486716746,0.004586065852122053,7.067531393633852e-4,1.0380289949624917,0.016658513760112747
298,500,0.25,0.1,0.02,0.3,Naive,2000,0.3094189349613677,0.009418934961367673,0.04110903040372119,0.0017778237403501809,369.0584035390427,0.039800425174117623,-3.1832549120037523,0.9380000000000001,0.9480000000000001,1,NA,NA,9.192258647182621e-4,6.5015340105699e-4,5.822222090439441e-5,18.905254926704707,4.095754045700754e-5,1.5344279839784731,0.005392402062161164,0.004964675215963273,0,0.9681674508799625,0.015344279839784732
299,500,0.5,0.1,0.02,0.3,CCA,2000,0.29865116590867413,-0.001348834091325836,0.06190464570484258,0.003832088420668087,0,0.060242220806039935,-2.6854606465708253,0.9405,0.9410000000000001,0.998,NA,NA,0.0013842299591906842,9.790431822636271e-4,1.2066849403944129e-4,6.665668500104314e-8,9.452130209231371e-5,1.5466182596023592,0.005289600646551685,0.005268728499363008,9.989994994993746e-4,0.9731453935342917,0.015466182596023592
299,500,0.5,0.1,0.02,0.3,AIPW,2000,0.2996804960712561,-3.195039287439235e-4,0.04531441138496424,0.0020524712639866773,86.6267093805101,0.04495815477361466,-0.7861883238933332,0.9555,0.9550000000000001,1,NA,NA,0.0010132610421717044,7.166629421686202e-4,6.281691408211171e-5,5.29471843014628,7.539973943305099e-5,1.5778981518843502,0.004610843198374891,0.00463546114210873,0,0.9921381167610667,0.015778981518843504
299,500,0.5,0.1,0.02,0.3,FCS-MI,2000,0.30024168147166486,2.4168147166484113e-4,0.04481258779036278,0.002007222350390484,90.82990631998766,0.04575018347219145,2.0922596262791693,0.963,0.9625,1,NA,NA,0.001002039925469283,7.087264300797521e-4,6.293760333237353e-5,5.182835690292505,6.54189493298625e-5,1.6212100523860444,0.004220841148396847,0.004248161366991606,0,1.0209225962627917,0.016212100523860445
299,500,0.5,0.1,0.02,0.3,IPW,2000,0.2993886144732969,-6.113855267031093e-4,0.06265059824030239,0.003923508703400109,-2.3671335801385696,0.058388455155676165,-6.803036530119577,0.928,0.927,0.997,NA,NA,0.0014009099649634484,9.908406771982773e-4,1.2299484730045614e-4,0.763699041267412,1.2845959917853053e-4,1.4881353049479318,0.0057799653978203,0.005816829033072915,0.0012229063741758816,0.9319696346988042,0.014881353049479318
299,500,0.5,0.1,0.02,0.3,JM-MI,2000,0.2998753197763949,-1.2468022360506194e-4,0.045215286845868834,0.00204341549863008,87.44588208266273,0.04571886946132017,1.1137441572978801,0.9590000000000001,0.9590000000000001,1,NA,NA,0.0010110445500951478,7.15095253619701e-4,6.326482364059125e-5,5.089282290292212,6.368396271954061e-5,1.6053390834555443,0.004433903472111224,0.004433903472111224,0,1.0111374415729788,0.016053390834555443
299,500,0.5,0.1,0.02,0.3,Naive,2000,0.30964530656040073,0.009645306560400746,0.03988285617673675,0.0016828788343499718,140.92062434487423,0.039814649104221465,-0.17101852538602413,0.9450000000000001,0.9555,1,NA,NA,8.918077754803076e-4,6.307610355321102e-4,5.185648265862722e-5,8.121727389829893,4.014711864717533e-5,1.582035301533516,0.005097793640389926,0.004610843198374891,0,0.9982898147461398,0.01582035301533516
300,500,0.65,0.1,0.02,0.3,CCA,2000,0.2986233367732102,-0.00137666322678982,0.0519613254866177,0.0027005245582930586,0,0.05247778531065806,0.9939311963344188,0.9470000000000001,0.9480000000000001,1,NA,NA,0.001161890559890695,8.217861661241159e-4,8.421347163123274e-5,0,7.000035215493022e-5,1.6029247062070375,0.005009540897128196,0.004964675215963273,0,1.0099393119633442,0.016029247062070377
300,500,0.65,0.1,0.02,0.3,AIPW,2000,0.2994083438184334,-5.91656181566583e-4,0.04381503133776921,0.0019191471496813198,40.64172637109371,0.04297657255806887,-1.9136327285416699,0.9455,0.9450000000000001,1,NA,NA,9.797338850753552e-4,6.929497329883668e-4,5.956485473404733e-5,3.4163985692705587,6.221844960872172e-5,1.5577553710332623,0.005075911248239078,0.005097793640389926,0,0.9808636727145833,0.015577553710332624
300,500,0.65,0.1,0.02,0.3,FCS-MI,2000,0.29981808724529274,-1.81912754707263e-4,0.04356985932756213,0.0018974165677529667,42.22899015910117,0.04375981726236484,0.43598473287367323,0.9485,0.9485,1,NA,NA,9.742516722653222e-4,6.89072253643447e-4,5.883435034478036e-5,3.364766428123399,5.0636367718516004e-5,1.5926754600261168,0.004942051699446293,0.004942051699446293,0,1.0043598473287367,0.01592675460026117
300,500,0.65,0.1,0.02,0.3,IPW,2000,0.2988586082423139,-0.0011413917576860856,0.05214790581607686,0.0027193471541064355,-0.7143011519286979,0.05125015307024889,-1.7215509075173663,0.9405,0.9440000000000001,1,NA,NA,0.0011660626228900451,8.247369979626899e-4,8.500980304274877e-5,0.6453214537871624,9.631272386965311e-5,1.5652419163524283,0.005289600646551685,0.005141206084179078,0,0.9827844909248263,0.01565241916352428
300,500,0.65,0.1,0.02,0.3,JM-MI,2000,0.2994804993800511,-5.195006199489018e-4,0.04367275153744463,0.0019066254531320745,41.55960178431113,0.04377775043311775,0.2404219839070354,0.9510000000000001,0.9505,1,NA,NA,9.765524120218467e-4,6.906995291967843e-4,5.874066702046511e-5,3.356824688365881,5.0194626649677164e-5,1.5894973758720974,0.004826955562256604,0.004850244839180801,0,1.0024042198390704,0.015894973758720975
300,500,0.65,0.1,0.02,0.3,Naive,2000,0.30898234856995777,0.00898234856995776,0.039970286993498805,0.0016775076162537108,68.99969033806724,0.03981207865909159,-0.3958148572537179,0.9485,0.9505,1,NA,NA,8.937627879763903e-4,6.321437838556974e-4,5.075055380135983e-5,4.993783164286028,3.862904072131336e-5,1.578236138072228,0.004942051699446293,0.004850244839180801,0,0.9960418514274628,0.015782361380722282
301,800,0.25,0.1,0.02,0.3,CCA,2000,0.2999241865841682,-7.581341583181703e-5,0.06714954803731549,0.004506813018388952,0,0.06788775723985746,1.0993509623203224,0.9505,0.9505,0.993,NA,NA,0.0015015095406982503,0.0010619931097170445,1.4664560126323515e-4,0,1.2402004599971963e-4,1.60955248799849,0.004850244839180801,0.004850244839180801,0.0018642692938521525,1.0109935096232032,0.0160955248799849
301,800,0.25,0.1,0.02,0.3,AIPW,2000,0.299397248931574,-6.027510684260025e-4,0.04118390658527002,0.0016956294133939236,165.84659827954823,0.0416182199907778,1.0545706843243297,0.9480000000000001,0.9480000000000001,1,NA,NA,9.2090014703665e-4,6.513375935230746e-4,5.501956377695222e-5,9.181145193310446,8.80439376930044e-5,1.6124473988303571,0.004964675215963273,0.004964675215963273,0,1.0105457068432433,0.01612447398830357
301,800,0.25,0.1,0.02,0.3,FCS-MI,2000,0.30032858028276366,3.28580282763676e-4,0.039614206307157465,0.0015686086636775825,187.33218126845884,0.042089663151817516,6.24891188142469,0.9605,0.961,1,NA,NA,8.858005817750501e-4,6.2651224579698e-4,5.142797587707987e-5,9.498925642838351,9.543623609931947e-5,1.6975450703415746,0.004355441998236229,0.004328914413568374,0,1.062489118814247,0.016975450703415745
301,800,0.25,0.1,0.02,0.3,IPW,2000,0.3003898468643967,3.898468643966863e-4,0.07015166302086834,0.004918947177258851,-8.375789385258726,0.0654190811173726,-6.746214843243148,0.927,0.9265,0.988,NA,NA,0.0015686388724931986,0.0011094725867991494,1.6575288804989008e-4,0.9868457247331578,1.707952772432761e-4,1.49480107826015,0.005816829033072915,0.005835141386461857,0.0024347484469653133,0.9325378515675685,0.0149480107826015
301,800,0.25,0.1,0.02,0.3,JM-MI,2000,0.300010201630344,1.02016303439698e-5,0.040003315347954656,0.0015994652102817519,181.76965244326306,0.042008600220033714,5.012796701065403,0.9585,0.9585,1,NA,NA,8.945013244338726e-4,6.326661385979499e-4,5.1823792009177285e-5,9.234218760345904,9.139753303188976e-5,1.6764551280112425,0.004459694496263168,0.004459694496263168,0,1.050127967010654,0.016764551280112425
301,800,0.25,0.1,0.02,0.3,Naive,2000,0.3092170079338471,0.009217007933847114,0.03068366738885516,0.0010259699359602796,378.9295734417517,0.03144202210060885,2.4715256561187227,0.9440000000000001,0.9490000000000001,1,NA,NA,6.861076608047362e-4,4.852727129258647e-4,3.206716580699667e-5,19.17292251913746,2.5782075881260234e-5,1.622799084793833,0.005141206084179078,0.004919298730510272,0,1.0247152565611872,0.01622799084793833
302,800,0.5,0.1,0.02,0.3,CCA,2000,0.29764524745557436,-0.002354752544425617,0.047117451243005946,0.002224489044076703,0,0.047202415224432324,0.1803238061163004,0.9460000000000001,0.9475,1,NA,NA,0.0010535782390589327,7.451786353006338e-4,6.98751814328298e-5,0,5.825803875361391e-5,1.58920337591517,0.005053909377897468,0.004987171041783106,0,1.001803238061163,0.0158920337591517
302,800,0.5,0.1,0.02,0.3,AIPW,2000,0.29874065099297653,-0.0012593490070234388,0.03563172976131931,0.0012705713156222873,74.85971564311822,0.035189561279916605,-1.240940264097723,0.9475,0.9475,1,NA,NA,7.967496990221233e-4,5.635280147052148e-4,4.0593559425513254e-5,5.047679196463019,4.6063172849443616e-5,1.5672491693831256,0.004987171041783106,0.004987171041783106,0,0.9875905973590228,0.015672491693831257
302,800,0.5,0.1,0.02,0.3,FCS-MI,2000,0.29939041918811454,-6.095808118854565e-4,0.03530771947831726,0.001246383325998383,78.08373053212875,0.03562482593941516,0.898122183429706,0.9530000000000001,0.9520000000000001,1,NA,NA,7.89504608840108e-4,5.58403681063618e-4,3.978752200252674e-5,5.021229231511344,4.0972792816375525e-5,1.5999523006970549,0.004732388403332927,0.004779958158812687,0,1.008981221834297,0.015999523006970547
302,800,0.5,0.1,0.02,0.3,IPW,2000,0.29825631148171317,-0.0017436885182868448,0.04785414023603187,0.002291914178009745,-3.055194481164847,0.04645960171964502,-2.9141439163017924,0.9415,0.9425,1,NA,NA,0.0010700511057257509,7.568296241377166e-4,7.204734540335344e-5,0.7139106350461781,8.135727359090246e-5,1.5448295633784523,0.0052477495176503994,0.005205465877325487,0,0.9708585608369821,0.015448295633784524
302,800,0.5,0.1,0.02,0.3,JM-MI,2000,0.29897370715416144,-0.0010262928458385655,0.03547863954346377,0.0012591577739285236,76.37200963497133,0.03565106015891908,0.48598429272936894,0.9525,0.9525,1,NA,NA,7.933264976839711e-4,5.611068404563977e-4,3.993980630090144e-5,4.982644268241618,4.0248915059334354e-5,1.5932642431971464,0.00475624589355933,0.00475624589355933,0,1.0048598429272937,0.015932642431971466
302,800,0.5,0.1,0.02,0.3,Naive,2000,0.30827563490293464,0.008275634902934644,0.031139237405511454,0.0010376534131903757,128.95368322816316,0.03145428674597334,1.0117439176789977,0.9495,0.9530000000000001,1,NA,NA,6.96294516062278e-4,4.924777088316272e-4,3.18755069016202e-5,7.726686946302624,2.5896748271317406e-5,1.5996985569448252,0.0048964145045124596,0.004732388403332927,0,1.01011743917679,0.01599698556944825
303,800,0.65,0.1,0.02,0.3,CCA,2000,0.29998911987647076,-1.0880123529254631e-5,0.04048355692522396,0.0016380990405042777,0,0.04112144516065627,1.5756724059858174,0.9490000000000001,0.9490000000000001,1,NA,NA,9.052398525578314e-4,6.40261323688045e-4,5.138351494597064e-5,0,4.249184878786413e-5,1.609879316758326,0.004919298730510272,0.004919298730510272,0,1.0157567240598582,0.01609879316758326
303,800,0.65,0.1,0.02,0.3,AIPW,2000,0.2993902395662903,-6.097604337096778e-4,0.0343611998157873,0.001180473514540589,38.80997822067922,0.03395288945765237,-1.1882890013268255,0.9440000000000001,0.9435,1,NA,NA,7.683397857655367e-4,5.434341482938676e-4,3.874930814947922e-5,3.4883262677878455,3.938184932745494e-5,1.5669382274220767,0.005141206084179078,0.005162739098579358,0,0.9881171099867317,0.015669382274220767
303,800,0.65,0.1,0.02,0.3,FCS-MI,2000,0.2997589009074161,-2.410990925839141e-4,0.03436997937617895,0.0011807629633502521,38.739071286426665,0.03432895941800352,-0.11934821876518065,0.9480000000000001,0.9470000000000001,1,NA,NA,7.685361027040196e-4,5.435730000496098e-4,3.868107636877274e-5,3.4298008583241373,3.15005706970846e-5,1.5823033125486703,0.004964675215963273,0.005009540897128196,0,0.9988065178123482,0.015823033125486705
303,800,0.65,0.1,0.02,0.3,IPW,2000,0.3002483442139185,2.4834421391848346e-4,0.04080806490649984,0.0016645271871809839,-1.5840875049588865,0.0405989370267528,-0.5124670337253057,0.9460000000000001,0.9470000000000001,1,NA,NA,9.124960716115724e-4,6.453935285983694e-4,5.238038702258918e-5,0.5648074660356449,6.059286034367667e-5,1.580419949022532,0.005053909377897468,0.005009540897128196,0,0.9948753296627469,0.01580419949022532
303,800,0.65,0.1,0.02,0.3,JM-MI,2000,0.29945346919735455,-5.465308026454297e-4,0.03431731405790421,0.0011773879010449962,39.165231912120866,0.0343510858680533,0.09841041199234457,0.9470000000000001,0.9475,1,NA,NA,7.673584703868299e-4,5.427400799963319e-4,3.877875465889285e-5,3.4340172399404922,3.17148614950861e-5,1.585785874495687,0.005009540897128196,0.004987171041783106,0,1.0009841041199234,0.01585785874495687
303,800,0.65,0.1,0.02,0.3,Naive,2000,0.3087680274908984,0.008768027490898401,0.03119832281861903,0.0010497269851025676,68.38167717665434,0.03142777752582983,0.7354712897382321,0.9450000000000001,0.9530000000000001,1,NA,NA,6.976157060641499e-4,4.93412164884409e-4,3.382274819952831e-5,5.066141049226145,2.4945557284901595e-5,1.5951712026892078,0.005097793640389926,0.004732388403332927,0,1.0073547128973823,0.01595171202689208
304,1500,0.25,0.1,0.02,0.3,CCA,2000,0.2982215179157848,-0.0017784820842152256,0.048322015713894044,0.0023370126925763707,0,0.04866736378000347,0.7146805881488305,0.9555,0.9555,1,NA,NA,0.0010805131194608012,7.642292351286808e-4,7.168280019233928e-5,0,6.339171992219612e-5,1.5982302879882715,0.004610843198374891,0.004610843198374891,0,1.0071468058814883,0.015982302879882716
304,1500,0.25,0.1,0.02,0.3,AIPW,2000,0.29944338223205635,-5.566177679436524e-4,0.029319607494604147,8.595193872854194e-4,171.6275274374902,0.029190289882593444,-0.4410618799535526,0.9495,0.9480000000000001,1,NA,NA,6.556063543154717e-4,4.636996383292802e-4,2.6982191223649698e-5,9.708143634333293,4.3514080438352496e-5,1.5815377159772244,0.0048964145045124596,0.004964675215963273,0,0.9955893812004645,0.015815377159772243
304,1500,0.25,0.1,0.02,0.3,FCS-MI,2000,0.3003312424090427,3.3124240904271787e-4,0.028684491530520776,8.224983758708845e-4,183.78914054122805,0.029414849904789698,2.5461785630461975,0.9565,0.9565,1,NA,NA,6.414047296226144e-4,4.536550617469774e-4,2.5820172239280408e-5,9.926899019349667,5.160678925105138e-5,1.631751533764993,0.004561126505590477,0.004561126505590477,0,1.025461785630462,0.01631751533764993
304,1500,0.25,0.1,0.02,0.3,IPW,2000,0.29827646719669726,-0.0017235328033027432,0.04988516281332039,0.0024902557695010885,-6.168794389435483,0.04827629511245834,-3.225142728074748,0.9415,0.9435,1,NA,NA,0.0011154661511922903,7.889509420885319e-4,7.51172430241529e-5,0.9421803896011004,9.164634135962143e-5,1.54151405178373,0.0052477495176503994,0.005162739098579358,0,0.9677485727192525,0.0154151405178373
304,1500,0.25,0.1,0.02,0.3,JM-MI,2000,0.29988329691353255,-1.1670308646743596e-4,0.028776229539776127,8.276709704430123e-4,181.98259723116684,0.02942732162590042,2.262603880137659,0.9580000000000001,0.9575,1,NA,NA,6.434560538707691e-4,4.551059297956231e-4,2.643804404291162e-5,9.759533688841257,5.163567282660193e-5,1.6272418750565398,0.004485309353879615,0.004510751046111944,0,1.0226260388013766,0.0162724187505654
304,1500,0.25,0.1,0.02,0.3,Naive,2000,0.3086113108395371,0.008611310839537069,0.023059350100054495,6.056224345984936e-4,339.13288231662966,0.02288797364324486,-0.7431972543286536,0.9345,0.9495,1,NA,NA,5.156227434068844e-4,3.646915226771485e-4,1.8879288539172417e-5,17.485203494885752,1.2875840918334308e-5,1.570773118992128,0.005532167296819575,0.0048964145045124596,0,0.9925680274567135,0.01570773118992128
305,1500,0.5,0.1,0.02,0.3,CCA,2000,0.2995863988357747,-4.1360116422529687e-4,0.03420893222629894,0.0011698369844645314,0,0.03409882127784374,-0.3218777707728271,0.9485,0.9480000000000001,1,NA,NA,7.649349789568767e-4,5.410259841945352e-4,3.502181293370098e-5,0,3.0357477390981934e-5,1.57893940099484,0.004942051699446293,0.004964675215963273,0,0.9967812222922717,0.0157893940099484
305,1500,0.5,0.1,0.02,0.3,AIPW,2000,0.3004046768714734,4.0467687147341017e-4,0.026191778144442315,6.858300011168078e-4,70.58823289676397,0.025459785248928703,-2.7947430353022273,0.9455,0.9450000000000001,1,NA,NA,5.856659638256632e-4,4.142319454656336e-4,2.127909018874775e-5,4.924554030295418,2.397135472555175e-5,1.5400563467663486,0.005075911248239078,0.005097793640389926,0,0.9720525696469777,0.015400563467663487
305,1500,0.5,0.1,0.02,0.3,FCS-MI,2000,0.30085804607517463,8.580460751746698e-4,0.02592322137016532,6.724136425706152e-4,74.14102654132857,0.025672983540145227,-0.9653037577655676,0.9540000000000001,0.9520000000000001,1,NA,NA,5.796608517946489e-4,4.0998462806460636e-4,2.080193961928004e-5,5.003582603767066,2.25081304332018e-5,1.5686724130122278,0.004684228858627636,0.004779958158812687,0,0.9903469624223443,0.015686724130122277
305,1500,0.5,0.1,0.02,0.3,IPW,2000,0.2999285369426511,-7.146305734889854e-5,0.03465073176515406,0.0012000779822232922,-2.5337591858152653,0.03397356994977065,-1.9542496821506883,0.9410000000000001,0.9410000000000001,1,NA,NA,7.748139169699575e-4,5.480131952756816e-4,3.5920824183682194e-5,0.6720362711521013,4.344002708028396e-5,1.5556866630549901,0.005268728499363008,0.005268728499363008,0,0.9804575031784931,0.015556866630549901
305,1500,0.5,0.1,0.02,0.3,JM-MI,2000,0.300496288279726,4.962882797260136e-4,0.02600231265441299,6.760285053027503e-4,73.08326749697287,0.02566635563497457,-1.2920274588783531,0.9505,0.9520000000000001,1,NA,NA,5.814293866747044e-4,4.112354838240974e-4,2.093911004393449e-5,4.934149628109035,2.2212649042825365e-5,1.563435966910962,0.004850244839180801,0.004779958158812687,0,0.9870797254112165,0.015634359669109622
305,1500,0.5,0.1,0.02,0.3,Naive,2000,0.309583314876027,0.00958331487602701,0.0228082343406204,6.11795369972868e-4,124.95502790289899,0.022909680849293224,0.4447801927927042,0.9305,0.9525,1,NA,NA,5.100076243237231e-4,3.607200409016915e-4,1.9141135095756978e-5,7.4957699611043624,1.349317568472256e-5,1.5896697948138703,0.005686376262612245,0.00475624589355933,0,1.004447801927927,0.015896697948138704
306,1500,0.65,0.1,0.02,0.3,CCA,2000,0.299653826527554,-3.461734724459755e-4,0.030170685617368274,9.099349715597871e-4,0,0.029834255139054588,-1.1150905968143277,0.9435,0.9430000000000001,1,NA,NA,6.746370396821067e-4,4.7715973044641776e-4,2.9576096575597887e-5,6.665668500104314e-8,2.2695981293207447e-5,1.565706887817811,0.005162739098579358,0.005184158562389848,0,0.9888490940318567,0.01565706887817811
306,1500,0.65,0.1,0.02,0.3,AIPW,2000,0.3004319071906316,4.319071906316197e-4,0.024960866647076897,6.229198851625886e-4,46.10027680984024,0.024713890001541353,-0.9894554104533326,0.9480000000000001,0.9495,1,NA,NA,5.581419460017119e-4,3.9476465838654367e-4,1.985467151780249e-5,3.5660093636928467,2.1279258364060185e-5,1.5682045874601427,0.004964675215963273,0.0048964145045124596,0,0.9901054458954667,0.015682045874601428
306,1500,0.65,0.1,0.02,0.3,FCS-MI,2000,0.30066235951385034,6.623595138503537e-4,0.024913445228691787,6.208081334120321e-4,46.656994365173766,0.02485168173392608,-0.24791229875575915,0.9510000000000001,0.9500000000000001,1,NA,NA,5.570815708507262e-4,3.940146724067421e-4,1.9794748474779494e-5,3.563442677768619,1.6880687767119878e-5,1.5790678387555492,0.004826955562256604,0.0048733971724044785,0,0.9975208770124424,0.015790678387555494
306,1500,0.65,0.1,0.02,0.3,IPW,2000,0.30003908045425476,3.908045425476672e-5,0.030538258838869868,9.321204875652637e-4,-2.3928088309475792,0.029724218001445993,-2.665642601691953,0.9425,0.9425,1,NA,NA,6.828562267819683e-4,4.829730268863918e-4,3.037657485762763e-5,0.47581870639212065,3.149869626908176e-5,1.5428279292679479,0.005205465877325487,0.005205465877325487,0,0.9733435739830805,0.01542827929267948
306,1500,0.65,0.1,0.02,0.3,JM-MI,2000,0.30038855818536925,3.8855818536924643e-4,0.024899337332997148,6.198179885859917e-4,46.82323234192536,0.024859238317820404,-0.1610445074921918,0.9530000000000001,0.9525,1,NA,NA,5.567661087127994e-4,3.9379155120253104e-4,1.971204438861502e-5,3.5636212358413135,1.6950241159843602e-5,1.580454072080766,0.004732388403332927,0.00475624589355933,0,0.9983895549250781,0.01580454072080766
306,1500,0.65,0.1,0.02,0.3,Naive,2000,0.30944098680888127,0.009440986808881297,0.022877602710093523,6.122552453334687e-4,73.9199217330498,0.022918190751676476,0.17741387547152154,0.9285,0.9520000000000001,1,NA,NA,5.115587482200254e-4,3.618171254326525e-4,1.935863685488524e-5,5.014070555015703,1.3202956805038953e-5,1.5853908732769146,0.005761412587204635,0.004779958158812687,0,1.0017741387547152,0.015853908732769147
307,500,0.25,0.1,0.05,0.3,CCA,2000,0.29906357327533606,-9.364267246639129e-4,0.08756467265645473,0.007664615006494021,0,0.08693539125791103,-0.718647577217113,0.9495,0.9500000000000001,0.924,NA,NA,0.001958005604873499,0.001384865300420287,2.466681798719508e-4,0,2.1314599876509613e-4,1.5889243412805998,0.0048964145045124596,0.0048733971724044785,0.005925537950262405,0.9928135242278289,0.015889243412806
307,500,0.25,0.1,0.05,0.3,AIPW,2000,0.2988438479796122,-0.0011561520203877832,0.0566738140790173,0.0032116519291561355,138.7222915689756,0.05546353030120226,-2.1355255464677314,0.9465,0.9465,0.9985,NA,NA,0.0012672650082486733,8.963157878569002e-4,1.0494059019481569e-4,8.070543232454915,1.558823448453341e-4,1.5720098958432658,0.005031786462082825,0.005031786462082825,8.653756409790912e-4,0.9786447445353227,0.015720098958432658
307,500,0.25,0.1,0.05,0.3,FCS-MI,2000,0.3010141836512578,0.0010141836512578466,0.052302264428627974,0.0027351876694084215,180.295982369013,0.055720374673436705,6.535300683726808,0.9655,0.966,0.999,NA,NA,0.0011695141863958137,8.271782323082088e-4,8.883894542687763e-5,8.702444609326124,1.5297731777660095e-4,1.7100908285746703,0.00408103847078167,0.004052406692324946,7.067531393633852e-4,1.065353006837268,0.017100908285746702
307,500,0.25,0.1,0.05,0.3,IPW,2000,0.29925950034129645,-7.404996587035296e-4,0.09188556188581282,0.008439283344574543,-9.18380412352169,0.08047806763586854,-12.414893064614974,0.91,0.9105,0.937,NA,NA,0.0020546236252744123,0.0014532016440525462,2.75575901316584e-4,1.0768603877627045,2.6987799637104537e-4,1.4159849082073261,0.0063992187023104614,0.006383171233799076,0.00543281694887652,0.8758510693538503,0.014159849082073262
307,500,0.25,0.1,0.05,0.3,JM-MI,2000,0.299828640701428,-1.7135929857196804e-4,0.05272356739469155,0.0027784140355523778,175.8343072497143,0.05580176176381708,5.838365120633804,0.9665,0.9665,0.9995,NA,NA,0.001178934807108218,8.338412830678988e-4,9.005748222886401e-5,8.546711449760762,1.5494462325787992e-4,1.699472544738782,0.004023540107914917,0.004023540107914917,4.99874984371065e-4,1.058383651206338,0.01699472544738782
307,500,0.25,0.1,0.05,0.3,Naive,2000,0.31367346336717217,0.013673463367172173,0.039494846098075305,0.0017460265473298985,391.56053171793064,0.03959738673369942,0.2596304220795709,0.9395,0.9490000000000001,1,NA,NA,8.831316063618872e-4,6.246245231938554e-4,5.511620161354285e-5,19.988835279334136,4.0075780648600326e-5,1.588883836813482,0.005331029450303197,0.004919298730510272,0,1.0025963042207957,0.01588883836813482
308,500,0.5,0.1,0.05,0.3,CCA,2000,0.2968396373663853,-0.0031603626336146906,0.05915256316080542,0.003507264107604777,0,0.059010236443315676,-0.24060955245985838,0.9490000000000001,0.9485,0.9985,NA,NA,0.0013226915227091075,9.355180538812908e-4,1.103729396104293e-4,0,9.202507081083306e-5,1.5853805177646196,0.004919298730510272,0.004942051699446293,8.653756409790912e-4,0.9975939044754014,0.015853805177646195
308,500,0.5,0.1,0.05,0.3,AIPW,2000,0.29798343897030327,-0.0020165610296967356,0.04555126058064571,0.0020779464002021364,68.6344636588608,0.044360594157117066,-2.6139044416139456,0.9415,0.9420000000000001,1,NA,NA,0.0010185571511913034,7.204087933501645e-4,6.67738045303754e-5,4.882677581171763,7.320711675986062e-5,1.5485567136003777,0.0052477495176503994,0.005226662414964255,0,0.9738609555838605,0.015485567136003776
308,500,0.5,0.1,0.05,0.3,FCS-MI,2000,0.2987345367706879,-0.001265463229312092,0.0447763966852795,0.002005524634452191,74.52146622131662,0.04515153938376441,0.8378135050072899,0.9515,0.9520000000000001,1,NA,NA,0.0010012306677578122,7.081540553526708e-4,6.462961293643248e-5,4.904842950843578,6.33098851236396e-5,1.6010400678326513,0.004803527349771207,0.004779958158812687,0,1.008378135050073,0.016010400678326514
308,500,0.5,0.1,0.05,0.3,IPW,2000,0.29716399142994765,-0.0028360085700523388,0.059888341279390994,0.00359286305909562,-2.442072295444242,0.057238280424934236,-4.425002926852983,0.933,0.9355,0.999,NA,NA,0.00133914402160425,9.471546369270058e-4,1.1398793727921967e-4,0.7824788462256435,1.2463196637461045e-4,1.5258099580376059,0.0055906618570612885,0.005492711079239468,7.067531393633852e-4,0.9557499707314702,0.015258099580376059
308,500,0.5,0.1,0.05,0.3,JM-MI,2000,0.29822961154348554,-0.001770388456514467,0.044987162555897124,0.002025967147720257,72.89002286293183,0.045187965941062565,0.44635708001352636,0.9495,0.9510000000000001,1,NA,NA,0.0010059435358981917,7.114873898113785e-4,6.501082184944969e-5,4.812379362103837,6.403137600374876e-5,1.5949570628768495,0.0048964145045124596,0.004826955562256604,0,1.0044635708001353,0.015949570628768495
308,500,0.5,0.1,0.05,0.3,Naive,2000,0.31268014385747867,0.012680143857478687,0.03940681403107203,0.0017129065918298104,125.3224615888723,0.03955370717313805,0.3727607665775734,0.9365,0.9480000000000001,1,NA,NA,8.811631495016958e-4,6.232322658916964e-4,5.402734124800624e-5,7.806117811784981,4.0250885171699315e-5,1.5907123305876558,0.005452877680637995,0.004964675215963273,0,1.0037276076657757,0.01590712330587656
309,500,0.65,0.1,0.05,0.3,CCA,2000,0.2985112402092552,-0.001488759790744824,0.05116797465180111,0.0026190689548669156,0,0.051485608932797806,0.6207677422415125,0.9565,0.9565,0.9995,NA,NA,0.001144150695924134,8.092390508450186e-4,8.483603024083216e-5,6.665668500104314e-8,6.827912335869591e-5,1.596936899437808,0.004561126505590477,0.004561126505590477,4.99874984371065e-4,1.0062076774224151,0.015969368994378078
309,500,0.65,0.1,0.05,0.3,AIPW,2000,0.2994525267696622,-5.474732303377825e-4,0.04297649323057145,0.0018463552078500913,41.753732550842074,0.042339332266718224,-1.4825801640790393,0.9435,0.9440000000000001,1,NA,NA,9.609836029811731e-4,6.796879655140075e-4,5.934212365604381e-5,3.4834616190144425,6.216039296257513e-5,1.5647857701446997,0.005162739098579358,0.005141206084179078,0,0.9851741983592096,0.015647857701446995
309,500,0.65,0.1,0.05,0.3,FCS-MI,2000,0.3000291712023355,2.9171202335508366e-5,0.04280130047187218,0.00183103619738149,42.916550151000486,0.043225554170250584,0.991216840846243,0.9525,0.9525,1,NA,NA,9.570661738050002e-4,6.769172320087344e-4,5.8595302404559534e-5,3.4332686248043287,5.0464288755540044e-5,1.6015565171793193,0.00475624589355933,0.00475624589355933,0,1.0099121684084624,0.016015565171793193
309,500,0.65,0.1,0.05,0.3,IPW,2000,0.2990580867388317,-9.419132611682794e-4,0.05137138648982802,0.0026385870408039067,-0.7903587338537355,0.050115286269238314,-2.445135914013974,0.9430000000000001,0.9425,1,NA,NA,0.0011486991228966978,8.124560787585857e-4,8.490448085127762e-5,0.6066448047229596,9.044986499871621e-5,1.552877624661201,0.005184158562389848,0.005205465877325487,0,0.9755486408598603,0.01552877624661201
309,500,0.65,0.1,0.05,0.3,JM-MI,2000,0.29963183734076027,-3.6816265923971425e-4,0.042952263001200426,0.0018441099922194878,41.913709884395914,0.043224399046471004,0.6335778984752682,0.9460000000000001,0.9460000000000001,1,NA,NA,9.604417985813329e-4,6.793047561344807e-4,5.89441564795678e-5,3.4031511322718346,5.0625986587007366e-5,1.5959129352530297,0.005053909377897468,0.005053909377897468,0,1.0063357789847527,0.015959129352530296
309,500,0.65,0.1,0.05,0.3,Naive,2000,0.31304431354869955,0.013044313548699579,0.04056617497027971,0.0018149458604002759,59.09932415412167,0.039671240237152385,-2.2061107160904037,0.931,0.9405,1,NA,NA,9.070872482069594e-4,6.415679563780929e-4,5.784664420178166e-5,4.80194540591283,4.038340584334434e-5,1.5498442963114192,0.0056674068144081545,0.005289600646551685,0,0.977938892839096,0.015498442963114192
310,800,0.25,0.1,0.05,0.3,CCA,2000,0.29886304168754185,-0.001136958312458152,0.06695674371799755,0.0044822566007572135,0,0.06668020429109382,-0.4130120605452814,0.9550000000000001,0.9535,0.992,NA,NA,0.0014971983050547455,0.001058943843346323,1.388694992331979e-4,0,1.2210510847509984e-4,1.5855248492514564,0.00463546114210873,0.004708383480558906,0.001991983935678198,0.9958698793945472,0.015855248492514563
310,800,0.25,0.1,0.05,0.3,AIPW,2000,0.299093164840567,-9.068351594329812e-4,0.04146419228028093,0.001719241951841764,160.76075492661946,0.04181977326187337,0.8575615779245371,0.9515,0.9530000000000001,1,NA,NA,9.271675257083017e-4,6.557704078241989e-4,5.551308855957134e-5,9.127110458427161,8.620511971915061e-5,1.6085886907029139,0.004803527349771207,0.004732388403332927,0,1.0085756157792454,0.01608588690702914
310,800,0.25,0.1,0.05,0.3,FCS-MI,2000,0.3007115075643784,7.115075643784238e-4,0.03959233218145246,0.0015672752341968602,186.00029434910127,0.04204731845054638,6.200660920510237,0.961,0.961,1,NA,NA,8.853114614548023e-4,6.261662990042049e-4,4.9887667406749344e-5,9.499065597529517,9.373986995849343e-5,1.6962052332430368,0.004328914413568374,0.004328914413568374,0,1.0620066092051024,0.01696205233243037
310,800,0.25,0.1,0.05,0.3,IPW,2000,0.29964594507432124,-3.540549256787461e-4,0.06886982161019954,0.0047408061573467955,-5.478472116681621,0.06422358799891108,-6.746399950889903,0.934,0.9345,0.9905,NA,NA,0.001539976027186902,0.0010891998256910068,1.4795045281116795e-4,1.0354807066745086,1.6816550047199004e-4,1.494914491683611,0.005551756478809205,0.005532167296819575,0.0021690723823791537,0.932536000491101,0.01494914491683611
310,800,0.25,0.1,0.05,0.3,JM-MI,2000,0.29965118966770937,-3.488103322906012e-4,0.0400970784352513,0.0016070934798410863,178.84521031055533,0.04219024430855486,5.220245351998898,0.9605,0.9605,1,NA,NA,8.965979308036281e-4,6.341490339496729e-4,5.1920259649224096e-5,9.2776737332605,9.354370780144221e-5,1.680367600334891,0.004355441998236229,0.004355441998236229,0,1.052202453519989,0.01680367600334891
310,800,0.25,0.1,0.05,0.3,Naive,2000,0.31351018211404574,0.013510182114045761,0.03040856315776021,0.001106743393717514,384.83822196565995,0.03116878765971315,2.5000342765584715,0.9335,0.9555,1,NA,NA,6.79956143188475e-4,4.8092184525190074e-4,3.399959937960254e-5,19.396082798097517,2.4903404433426997e-5,1.6231405221527742,0.005571254347092763,0.004610843198374891,0,1.0250003427655847,0.01623140522152774
311,800,0.5,0.1,0.05,0.3,CCA,2000,0.2985477812175435,-0.0014522187824565133,0.04677840677927218,0.002189234170528774,0,0.04609976449157163,-1.4507597295965624,0.9540000000000001,0.9520000000000001,1,NA,NA,0.0010459969743758961,7.398165309395906e-4,6.799968918555273e-5,0,5.659307772141017e-5,1.5632783634223135,0.004684228858627636,0.004779958158812687,0,0.9854924027040344,0.015632783634223137
311,800,0.5,0.1,0.05,0.3,AIPW,2000,0.2986595598787926,-0.0013404401212073658,0.035579519031885574,0.0012670660031715803,72.85848660475483,0.0347203364810277,-2.4148233990681334,0.9410000000000001,0.9435,1,NA,NA,7.955822316204366e-4,5.627022841302136e-4,3.9808691393284546e-5,4.981857399458801,4.499576828499887e-5,1.5485157781522645,0.005268728499363008,0.005162739098579358,0,0.9758517660093187,0.015485157781522645
311,800,0.5,0.1,0.05,0.3,FCS-MI,2000,0.2995494263519033,-4.5057364809669297e-4,0.03546252610215751,0.0012571649787797893,74.00090829839488,0.03516716515925846,-0.8328818484283906,0.9470000000000001,0.9470000000000001,1,NA,NA,7.929661901828486e-4,5.60852000861177e-4,3.895991114417608e-5,4.934930596855538,4.159891843664932e-5,1.5727426394916553,0.005009540897128196,0.005009540897128196,0,0.9916711815157161,0.015727426394916554
311,800,0.5,0.1,0.05,0.3,IPW,2000,0.2985294185892424,-0.0014705814107575715,0.04744539406103908,0.0022521024945841447,-2.7918369812204413,0.04538318226682604,-4.346495239474624,0.9410000000000001,0.9390000000000001,1,NA,NA,0.0010609112633974819,7.503651633311551e-4,7.014386848533402e-5,0.6797382792808443,7.717055351455627e-5,1.5215117357889933,0.005268728499363008,0.005351588549206672,0,0.9565350476052538,0.015215117357889933
311,800,0.5,0.1,0.05,0.3,JM-MI,2000,0.2989562673024741,-0.0010437326975258944,0.03525521562387958,0.0012433981415157845,76.05327236428789,0.03518416891582497,-0.20152112757604312,0.9515,0.9525,1,NA,NA,7.88330586964074e-4,5.575733146162456e-4,3.8996034195188684e-5,4.9387405715036925,4.141663829884996e-5,1.5827130011918291,0.004803527349771207,0.00475624589355933,0,0.9979847887242396,0.01582713001191829
311,800,0.5,0.1,0.05,0.3,Naive,2000,0.3131985615830719,0.013198561583071944,0.031116430529018697,0.0011419501606049558,126.00149327468664,0.031256263646246965,0.44938675436394515,0.93,0.9485,1,NA,NA,6.957845388003555e-4,4.921170102655547e-4,3.5078518346706275e-5,7.67467134515857,2.529883212004251e-5,1.5907205974758982,0.005705260730238364,0.004942051699446293,0,1.0044938675436395,0.015907205974758983
312,800,0.65,0.1,0.05,0.3,CCA,2000,0.3010813043873249,0.0010813043873249138,0.041765001910392126,0.001744612446060819,0,0.0402065438496278,-3.7314928516178125,0.9410000000000001,0.9415,1,NA,NA,9.338938335204538e-4,6.605278151910675e-4,5.541394844753174e-5,6.665668500104314e-8,4.303801674541666e-5,1.5260027191397791,0.005268728499363008,0.0052477495176503994,0,0.9626850714838219,0.01526002719139779
312,800,0.65,0.1,0.05,0.3,AIPW,2000,0.3013834425233874,0.0013834425233874134,0.0341381044373035,0.0011667413827004716,49.67394507391369,0.033420560290182415,-2.1018863201350158,0.9465,0.9485,1,NA,NA,7.633512214479784e-4,5.399058184437865e-4,3.455696284206556e-5,3.5485211662768923,4.027587986281009e-5,1.552780690738516,0.005031786462082825,0.004942051699446293,0,0.9789811367986498,0.01552780690738516
312,800,0.65,0.1,0.05,0.3,FCS-MI,2000,0.30192627332621674,0.0019262733262167488,0.03406071430701746,0.0011632627219020062,50.3548729798998,0.0337690815840095,-0.8562143482348405,0.9520000000000001,0.9545,1,NA,NA,7.616207255269069e-4,5.386818670170665e-4,3.4536434631706564e-5,3.520145289030919,3.236054303850742e-5,1.5708686950882012,0.004779958158812687,0.004659922209651143,0,0.9914378565176516,0.01570868695088201
312,800,0.65,0.1,0.05,0.3,IPW,2000,0.3016708703855796,0.0016708703855796052,0.041979918243003865,0.0017642241867668513,-1.0212797410757646,0.039764161171871815,-5.278135746491874,0.9325,0.9335,1,NA,NA,9.386995088124019e-4,6.639267906282884e-4,5.6648988343203994e-5,0.5498296441206855,5.9830302337125904e-5,1.5048230086368983,0.005609979946488223,0.005571254347092763,0,0.9472186425350813,0.015048230086368984
312,800,0.65,0.1,0.05,0.3,JM-MI,2000,0.30145828742745145,0.0014582874274514787,0.03411832009571774,0.0011656043384918433,49.84757959107291,0.03375263986136813,-1.0718002331993715,0.9505,0.9510000000000001,1,NA,NA,7.6290883012122e-4,5.395929223028819e-4,3.4590869761351e-5,3.499917847473371,3.2180799681557484e-5,1.5674238806071454,0.004850244839180801,0.004826955562256604,0,0.9892819976680063,0.015674238806071453
312,800,0.65,0.1,0.05,0.3,Naive,2000,0.3153691972734038,0.015369197273403785,0.03165100083239656,0.001237497185594324,74.12058456863669,0.03121100385463143,-1.3901518631119214,0.928,0.9500000000000001,1,NA,NA,7.077378941714113e-4,5.005714227737545e-4,3.7028255438767616e-5,5.2357041677496925,2.525947628072509e-5,1.5615891490602487,0.0057799653978203,0.0048733971724044785,0,0.9860984813688808,0.015615891490602487
313,1500,0.25,0.1,0.05,0.3,CCA,2000,0.2997886829089785,-2.1131709102151542e-4,0.04656184935708523,0.00216696646755708,0,0.047771106460717534,2.5970985266466684,0.9555,0.9545,1,NA,NA,0.0010411546032054746,7.363916011084498e-4,7.1236142685082e-5,0,6.236039815110038e-5,1.6281261914843774,0.004610843198374891,0.004659922209651143,0,1.0259709852664667,0.016281261914843775
313,1500,0.25,0.1,0.05,0.3,AIPW,2000,0.299347531748289,-6.524682517110258e-4,0.028886778624087835,8.344544711069102e-4,159.8138009401402,0.02925818508950661,1.285731684560587,0.9505,0.9505,1,NA,NA,6.459280065444824e-4,4.568543014415398e-4,2.6734903726351642e-5,9.252885135558206,4.330474377618092e-5,1.608868066670037,0.004850244839180801,0.004850244839180801,0,1.0128573168456059,0.01608868066670037
313,1500,0.25,0.1,0.05,0.3,FCS-MI,2000,0.30062649078343495,6.264907834349633e-4,0.028276769268761884,7.995683831403862e-4,171.14454191452606,0.029598912476760216,4.675722305585106,0.9575,0.9580000000000001,1,NA,NA,6.32287782690286e-4,4.4720679447903433e-4,2.552832766827465e-5,9.43590012810946,5.362701679946916e-5,1.666310088108462,0.004510751046111944,0.004485309353879615,0,1.046757223055851,0.016663100881084622
313,1500,0.25,0.1,0.05,0.3,IPW,2000,0.29984346815413704,-1.565318458629683e-4,0.04815196326368846,0.002317476762583298,-6.495514505085353,0.047243563643620194,-1.8865266512472445,0.9445,0.9445,1,NA,NA,0.0010767106310768002,7.615397973634634e-4,7.486384829556478e-5,0.9624673263431271,8.910763383207836e-5,1.5626940403715193,0.005119558086397692,0.005119558086397692,0,0.9811347334875276,0.015626940403715192
313,1500,0.25,0.1,0.05,0.3,JM-MI,2000,0.30005095791537106,5.0957915371061095e-5,0.02831420281795597,8.012958308848766e-4,170.42806805590453,0.029483688827854314,4.130386496902161,0.9580000000000001,0.9575,1,NA,NA,6.331248222966565e-4,4.477988188854277e-4,2.5627665675204927e-5,9.391119971449388,5.242589427258985e-5,1.6572337643348265,0.004485309353879615,0.004510751046111944,0,1.0413038649690216,0.016572337643348267
313,1500,0.25,0.1,0.05,0.3,Naive,2000,0.3140137585077564,0.014013758507756434,0.0224989291626361,7.023341400723003e-4,328.2888282660096,0.022739993737668742,1.071449104488842,0.9135,0.9475,1,NA,NA,5.030913502860674e-4,3.558282735343729e-4,2.115396010370083e-5,16.987952150162858,1.3272156307788941e-5,1.5995677117760037,0.006285608562422576,0.004987171041783106,0,1.0107144910448884,0.015995677117760038
314,1500,0.5,0.1,0.05,0.3,CCA,2000,0.30031478844778603,3.1478844778605144e-4,0.0335266435402464,0.0011235729009280678,0,0.03336851327172236,-0.47165553072502364,0.9520000000000001,0.9515,1,NA,NA,7.496785401339515e-4,5.3023535485146e-4,3.592574016132225e-5,0,2.8775126709059187e-5,1.5764130415994186,0.004779958158812687,0.004803527349771207,0,0.9952834446927498,0.015764130415994185
314,1500,0.5,0.1,0.05,0.3,AIPW,2000,0.29972174697470483,-2.782530252951755e-4,0.02505902623093762,6.277182429910844e-4,78.99948131204278,0.02521182109894507,0.6097398462307835,0.9485,0.9485,1,NA,NA,5.603368610232687e-4,3.963170858378029e-4,2.02055707885582e-5,5.203898794876069,2.368290095558185e-5,1.593981715958158,0.004942051699446293,0.004942051699446293,0,1.0060973984623078,0.01593981715958158
314,1500,0.5,0.1,0.05,0.3,FCS-MI,2000,0.30026038578124575,2.6038578124578396e-4,0.02512237878545354,6.308861496369611e-4,78.09783294232717,0.025420487026489042,1.1866242587191378,0.9495,0.9505,1,NA,NA,5.617534672077272e-4,3.9731902819401194e-4,2.008886432321053e-5,5.122168993241599,2.320594230782362e-5,1.6029648236549972,0.0048964145045124596,0.004850244839180801,0,1.0118662425871914,0.01602964823654997
314,1500,0.5,0.1,0.05,0.3,IPW,2000,0.3006961040460193,6.961040460193133e-4,0.033901115140312826,0.0011491955257957537,-2.196997901268971,0.033203403387571516,-2.058079062749296,0.9395,0.9410000000000001,1,NA,NA,7.58051979667868e-4,5.361577515120341e-4,3.68116902855318e-5,0.6638572925708893,4.133795321820292e-5,1.5537770891820115,0.005331029450303197,0.005268728499363008,0,0.979419209372507,0.015537770891820115
314,1500,0.5,0.1,0.05,0.3,JM-MI,2000,0.29991495603205603,-8.504396794396419e-5,0.025027872757898834,6.260884500546655e-4,79.44537827009874,0.02540031956705766,1.4881281072570696,0.9515,0.9515,1,NA,NA,5.596402481887693e-4,3.958243829875534e-4,1.9933667591489628e-5,5.158196582029725,2.2227346668933515e-5,1.6075246320880885,0.004803527349771207,0.004803527349771207,0,1.0148812810725707,0.016075246320880886
314,1500,0.5,0.1,0.05,0.3,Naive,2000,0.3140964013939773,0.014096401393977349,0.02256811590190002,7.077737276940382e-4,120.69350237224397,0.02274931974253284,0.8029196651616166,0.9115,0.9515,1,NA,NA,5.046384128074242e-4,3.569224855213433e-4,2.132512351753176e-5,7.445152435065335,1.2868062293237142e-5,1.5952520435519302,0.006350895606133045,0.004803527349771207,0,1.0080291966516162,0.015952520435519302
315,1500,0.65,0.1,0.05,0.3,CCA,2000,0.2985640809338513,-0.0014359190661487197,0.028919879964196073,8.380031409794673e-4,0,0.029168433807327428,0.8594566901352074,0.9585,0.9575,1,NA,NA,6.466681750107661e-4,4.5737781047689195e-4,2.6006364506726646e-5,6.665668500104314e-8,2.2228146825140704e-5,1.5969775669289334,0.004459694496263168,0.004510751046111944,0,1.008594566901352,0.015969775669289334
315,1500,0.65,0.1,0.05,0.3,AIPW,2000,0.2991987167113412,-8.012832886587874e-4,0.02475873405088657,6.133304692553128e-4,36.43823807348889,0.02430871930687037,-1.8175999753916594,0.9435,0.9450000000000001,1,NA,NA,5.536221237462111e-4,3.915678621209298e-4,1.9155506424177525e-5,3.3531597554963577,2.1415728523745597e-5,1.5551955959376524,0.005162739098579358,0.005097793640389926,0,0.9818240002460834,0.015551955959376524
315,1500,0.65,0.1,0.05,0.3,FCS-MI,2000,0.2995879253233795,-4.120746766204564e-4,0.024706882144444088,6.102946158259123e-4,37.011520154702126,0.024470911167347145,-0.9550819715631653,0.9460000000000001,0.9465,1,NA,NA,5.524626798705276e-4,3.907478064544791e-4,1.9047352260095438e-5,3.362214597383642,1.7267315002882295e-5,1.5679876356292695,0.005053909377897468,0.005031786462082825,0,0.9904491802843683,0.015679876356292696
315,1500,0.65,0.1,0.05,0.3,IPW,2000,0.29896941918476655,-0.0010305808152334234,0.029136511733816484,8.495739446735454e-4,-1.4814843745118544,0.029022684115085202,-0.39067002862656075,0.9530000000000001,0.9535,1,NA,NA,6.515122086403392e-4,4.608039161381667e-4,2.6354120372998033e-5,0.48629783180436115,3.175799606155293e-5,1.5791218848628459,0.004732388403332927,0.004708383480558906,0,0.9960932997137344,0.01579121884862846
315,1500,0.65,0.1,0.05,0.3,JM-MI,2000,0.29924355436091776,-7.564456390822522e-4,0.02478234031364919,6.144295192306977e-4,36.17843509417784,0.024462869621331956,-1.2891062275554366,0.9455,0.9475,1,NA,NA,5.541499758285305e-4,3.919412032547546e-4,1.9188680503441174e-5,3.3249854662065705,1.7212150741901787e-5,1.562690783944397,0.005075911248239078,0.004987171041783106,0,0.9871089377244456,0.01562690783944397
315,1500,0.65,0.1,0.05,0.3,Naive,2000,0.3134072365691515,0.013407236569151501,0.02292821463370731,7.051941671973989e-4,59.09352149766247,0.02274708481295093,-0.7899865892309732,0.909,0.9470000000000001,1,NA,NA,5.1269046523675e-4,3.6261757034581114e-4,2.195756290097048e-5,4.819838728876445,1.305328708987478e-5,1.5700728598832538,0.0064311352030570765,0.005009540897128196,0,0.9921001341076903,0.01570072859883254
316,500,0.25,0.1,0.1,0.3,CCA,2000,0.30019233500560777,1.9233500560775563e-4,0.08294933944340464,0.006877189610394499,0,0.08321917621516295,0.3253030989383676,0.9490000000000001,0.9495,0.9465,NA,NA,0.0018548036168415734,0.0013118722243003458,2.224324025876948e-4,0,1.996025715533214e-4,1.6048221387342487,0.004919298730510272,0.0048964145045124596,0.005031786462082825,1.0032530309893837,0.016048221387342486
316,500,0.25,0.1,0.1,0.3,AIPW,2000,0.29920332601958144,-7.966739804185231e-4,0.05789500603481592,0.0033507904973405626,105.2785903689505,0.05486427832495119,-5.234868976509233,0.9405,0.9415,0.9985,NA,NA,0.0012945716905160896,9.156293570558964e-4,1.0602349728774375e-4,6.720737531054042,1.4951217159018165e-4,1.5208294421737611,0.005289600646551685,0.0052477495176503994,8.653756409790912e-4,0.9476513102349077,0.01520829442173761
316,500,0.25,0.1,0.1,0.3,FCS-MI,2000,0.3021077535239609,0.0021077535239609345,0.053767357868205704,0.0028939259326594084,138.0063106512687,0.05541426520645733,3.063024488368038,0.9575,0.9585,0.9995,NA,NA,0.0012022746716386613,8.50349187041345e-4,9.073321674086351e-5,7.169508556266647,1.622693510140343e-4,1.6576814549611432,0.004510751046111944,0.004459694496263168,4.99874984371065e-4,1.0306302448836804,0.01657681454961143
316,500,0.25,0.1,0.1,0.3,IPW,2000,0.30010202029928806,1.0202029928806654e-4,0.08587319024391007,0.007370528108406907,-6.693764301082316,0.07716519446874782,-10.140529017762677,0.9205,0.9215,0.9540000000000001,NA,NA,0.001920182908301547,0.001358113926511832,2.3662531797758875e-4,1.0929498249729446,2.5048053891292115e-4,1.4507832420552695,0.006048956521582876,0.006014056451347959,0.004684228858627636,0.8985947098223732,0.014507832420552695
316,500,0.25,0.1,0.1,0.3,JM-MI,2000,0.3006152756232434,6.152756232434393e-4,0.05401733099572703,0.0029167916759705393,135.80858931235827,0.055551465166222315,2.8400776976867714,0.9585,0.9580000000000001,0.9995,NA,NA,0.0012078642406955205,8.543025977016007e-4,9.076217340765024e-5,7.130280145395796,1.5665343319914217e-4,1.6521036511256035,0.004459694496263168,0.004485309353879615,4.99874984371065e-4,1.0284007769768677,0.016521036511256037
316,500,0.25,0.1,0.1,0.3,Naive,2000,0.3194083392800334,0.01940833928003345,0.03949495538336613,0.0019357552085926039,341.10563799561,0.039236912064197646,-0.6533576672355546,0.9205,0.9425,1,NA,NA,8.831340500552794e-4,6.246262515781743e-4,6.015409221667464e-5,17.69474974602373,3.9493757741645115e-5,1.574380057614923,0.006048956521582876,0.005205465877325487,0,0.9934664233276445,0.015743800576149228
317,500,0.5,0.1,0.1,0.3,CCA,2000,0.2992680031744892,-7.319968255107866e-4,0.05554759168421415,0.0030845279937977777,0,0.05718908192086004,2.955106039479971,0.9645,0.966,0.9995,NA,NA,0.0012420819099230487,8.78504194804549e-4,9.525363446823475e-5,6.665668500104314e-8,9.113352990321462e-5,1.636514910152838,0.0041376170678302255,0.004052406692324946,4.99874984371065e-4,1.0295510603947997,0.01636514910152838
317,500,0.5,0.1,0.1,0.3,AIPW,2000,0.29932302061033306,-6.76979389666954e-4,0.04431048176083802,0.0019628953855746548,57.151136147706374,0.043700500788187914,-1.3766065012392081,0.9455,0.9450000000000001,1,NA,NA,9.90812493329984e-4,7.00785451185801e-4,6.194727837763199e-5,4.363952776357968,7.289627379829826e-5,1.5684145572254888,0.005075911248239078,0.005097793640389926,0,0.9862339349876079,0.01568414557225489
317,500,0.5,0.1,0.1,0.3,FCS-MI,2000,0.3007151010986715,7.15101098671491e-4,0.04350731442064079,0.001892451334473771,63.00687292794369,0.044519057611367714,2.325455395718312,0.9570000000000001,0.9555,1,NA,NA,9.728531256300969e-4,6.880830845106712e-4,5.891978879502968e-5,4.380293944696936,6.618270115342442e-5,1.625445855616483,0.004536022486716746,0.004610843198374891,0,1.0232545539571831,0.01625445855616483
317,500,0.5,0.1,0.1,0.3,IPW,2000,0.2997564989826105,-2.4350101738951208e-4,0.05672668208935789,0.003216366795382114,-4.113889237361656,0.05541201443162545,-2.317547244630891,0.9505,0.9505,0.9995,NA,NA,0.0012684471728982407,8.971519135546481e-4,9.80423439745854e-5,0.7825798848620298,1.2275597427869182e-4,1.5599638623335281,0.004850244839180801,0.004850244839180801,4.99874984371065e-4,0.9768245275536911,0.015599638623335282
317,500,0.5,0.1,0.1,0.3,JM-MI,2000,0.2998206957285761,-1.7930427142390034e-4,0.04374924355776279,0.0019130714637422617,61.209032784978156,0.04448809561817541,1.688833909635723,0.9530000000000001,0.9540000000000001,1,NA,NA,9.782628255935234e-4,6.919092767066421e-4,6.0085792205905644e-5,4.322223008803556,6.642590643941629e-5,1.6153950912639385,0.004732388403332927,0.004684228858627636,0,1.0168883390963572,0.016153950912639384
317,500,0.5,0.1,0.1,0.3,Naive,2000,0.31977984973747325,0.019779849737473244,0.03917192651542723,0.0019249150626535867,101.0854311628132,0.039306651154738775,0.3439316145415594,0.9205,0.9530000000000001,1,NA,NA,8.759109049812176e-4,6.195174393520642e-4,5.777837479274154e-5,7.00544609710102,4.0121540715634666e-5,1.5902754845560605,0.006048956521582876,0.004732388403332927,0,1.0034393161454156,0.015902754845560606
318,500,0.65,0.1,0.1,0.3,CCA,2000,0.29921367355378964,-7.863264462103778e-4,0.05052076670799666,0.002551690004109452,0,0.049597596318585624,-1.8273087476024297,0.9510000000000001,0.9510000000000001,1,NA,NA,0.001129678686344888,7.990032354603416e-4,8.198156028600136e-5,0,6.908525906242339e-5,1.5586449897030585,0.004826955562256604,0.004826955562256604,0,0.9817269125239757,0.015586449897030586
318,500,0.65,0.1,0.1,0.3,AIPW,2000,0.2999582439136139,-4.175608638605095e-5,0.04257780304444305,0.0018119646210060885,40.79050551191439,0.04139242694391485,-2.784023636191124,0.9410000000000001,0.9410000000000001,1,NA,NA,9.520686193997217e-4,6.733825436168285e-4,5.6422779516993506e-5,3.2363340898220625,6.44008289142223e-5,1.5449260137678538,0.005268728499363008,0.005268728499363008,0,0.9721597636380888,0.015449260137678538
318,500,0.65,0.1,0.1,0.3,FCS-MI,2000,0.3007519065721047,7.519065721047032e-4,0.042293889122095175,0.001788444034036719,42.687070261533734,0.0420926153805231,-0.4758931981663661,0.9510000000000001,0.9520000000000001,1,NA,NA,9.457201110984372e-4,6.688923476572276e-4,5.492606050443605e-5,3.2073327879312843,5.0265342485863014e-5,1.5784883593410106,0.004826955562256604,0.004779958158812687,0,0.9952410680183363,0.015784883593410105
318,500,0.65,0.1,0.1,0.3,IPW,2000,0.29951832621411484,-4.816737858851409e-4,0.050942824692632775,0.0025941058116064927,-1.6501229592791322,0.048463304847167606,-4.867260228355086,0.9425,0.9420000000000001,1,NA,NA,0.0011391161897858172,8.056782270974489e-4,8.297487612004845e-5,0.606399741676767,9.50154758991796e-5,1.5160734956866118,0.005205465877325487,0.005226662414964255,0,0.9513273977164491,0.015160734956866118
318,500,0.65,0.1,0.1,0.3,JM-MI,2000,0.30035752479639594,3.5752479639595874e-4,0.04252342978746556,0.0018074657838291065,41.15078372184928,0.04212098352345707,-0.9464106400164263,0.9515,0.9515,1,NA,NA,9.508527964121243e-4,6.725226119277741e-4,5.636671017363002e-5,3.1706509096374083,5.067109499020681e-5,1.5710918689789306,0.004803527349771207,0.004803527349771207,0,0.9905358935998357,0.015710918689789306
318,500,0.65,0.1,0.1,0.3,Naive,2000,0.3206618096642794,0.02066180966427941,0.039529188671623194,0.0019886858572611753,63.34433019918395,0.039285215242584264,-0.6171981698528284,0.9155,0.9485,1,NA,NA,8.838995296516409e-4,6.251676627613405e-4,5.918375120856826e-5,5.094099757958391,3.9869398367425765e-5,1.575005851349674,0.006219314672855845,0.004942051699446293,0,0.9938280183014717,0.015750058513496742
319,800,0.25,0.1,0.1,0.3,CCA,2000,0.30080858235461133,8.085823546113409e-4,0.06386628588184678,0.0040775168265298,0,0.0642858150462,0.6568867416673507,0.9530000000000001,0.9530000000000001,0.9965,NA,NA,0.0014280935670224451,0.0010100671937813951,1.2474060300385125e-4,0,1.1750191670363994e-4,1.6025193849947783,0.004732388403332927,0.004732388403332927,0.0013205585939290896,1.0065688674166735,0.016025193849947782
319,800,0.25,0.1,0.1,0.3,AIPW,2000,0.29952340850807296,-4.765914919270503e-4,0.042338367914504474,0.0017918682684152872,127.54908643230878,0.041667922758806326,-1.5835403883588617,0.9410000000000001,0.9400000000000001,1,NA,NA,9.467146871322801e-4,6.695957949989871e-4,5.8861623701125724e-5,7.6651964975186075,8.306012650691129e-5,1.5688047894730275,0.005268728499363008,0.005310367218940699,0,0.9841645961164114,0.015688047894730276
319,800,0.25,0.1,0.1,0.3,FCS-MI,2000,0.30176182024220827,0.0017618202422083036,0.04035692080373921,0.0016309707267967539,150.44206509394243,0.0420598496489635,4.219669913633517,0.9570000000000001,0.9605,1,NA,NA,9.024081827973632e-4,6.382585300373215e-4,5.330486736661629e-5,8.092897734401584,9.59416481532106e-5,1.6653258516710605,0.004536022486716746,0.004355441998236229,0,1.0421966991363352,0.016653258516710606
319,800,0.25,0.1,0.1,0.3,IPW,2000,0.3008811057863104,8.811057863103804e-4,0.06678291900118588,0.004458504638590465,-8.543931913289416,0.06193050593059902,-7.265949352259815,0.9245,0.924,0.996,NA,NA,0.0014933114662251399,0.0010561947458922354,1.356182290927371e-4,0.9972515981499543,1.5842243586353515e-4,1.4856816115122498,0.005907611615534657,0.005925537950262405,0.0014113823011501884,0.9273405064774018,0.014856816115122497
319,800,0.25,0.1,0.1,0.3,JM-MI,2000,0.30070130077861457,7.01300778614584e-4,0.04046056142032836,0.0016367303247150251,149.16068264433858,0.04208755220622716,4.0211769900982075,0.9605,0.9615,1,NA,NA,9.047256574365966e-4,6.398976418991517e-4,5.3901106156161096e-5,8.036799263222763,9.871040295493814e-5,1.663121890290215,0.004355441998236229,0.004302194207610808,0,1.040211769900982,0.01663121890290215
319,800,0.25,0.1,0.1,0.3,Naive,2000,0.3184967481152431,0.01849674811524312,0.031012771025476546,0.0013034407615340482,324.09404670195806,0.030947784964173056,-0.20954612939974027,0.908,0.9530000000000001,1,NA,NA,6.934666418360142e-4,4.904775997000915e-4,4.0282960016285426e-5,17.295114768042037,2.462232914347255e-5,1.5802159640840587,0.006462816723379983,0.004732388403332927,0,0.9979045387060026,0.01580215964084059
320,800,0.5,0.1,0.1,0.3,CCA,2000,0.30078040942018824,7.804094201882411e-4,0.04489333554086386,0.0020150129090597164,0,0.044513884147297976,-0.8452287828345728,0.9435,0.9420000000000001,1,NA,NA,0.0010038455000607887,7.100034834205972e-4,6.435924986505967e-5,0,5.382032680311792e-5,1.5727425486922675,0.005162739098579358,0.005226662414964255,0,0.9915477121716543,0.015727425486922676
320,800,0.5,0.1,0.1,0.3,AIPW,2000,0.30057457236411944,5.745723641194366e-4,0.03523751808827503,0.0012413919730826094,62.31293282809966,0.034195598655182416,-2.9568468201490727,0.9440000000000001,0.9435,1,NA,NA,7.879348580376142e-4,5.57293422026938e-4,4.132273810181441e-5,4.4726262762043545,4.530359084505755e-5,1.540146246857132,0.005141206084179078,0.005162739098579358,0,0.9704315317985093,0.01540146246857132
320,800,0.5,0.1,0.1,0.3,FCS-MI,2000,0.3017850655562139,0.001785065556213949,0.03481418147270262,0.0012146076770384452,66.28434769574538,0.03463108639447856,-0.5259209623171057,0.9510000000000001,0.9510000000000001,1,NA,NA,7.784687635397681e-4,5.505982084034747e-4,3.998271687580373e-5,4.489830400567676,4.192555447169105e-5,1.5778191229715821,0.004826955562256604,0.004826955562256604,0,0.9947407903768289,0.01577819122971582
320,800,0.5,0.1,0.1,0.3,IPW,2000,0.30103453386808937,0.0010345338680893782,0.04560762749502578,0.0020800859182063935,-3.1078066892189504,0.043900423467311114,-3.7432423510757373,0.9335,0.934,1,NA,NA,0.001019817553713661,7.213002554141293e-4,6.623429672762258e-5,0.7116187280576908,7.863752972537875e-5,1.5320668730541613,0.005571254347092763,0.005551756478809205,0,0.9625675764892426,0.015320668730541614
320,800,0.5,0.1,0.1,0.3,JM-MI,2000,0.3008896120319864,8.896120319864175e-4,0.03489200989676708,0.001217635038026229,65.54336342690108,0.0345938117100794,-0.8546317267762449,0.9505,0.9505,1,NA,NA,7.802090600076661e-4,5.518290915964735e-4,4.0827476947037854e-5,4.479357251218493,4.128647279041309e-5,1.5724762315660703,0.004850244839180801,0.004850244839180801,0,0.9914536827322376,0.015724762315660702
320,800,0.5,0.1,0.1,0.3,Naive,2000,0.31939724372210754,0.01939724372210753,0.03130885823371522,0.0013560075456117682,105.60292481778366,0.030956369863995664,-1.1258423002470819,0.9045,0.9525,1,NA,NA,7.000873530849124e-4,4.951603203469988e-4,4.2133301399389135e-5,7.1917544683614745,2.5221860533146796e-5,1.5658023555211906,0.006571900410079265,0.00475624589355933,0,0.9887415769975292,0.015658023555211908
321,800,0.65,0.1,0.1,0.3,CCA,2000,0.30117397157371145,0.0011739715737114373,0.03803057949986816,0.0014469800238631275,0,0.038862654211742724,2.1879096317147795,0.9595,0.96,1,NA,NA,8.503896098541517e-4,6.014666452402964e-4,4.364721993368195e-5,0,3.9017012634214756e-5,1.6193899016077862,0.004407933189148855,0.004381780460041331,0,1.0218790963171478,0.016193899016077862
321,800,0.65,0.1,0.1,0.3,AIPW,2000,0.3009952609845985,9.95260984598523e-4,0.03298614533659933,0.001088532285702634,32.92380050739381,0.03259120201564557,-1.197300614920782,0.9465,0.9465,1,NA,NA,7.375926328832379e-4,5.216871905694212e-4,3.421760446926699e-5,3.197759643723288,3.7917262804833664e-5,1.5668208238705825,0.005031786462082825,0.005031786462082825,0,0.9880269938507922,0.015668208238705825
321,800,0.65,0.1,0.1,0.3,FCS-MI,2000,0.30176738937239295,0.0017673893723929687,0.03290418445433751,0.0010852676771214115,33.5868238121104,0.03300622359182361,0.3101099120925044,0.9495,0.9495,1,NA,NA,7.357599318409049e-4,5.203909511341235e-4,3.3951574215941716e-5,3.1777782904877037,3.119326041588881e-5,1.5892687077763084,0.0048964145045124596,0.0048964145045124596,0,1.003101099120925,0.015892687077763083
321,800,0.65,0.1,0.1,0.3,IPW,2000,0.30136252054705553,0.0013625205470555685,0.03841217676665222,0.0014766140385317089,-1.9769867368066518,0.03834585026227501,-0.17267051742507755,0.9510000000000001,0.9490000000000001,1,NA,NA,8.589223841397244e-4,6.075017367614831e-4,4.4892942726621515e-5,0.5249849818587315,5.475392899419373e-5,1.585225154135707,0.004826955562256604,0.004919298730510272,0,0.9982732948257492,0.015852251541357068
321,800,0.65,0.1,0.1,0.3,JM-MI,2000,0.3012752486705661,0.0012752486705661361,0.03284722111281967,0.0010800267240388304,34.0505555870162,0.03298750822572485,0.4270897450451949,0.9540000000000001,0.9545,1,NA,NA,7.344861928023109e-4,5.194900563706207e-4,3.3956186331613094e-5,3.173033178854194,3.11723055453392e-5,1.5911214908078335,0.004684228858627636,0.004659922209651143,0,1.004270897450452,0.015911214908078335
321,800,0.65,0.1,0.1,0.3,Naive,2000,0.32141386751991213,0.021413867519912144,0.03176465211774445,0.0014670423497595948,43.34339278059749,0.03097748646594612,-2.478118283431796,0.8865000000000001,0.9465,1,NA,NA,7.102792141690926e-4,5.023688567919681e-4,4.2123497480306823e-5,4.494974586325527,2.3393611035721652e-5,1.5440992830560674,0.007092874946028583,0.005031786462082825,0,0.975218817165682,0.015440992830560673
322,1500,0.25,0.1,0.1,0.3,CCA,2000,0.29965280469491984,-3.471953050801759e-4,0.04516295504748793,0.002038793206946975,0,0.04607174211507888,2.012240046372926,0.9530000000000001,0.9525,1,NA,NA,0.0010098743755095026,7.142676082978183e-4,6.451447180261596e-5,0,6.125395407413714e-5,1.6190493822386551,0.004732388403332927,0.00475624589355933,0,1.0201224004637293,0.01619049382238655
322,1500,0.25,0.1,0.1,0.3,AIPW,2000,0.299961176419502,-3.882358049800522e-5,0.029615218109322036,8.766241203612872e-4,132.5598988576107,0.029545658102081672,-0.23487926708353202,0.9465,0.9465,1,NA,NA,6.622164086092687e-4,4.683748214863606e-4,2.9491708450052782e-5,8.07762352751289,4.2490086305480796e-5,1.584329298020225,0.005031786462082825,0.005031786462082825,0,0.9976512073291647,0.01584329298020225
322,1500,0.25,0.1,0.1,0.3,FCS-MI,2000,0.3018153366350086,0.0018153366350085911,0.02900809434671277,8.443442499573799e-4,142.3964763325325,0.029725020942522808,2.4714708496226256,0.96,0.9590000000000001,1,NA,NA,6.486407085697711e-4,4.5877295116136265e-4,2.841154104220056e-5,8.210751153344512,5.6586919529709716e-5,1.6323195803732697,0.004381780460041331,0.004433903472111224,0,1.0247147084962263,0.016323195803732697
322,1500,0.25,0.1,0.1,0.3,IPW,2000,0.29964548276931025,-3.5451723068974725e-4,0.0465036470801663,0.002161633579627637,-5.682849225534881,0.04565186800697864,-1.8316392942671844,0.9430000000000001,0.9430000000000001,1,NA,NA,0.0010398531607291146,7.354711121570811e-4,6.886882474914969e-5,0.9440052477316365,8.959711810643074e-5,1.5644751554712775,0.005184158562389848,0.005184158562389848,0,0.9816836070573282,0.015644751554712774
322,1500,0.25,0.1,0.1,0.3,JM-MI,2000,0.3007499432469134,7.499432469134065e-4,0.02871456991774912,8.246766771721133e-4,147.37742757673922,0.029761611595462544,3.646377712473514,0.96,0.9590000000000001,1,NA,NA,6.420773028075758e-4,4.541307617467771e-4,2.7658236975016618e-5,8.375116883594105,5.760458872311874e-5,1.6514330666885,0.004381780460041331,0.004433903472111224,0,1.0364637771247351,0.016514330666885
322,1500,0.25,0.1,0.1,0.3,Naive,2000,0.3203427257094017,0.020342725709401707,0.022562864594330784,9.226548065607078e-4,300.6602213678066,0.022580415490792417,0.07778664977691196,0.8455,0.9495,1,NA,NA,5.045209900004685e-4,3.568394342928758e-4,2.5902842455935278e-5,16.049653094991978,1.3430793342306566e-5,1.5838834469334413,0.008081761874739938,0.0048964145045124596,0,1.0007778664977691,0.015838834469334415
323,1500,0.5,0.1,0.1,0.3,CCA,2000,0.300229224027794,2.2922402779400626e-4,0.03108725452354343,9.659867287695838e-4,0,0.032220262708201566,3.6446067754232647,0.9565,0.9565,1,NA,NA,6.951321434848095e-4,4.916555817423637e-4,2.9686173515099085e-5,0,2.858215382508738e-5,1.6417514592606435,0.004561126505590477,0.004561126505590477,0,1.0364460677542326,0.016417514592606434
323,1500,0.5,0.1,0.1,0.3,AIPW,2000,0.30102774489566286,0.0010277448956628585,0.02435328796219673,5.938423528229524e-4,62.94818588185041,0.024787252089499844,1.7819529255218125,0.9560000000000001,0.9565,1,NA,NA,5.445560735909921e-4,3.8515559330996093e-4,1.8568457475466603e-5,4.735042399105862,2.3306883519778203e-5,1.612558894231011,0.004586065852122053,0.004561126505590477,0,1.0178195292552181,0.016125588942310108
323,1500,0.5,0.1,0.1,0.3,FCS-MI,2000,0.30176444595322305,0.0017644459532230323,0.02431660664210997,5.941149794296584e-4,63.4401675868816,0.024998824066312902,2.80556178846727,0.96,0.9590000000000001,1,NA,NA,5.43735854338808e-4,3.8457546566463685e-4,1.8464444993357685e-5,4.724314089411151,2.4361874273799406e-5,1.6289889299855216,0.004381780460041331,0.004433903472111224,0,1.0280556178846727,0.016289889299855215
323,1500,0.5,0.1,0.1,0.3,IPW,2000,0.3007626590434328,7.62659043432812e-4,0.031435180024325785,9.8825810670672e-4,-2.2013557781835447,0.032051829021492735,1.9616525074447333,0.9555,0.9565,1,NA,NA,7.029119941933595e-4,4.971581427472477e-4,3.017615624661642e-5,0.6693540036234716,4.054690397809904e-5,1.6177089177779047,0.004610843198374891,0.004561126505590477,0,1.0196165250744473,0.016177089177779047
323,1500,0.5,0.1,0.1,0.3,JM-MI,2000,0.3011850157461535,0.0011850157461535098,0.02429966882775599,5.915829305046787e-4,63.668095304686,0.025012931945728234,2.9352791720252958,0.9575,0.9590000000000001,1,NA,NA,5.433571132959503e-4,3.8430758832721086e-4,1.829524663907015e-5,4.705022195072841,2.5259821484446453e-5,1.6312721779995818,0.004510751046111944,0.004433903472111224,0,1.029352791720253,0.016312721779995817
323,1500,0.5,0.1,0.1,0.3,Naive,2000,0.320814503691967,0.020814503691967006,0.022287616421076538,9.297330407530822e-4,94.55280126389817,0.022577633622765825,1.301248173918812,0.858,0.9570000000000001,1,NA,NA,4.983662537396773e-4,3.5248629012434366e-4,2.5221911318118314e-5,6.9407845816437375,1.3308698354540471e-5,1.6032263713113675,0.00780499839846236,0.004536022486716746,0,1.0130124817391881,0.016032263713113674
324,1500,0.65,0.1,0.1,0.3,CCA,2000,0.3002566516048739,2.566516048739385e-4,0.028254268846109567,7.979704262205078e-4,0,0.02813264018253408,-0.4304788923682801,0.9515,0.9510000000000001,1,NA,NA,6.317846579445554e-4,4.468509425854489e-4,2.5264059730694482e-5,0,2.1174593259514472e-5,1.5765083938743216,0.004803527349771207,0.004826955562256604,0,0.9956952110763172,0.015765083938743218
324,1500,0.65,0.1,0.1,0.3,AIPW,2000,0.30028659500487637,2.8659500487636624e-4,0.024277281856090384,5.891738578097154e-4,35.446574375013284,0.023722683878629726,-2.2844319258975343,0.9505,0.9495,1,NA,NA,5.428565253914036e-4,3.8395353069985215e-4,1.9031599339073563e-5,3.2375834366993663,2.1147495814263838e-5,1.5478582082328691,0.004850244839180801,0.0048964145045124596,0,0.9771556807410247,0.015478582082328692
324,1500,0.65,0.1,0.1,0.3,FCS-MI,2000,0.3008680046386583,8.680046386583219e-4,0.02427603713302303,5.897847479472036e-4,35.46046443431769,0.023889733591600116,-1.5912957263416794,0.9510000000000001,0.9505,1,NA,NA,5.428286925374861e-4,3.839338449780614e-4,1.9037108923849616e-5,3.2199911389200393,1.7698570577777875e-5,1.5580740108987134,0.004826955562256604,0.004850244839180801,0,0.9840870427365832,0.015580740108987134
324,1500,0.65,0.1,0.1,0.3,IPW,2000,0.30074648015174926,7.464801517492937e-4,0.02837445158113106,8.052641803956414e-4,-0.8453253228693502,0.02799451681630364,-1.3390030243970452,0.9435,0.9455,1,NA,NA,6.344720255968544e-4,4.487516737181268e-4,2.5584133426197714e-5,0.4817298337451139,3.0192215264095227e-5,1.563981377078295,0.005162739098579358,0.005075911248239078,0,0.9866099697560295,0.01563981377078295
324,1500,0.65,0.1,0.1,0.3,JM-MI,2000,0.30033631528843435,3.363152884343392e-4,0.02434232809526139,5.92365770602038e-4,34.72367564083261,0.0238896533865133,-1.859619618043884,0.9520000000000001,0.9515,1,NA,NA,5.443110035160744e-4,3.8498225925919e-4,1.9136008065643498e-5,3.1980679449167946,1.7124483098890743e-5,1.553717166246051,0.004779958158812687,0.004803527349771207,0,0.9814038038195612,0.015537171662460509
324,1500,0.65,0.1,0.1,0.3,Naive,2000,0.32024058655041504,0.020240586550415055,0.02282942009193769,9.306031744281442e-4,53.17164868530746,0.022565215715578544,-1.1572977994848466,0.85,0.9485,1,NA,NA,5.104813521247218e-4,3.610551008176665e-4,2.6262001915730927e-5,4.714140228371443,1.3211936016083678e-5,1.5643020828862433,0.007984359711335657,0.004942051699446293,0,0.9884270220051515,0.015643020828862434
