scenario_id,N,phase2_fraction,r2_a_marker,r2_y_marker,theta_true,method,mean_runtime_seconds,median_runtime_seconds,p95_runtime_seconds,total_cpu_hours
1,500,0.25,0.01,0,0,AIPW,0.01504199999999176,0.010999999999967258,0.02599999999983993,0.008356666666662089
1,500,0.25,0.01,0,0,CCA,0.0022584999999872447,0.0020000000004074536,0.0030000000006111804,0.0012547222222151358
1,500,0.25,0.01,0,0,FCS-MI,3.546605000000001,3.449999999999818,4.161200000000076,1.9703361111111117
1,500,0.25,0.01,0,0,IPW,0.005598999999992089,0.004000000000814907,0.01605000000049581,0.0031105555555511603
1,500,0.25,0.01,0,0,JM-MI,174.58866600000002,163.7014999999999,203.0040499999996,96.99370333333333
1,500,0.25,0.01,0,0,Naive,0.0017699999999998706,0.001999999999497959,0.0020000000004074536,9.833333333332615e-4
2,500,0.5,0.01,0,0,AIPW,0.015804999999971342,0.011000000000422006,0.02899999999863212,0.008780555555539636
2,500,0.5,0.01,0,0,CCA,0.00244400000000044,0.0020000000004074536,0.0030000000006111804,0.0013577777777780222
2,500,0.5,0.01,0,0,FCS-MI,3.8519830000000055,3.793999999999869,4.639049999999224,2.1399905555555585
2,500,0.5,0.01,0,0,IPW,0.0059889999999987115,0.004999999999199645,0.020999999998821295,0.0033272222222215063
2,500,0.5,0.01,0,0,JM-MI,178.2808625,169.53799999999956,213.58110000000013,99.04492361111112
2,500,0.5,0.01,0,0,Naive,0.0018959999999986958,0.0019999999999527063,0.0020000000004074536,0.0010533333333326087
3,500,0.65,0.01,0,0,AIPW,0.015844000000000677,0.011999999998806743,0.028999999999996362,0.008802222222222598
3,500,0.65,0.01,0,0,CCA,0.002566000000013478,0.0020000000004074536,0.0030000000006111804,0.0014255555555630433
3,500,0.65,0.01,0,0,FCS-MI,4.073403499999988,4.037499999999454,5.313050000000089,2.263001944444438
3,500,0.65,0.01,0,0,IPW,0.0062370000000098284,0.004999999999881766,0.019999999999527063,0.0034650000000054602
3,500,0.65,0.01,0,0,JM-MI,183.75869,187.20649999999932,212.75320000000067,102.0881611111111
3,500,0.65,0.01,0,0,Naive,0.0019190000000030446,0.0019999999999527063,0.0029999999999290594,0.0010661111111128026
4,800,0.25,0.01,0,0,AIPW,0.01508400000000799,0.012999999999919964,0.018000000000029104,0.00838000000000444
4,800,0.25,0.01,0,0,CCA,0.00199350000002132,0.0020000000004074536,0.0030000000006111804,0.0011075000000118445
4,800,0.25,0.01,0,0,FCS-MI,3.72089999999999,3.708999999999378,3.954049999999961,2.0671666666666613
4,800,0.25,0.01,0,0,IPW,0.005282500000008355,0.004999999997380655,0.007999999999810825,0.002934722222226864
4,800,0.25,0.01,0,0,JM-MI,259.12881799999997,258.29049999999734,278.7109,143.96045444444442
4,800,0.25,0.01,0,0,Naive,0.0016719999999793922,0.001999999996769475,0.0020000000004074536,9.288888888774401e-4
5,800,0.5,0.01,0,0,AIPW,0.015251999999990176,0.01300000000082946,0.016999999999825377,0.008473333333327875
5,800,0.5,0.01,0,0,CCA,0.0021160000000135393,0.0020000000004074536,0.0030000000006111804,0.0011755555555630775
5,800,0.5,0.01,0,0,FCS-MI,3.983872999999976,3.9604999999996835,4.321599999999853,2.2132627777777643
5,800,0.5,0.01,0,0,IPW,0.005475000000001387,0.004999999999199645,0.007999999999810825,0.003041666666667437
5,800,0.5,0.01,0,0,JM-MI,269.58184200000005,257.78850000000057,295.74670000000225,149.76769000000004
5,800,0.5,0.01,0,0,Naive,0.0016514999999916082,0.001999999996769475,0.0020000000004074536,9.17499999995338e-4
6,800,0.65,0.01,0,0,AIPW,0.015687499999996617,0.01300000000082946,0.01999999999998181,0.008715277777775898
6,800,0.65,0.01,0,0,CCA,0.002255999999986923,0.0020000000004074536,0.0030000000006111804,0.001253333333326068
6,800,0.65,0.01,0,0,FCS-MI,4.223672000000018,4.016999999999825,5.964449999999942,2.346484444444455
6,800,0.65,0.01,0,0,IPW,0.005983000000014897,0.005000000000109139,0.010999999999967258,0.003323888888897165
6,800,0.65,0.01,0,0,JM-MI,277.972718,267.98349999999846,375.02465,154.42928777777777
6,800,0.65,0.01,0,0,Naive,0.001694499999996861,0.0010000000002037268,0.0020000000004074536,9.41388888887145e-4
7,1500,0.25,0.01,0,0,AIPW,0.03312700000001646,0.021999999997206032,0.10614999999999654,0.018403888888898035
7,1500,0.25,0.01,0,0,CCA,0.003500999999990501,0.0020000000004074536,0.003999999993811798,0.0019449999999947229
7,1500,0.25,0.01,0,0,FCS-MI,5.458382000000043,5.1414999999999225,7.280049999999028,3.0324344444444686
7,1500,0.25,0.01,0,0,IPW,0.011690500000042561,0.006999999999607098,0.0319999999992433,0.006494722222245867
7,1500,0.25,0.01,0,0,JM-MI,562.3428954999999,548.1510000000017,672.0979000000015,312.4127197222222
7,1500,0.25,0.01,0,0,Naive,0.005585999999986328,0.0020000000004074536,0.004000000000019099,0.0031033333333257375
8,1500,0.5,0.01,0,0,AIPW,0.03527850000000092,0.023999999997613486,0.13310000000003575,0.019599166666667178
8,1500,0.5,0.01,0,0,CCA,0.0036784999999856537,0.0020000000004074536,0.0030000000042491592,0.002043611111103141
8,1500,0.5,0.01,0,0,FCS-MI,6.225257499999988,6.239000000001397,6.88519999999844,3.458476388888882
8,1500,0.5,0.01,0,0,IPW,0.012382500000041631,0.007000000001426088,0.026999999999918603,0.006879166666689795
8,1500,0.5,0.01,0,0,JM-MI,607.138022,610.0944999999992,634.9793,337.2989011111111
8,1500,0.5,0.01,0,0,Naive,0.003914999999990171,0.0020000000004074536,0.0030000000006111804,0.0021749999999945394
9,1500,0.65,0.01,0,0,AIPW,0.03149799999998913,0.024999999999636202,0.03405000000657306,0.017498888888882853
9,1500,0.65,0.01,0,0,CCA,0.0034319999999695974,0.0029999999969732016,0.0030000000042491592,0.0019066666666497762
9,1500,0.65,0.01,0,0,FCS-MI,6.503482000000033,6.486000000002605,7.073999999999984,3.6130455555555736
9,1500,0.65,0.01,0,0,IPW,0.009543500000044105,0.0070000000050640665,0.010999999998671229,0.005301944444468947
9,1500,0.65,0.01,0,0,JM-MI,608.04055,605.6925000000006,628.1373000000021,337.80030555555555
9,1500,0.65,0.01,0,0,Naive,0.0027700000000070698,0.0020000000004074536,0.0020000000004074536,0.0015388888888928163
10,500,0.25,0.01,0.02,0,AIPW,0.01656200000000422,0.01299999999901047,0.02999999999974534,0.009201111111113455
10,500,0.25,0.01,0.02,0,CCA,0.0025294999999794445,0.0020000000004074536,0.0030000000006111804,0.0014052777777663582
10,500,0.25,0.01,0.02,0,FCS-MI,3.9493050000000136,4.027999999999793,4.54909999999909,2.194058333333341
10,500,0.25,0.01,0.02,0,IPW,0.006085499999987732,0.005000000000109139,0.018000000000029104,0.003380833333326518
10,500,0.25,0.01,0.02,0,JM-MI,202.82663349999999,208.519,218.74504999999863,112.68146305555555
10,500,0.25,0.01,0.02,0,Naive,0.0019960000000375715,0.0020000000004074536,0.0020000000004074536,0.001108888888909762
11,500,0.5,0.01,0.02,0,AIPW,0.014924499999985116,0.010999999999967258,0.027000000000043656,0.00829138888888062
11,500,0.5,0.01,0.02,0,CCA,0.0023284999999680376,0.0020000000004074536,0.0030000000006111804,0.0012936111110933542
11,500,0.5,0.01,0.02,0,FCS-MI,3.527217499999996,3.496499999999287,4.14305000000004,1.9595652777777757
11,500,0.5,0.01,0.02,0,IPW,0.005537999999996984,0.004000000000814907,0.018999999998459315,0.003076666666664991
11,500,0.5,0.01,0.02,0,JM-MI,176.43594650000003,170.16249999999945,192.19829999999857,98.01997027777779
11,500,0.5,0.01,0.02,0,Naive,0.0017785000000090786,0.001999999999497959,0.0020000000004074536,9.88055555560599e-4
12,500,0.65,0.01,0.02,0,AIPW,0.015289500000035658,0.011000000000422006,0.027000000000043656,0.008494166666686478
12,500,0.65,0.01,0.02,0,CCA,0.0025415000000028683,0.0020000000004074536,0.0030000000006111804,0.0014119444444460377
12,500,0.65,0.01,0.02,0,FCS-MI,3.8935270000000073,3.845999999999549,4.371250000002692,2.1630705555555596
12,500,0.65,0.01,0.02,0,IPW,0.006205999999995513,0.005000000000109139,0.021000000000640284,0.0034477777777752847
12,500,0.65,0.01,0.02,0,JM-MI,191.5405285,189.53799999999956,213.75005000000002,106.41140472222222
12,500,0.65,0.01,0.02,0,Naive,0.001860999999979582,0.0019999999999527063,0.0020000000004074536,0.0010338888888775455
13,800,0.25,0.01,0.02,0,AIPW,0.017051999999999568,0.015000000001236913,0.021000000000640284,0.009473333333333092
13,800,0.25,0.01,0.02,0,CCA,0.0022399999999786068,0.0020000000004074536,0.0030000000006111804,0.0012444444444325593
13,800,0.25,0.01,0.02,0,FCS-MI,4.358618000000001,4.315500000000611,5.065049999998701,2.4214544444444446
13,800,0.25,0.01,0.02,0,IPW,0.005846499999994989,0.005000000001018634,0.008050000001458056,0.003248055555552772
13,800,0.25,0.01,0.02,0,JM-MI,324.145027,330.8880000000001,363.9836500000001,180.0805705555556
13,800,0.25,0.01,0.02,0,Naive,0.0018339999999918636,0.0019999999999527063,0.0020000000004074536,0.0010188888888843688
14,800,0.5,0.01,0.02,0,AIPW,0.017390500000019956,0.01599999999962165,0.020999999997002305,0.009661388888899974
14,800,0.5,0.01,0.02,0,CCA,0.0024499999999964064,0.0020000000004074536,0.0030000000006111804,0.0013611111111091149
14,800,0.5,0.01,0.02,0,FCS-MI,4.746955500000013,4.891999999999825,5.420050000001902,2.637197500000007
14,800,0.5,0.01,0.02,0,IPW,0.0061844999999808295,0.005000000001018634,0.009000000001833541,0.003435833333322683
14,800,0.5,0.01,0.02,0,JM-MI,325.2631165,329.3204999999998,361.09930000000185,180.7017313888889
14,800,0.5,0.01,0.02,0,Naive,0.001882500000000804,0.0020000000004074536,0.0020000000004074536,0.00104583333333378
15,800,0.65,0.01,0.02,0,AIPW,0.020049500000014802,0.017000000001644366,0.023000000001047738,0.011138611111119334
15,800,0.65,0.01,0.02,0,CCA,0.0028679999999793606,0.0029999999999290594,0.004000000000814907,0.0015933333333218668
15,800,0.65,0.01,0.02,0,FCS-MI,5.441975500000015,5.500500000000102,6.016049999999847,3.02331972222223
15,800,0.65,0.01,0.02,0,IPW,0.0073289999999946644,0.006000000001222361,0.011999999998852219,0.004071666666663702
15,800,0.65,0.01,0.02,0,JM-MI,343.9763075,345.1720000000005,363.1480500000011,191.09794861111112
15,800,0.65,0.01,0.02,0,Naive,0.002165000000030092,0.0020000000004074536,0.0030000000006111804,0.0012027777777944956
16,1500,0.25,0.01,0.02,0,AIPW,0.03783349999988576,0.023999999997613486,0.19799999999704596,0.021018611111047643
16,1500,0.25,0.01,0.02,0,CCA,0.0045939999999305,0.0020000000004074536,0.0030000000042491592,0.002552222222183611
16,1500,0.25,0.01,0.02,0,FCS-MI,6.001701500000041,6.034500000003391,6.919999999998254,3.334278611111134
16,1500,0.25,0.01,0.02,0,IPW,0.011719000000119195,0.007000000001426088,0.015050000001156104,0.006510555555621775
16,1500,0.25,0.01,0.02,0,JM-MI,635.188096,649.7909999999997,684.9331499999965,352.88227555555557
16,1500,0.25,0.01,0.02,0,Naive,0.005855499999998618,0.0020000000004074536,0.0049999999999954525,0.003253055555554788
17,1500,0.5,0.01,0.02,0,AIPW,0.039138499999959324,0.02400000000034197,0.16700000000003,0.021743611111088513
17,1500,0.5,0.01,0.02,0,CCA,0.004062499999984398,0.0029999999969732016,0.0030000000042491592,0.0022569444444357767
17,1500,0.5,0.01,0.02,0,FCS-MI,6.419239499999976,6.4394999999985885,7.403349999999364,3.5662441666666527
17,1500,0.5,0.01,0.02,0,IPW,0.016666000000002783,0.007999999997991836,0.04299999999802822,0.009258888888890435
17,1500,0.5,0.01,0.02,0,JM-MI,629.9551680000001,641.7055,678.1215499999986,349.97509333333335
17,1500,0.5,0.01,0.02,0,Naive,0.004412999999979098,0.0020000000004074536,0.0030000000006111804,0.0024516666666550544
18,1500,0.65,0.01,0.02,0,AIPW,0.0316255000000034,0.023000000001047738,0.033000000001356965,0.01756972222222411
18,1500,0.65,0.01,0.02,0,CCA,0.0035199999999985807,0.0020000000004074536,0.0039999999971769284,0.001955555555554767
18,1500,0.65,0.01,0.02,0,FCS-MI,6.193166999999946,5.9979999999995925,7.451050000000021,3.440648333333303
18,1500,0.65,0.01,0.02,0,IPW,0.009304500000020255,0.007000000001426088,0.011000000002240995,0.00516916666667792
18,1500,0.65,0.01,0.02,0,JM-MI,568.7844505,588.844000000001,644.5079500000013,315.9913613888889
18,1500,0.65,0.01,0.02,0,Naive,0.0031490000000652615,0.0020000000004074536,0.0030000000006111804,0.001749444444480701
19,500,0.25,0.01,0.05,0,AIPW,0.019568999999977847,0.014000000000123691,0.03499999999985448,0.01087166666665436
19,500,0.25,0.01,0.05,0,CCA,0.002992999999981395,0.003000000000156433,0.0030000000006111804,0.0016627777777674419
19,500,0.25,0.01,0.05,0,FCS-MI,4.557439999999999,4.515000000000327,4.8721000000000565,2.5319111111111106
19,500,0.25,0.01,0.05,0,IPW,0.00710300000002681,0.0059999999994033715,0.021000000000640284,0.0039461111111260055
19,500,0.25,0.01,0.05,0,JM-MI,218.228079,218.47350000000006,219.4371000000001,121.23782166666666
19,500,0.25,0.01,0.05,0,Naive,0.0023935000000282706,0.0020000000004074536,0.0030000000006111804,0.001329722222237928
20,500,0.5,0.01,0.05,0,AIPW,0.01918949999999933,0.014000000001033186,0.03600000000005821,0.01066083333333296
20,500,0.5,0.01,0.05,0,CCA,0.0032644999999735308,0.003000000000156433,0.004000000000814907,0.001813611111096406
20,500,0.5,0.01,0.05,0,FCS-MI,4.758114499999981,4.721000000000686,5.089149999999972,2.643396944444434
20,500,0.5,0.01,0.05,0,IPW,0.008126500000010339,0.006000000000312866,0.027000000001862645,0.004514722222227966
20,500,0.5,0.01,0.05,0,JM-MI,216.5785475,216.5860000000007,218.78350000000054,120.32141527777779
20,500,0.5,0.01,0.05,0,Naive,0.0023730000000199225,0.0020000000004074536,0.0030000000006111804,0.0013183333333444014
21,500,0.65,0.01,0.05,0,AIPW,0.01989949999999669,0.014000000002852175,0.037000000000261934,0.01105527777777594
21,500,0.65,0.01,0.05,0,CCA,0.003305500000022877,0.0030000000006111804,0.004000000000814907,0.0018363888889015984
21,500,0.65,0.01,0.05,0,FCS-MI,5.034178499999985,5.006999999999607,5.465050000000156,2.796765833333325
21,500,0.65,0.01,0.05,0,IPW,0.008184500000009975,0.006000000001222361,0.027999999998507975,0.004546944444449987
21,500,0.65,0.01,0.05,0,JM-MI,215.7185375,215.7560000000003,216.7480500000005,119.84363194444445
21,500,0.65,0.01,0.05,0,Naive,0.002492499999982152,0.0020000000004074536,0.0030000000006111804,0.0013847222222123066
22,800,0.25,0.01,0.05,0,AIPW,0.021106999999993947,0.018000000000029104,0.024050000004535787,0.011726111111107747
22,800,0.25,0.01,0.05,0,CCA,0.002758500000036045,0.0029999999997016857,0.0030000000042491592,0.001532500000020025
22,800,0.25,0.01,0.05,0,FCS-MI,5.1869239999999674,5.181000000000495,5.700149999999803,2.881624444444426
22,800,0.25,0.01,0.05,0,IPW,0.007187000000017008,0.006000000001222361,0.010999999999967258,0.003992777777787226
22,800,0.25,0.01,0.05,0,JM-MI,349.824814,346.0350000000001,378.9923499999983,194.3471188888889
22,800,0.25,0.01,0.05,0,Naive,0.0022670000000157434,0.0020000000004074536,0.0030000000006111804,0.0012594444444531908
23,800,0.5,0.01,0.05,0,AIPW,0.020012499999994333,0.018000000000029104,0.023000000001047738,0.011118055555552408
23,800,0.5,0.01,0.05,0,CCA,0.002894499999966592,0.0029999999999290594,0.004000000000814907,0.0016080555555369957
23,800,0.5,0.01,0.05,0,FCS-MI,5.476253000000029,5.479499999999462,6.019050000000027,3.042362777777794
23,800,0.5,0.01,0.05,0,IPW,0.0076159999999769355,0.006000000001222361,0.012000000000625732,0.004231111111098297
23,800,0.5,0.01,0.05,0,JM-MI,346.5962875,342.3934999999992,375.1603999999999,192.55349305555558
23,800,0.5,0.01,0.05,0,Naive,0.0022560000000081157,0.0020000000004074536,0.0030000000006111804,0.001253333333337842
24,800,0.65,0.01,0.05,0,AIPW,0.019710999999999985,0.018000000000029104,0.023000000001047738,0.010950555555555547
24,800,0.65,0.01,0.05,0,CCA,0.0029199999999952415,0.003000000000156433,0.004000000000814907,0.0016222222222195787
24,800,0.65,0.01,0.05,0,FCS-MI,5.54907549999995,5.640000000001237,6.155149999999969,3.0828197222221942
24,800,0.65,0.01,0.05,0,IPW,0.007500000000042803,0.006999999997788109,0.012000000000170985,0.004166666666690446
24,800,0.65,0.01,0.05,0,JM-MI,339.1127875,341.26149999999916,371.4093000000024,188.39599305555558
24,800,0.65,0.01,0.05,0,Naive,0.002285499999990983,0.0020000000004074536,0.0030000000006111804,0.0012697222222172128
25,1500,0.25,0.01,0.05,0,AIPW,0.031866999999927544,0.01999999999679858,0.12504999999999877,0.017703888888848635
25,1500,0.25,0.01,0.05,0,CCA,0.0032124999999878843,0.0020000000004074536,0.0030000000006111804,0.0017847222222154913
25,1500,0.25,0.01,0.05,0,FCS-MI,5.048451500000024,4.784499999999753,6.663050000000009,2.804695277777791
25,1500,0.25,0.01,0.05,0,IPW,0.009977500000016222,0.006000000001222361,0.012000000000625732,0.005543055555564567
25,1500,0.25,0.01,0.05,0,JM-MI,530.117142,511.4134999999985,649.5899,294.50952333333333
25,1500,0.25,0.01,0.05,0,Naive,0.0040264999999648395,0.0020000000004074536,0.0030000000006111804,0.0022369444444249108
26,1500,0.5,0.01,0.05,0,AIPW,0.030176500000063583,0.020000000000436557,0.05014999999996221,0.016764722222257545
26,1500,0.5,0.01,0.05,0,CCA,0.0027519999999810747,0.0020000000004074536,0.0030000000042491592,0.0015288888888783747
26,1500,0.5,0.01,0.05,0,FCS-MI,5.330651000000035,5.070999999999913,7.20419999999973,2.9614727777777974
26,1500,0.5,0.01,0.05,0,IPW,0.011210999999961871,0.006000000001222361,0.02009999999718266,0.00622833333331215
26,1500,0.5,0.01,0.05,0,JM-MI,520.9160405,498.9419999999991,640.3144500000002,289.3978002777778
26,1500,0.5,0.01,0.05,0,Naive,0.0031479999999523096,0.001999999999497959,0.0029999999999290594,0.0017488888888623944
27,1500,0.65,0.01,0.05,0,AIPW,0.03593499999995629,0.02500000000145519,0.06205000000163632,0.019963888888864606
27,1500,0.65,0.01,0.05,0,CCA,0.0038819999999875625,0.002999999998792191,0.0039999999999054126,0.002156666666659757
27,1500,0.65,0.01,0.05,0,FCS-MI,6.733447000000078,6.62250000000131,8.058449999999993,3.7408038888889323
27,1500,0.65,0.01,0.05,0,IPW,0.009816999999968573,0.007999999999810825,0.012999999999055946,0.005453888888871429
27,1500,0.65,0.01,0.05,0,JM-MI,606.025726,602.6625000000004,680.7814999999979,336.6809588888889
27,1500,0.65,0.01,0.05,0,Naive,0.0033724999999681007,0.0020000000004074536,0.0030000000006111804,0.0018736111110933893
28,500,0.25,0.01,0.1,0,AIPW,0.020093500000010964,0.014999999999417923,0.03600000000005821,0.011163055555561645
28,500,0.25,0.01,0.1,0,CCA,0.0030294999999747425,0.003000000000156433,0.003999999999908255,0.0016830555555415235
28,500,0.25,0.01,0.1,0,FCS-MI,4.637573499999994,4.680499999999938,5.255000000000002,2.576429722222219
28,500,0.25,0.01,0.1,0,IPW,0.007731499999991954,0.006000000000312866,0.02499999999964757,0.004295277777773308
28,500,0.25,0.01,0.1,0,JM-MI,215.253192,220.02999999999884,223.50115000000022,119.58510666666668
28,500,0.25,0.01,0.1,0,Naive,0.002457000000035539,0.0020000000004074536,0.0030000000006111804,0.0013650000000197436
29,500,0.5,0.01,0.1,0,AIPW,0.020415500000021482,0.014999999999417923,0.036999999996714904,0.01134194444445638
29,500,0.5,0.01,0.1,0,CCA,0.0033114999999895706,0.0030000000006111804,0.004000000000814907,0.0018397222222164282
29,500,0.5,0.01,0.1,0,FCS-MI,4.991169500000031,4.950499999998646,5.403050000000235,2.7728719444444616
29,500,0.5,0.01,0.1,0,IPW,0.007958999999986801,0.006000000001222361,0.026999999998304245,0.004421666666659334
29,500,0.5,0.01,0.1,0,JM-MI,218.70885549999997,218.6495000000009,221.58390000000045,121.50491972222221
29,500,0.5,0.01,0.1,0,Naive,0.002497500000001935,0.0020000000004074536,0.0030000000006111804,0.001387500000001075
30,500,0.65,0.01,0.1,0,AIPW,0.020409000000054037,0.014999999999417923,0.03600000000005821,0.011338333333363353
30,500,0.65,0.01,0.1,0,CCA,0.003485499999984714,0.0030000000006111804,0.004000000000814907,0.0019363888888803964
30,500,0.65,0.01,0.1,0,FCS-MI,5.0935105,5.076499999999214,5.473049999999967,2.829728055555555
30,500,0.65,0.01,0.1,0,IPW,0.008398499999989411,0.006000000001222361,0.028999999999564353,0.004665833333327451
30,500,0.65,0.01,0.1,0,JM-MI,217.6996255,217.5119999999988,220.4358499999992,120.94423638888888
30,500,0.65,0.01,0.1,0,Naive,0.002578000000029581,0.0020000000004074536,0.0030000000006111804,0.0014322222222386562
31,800,0.25,0.01,0.1,0,AIPW,0.02091999999998751,0.018000000000029104,0.02399999999989291,0.011622222222215284
31,800,0.25,0.01,0.1,0,CCA,0.0029159999999810414,0.0029999999997016857,0.0039999999971769284,0.0016199999999894673
31,800,0.25,0.01,0.1,0,FCS-MI,5.282803499999989,5.3804999999993015,5.950000000000079,2.9348908333333275
31,800,0.25,0.01,0.1,0,IPW,0.007249500000012801,0.006000000001222361,0.011000000002240995,0.004027500000007112
31,800,0.25,0.01,0.1,0,JM-MI,349.3462105,347.8275000000003,398.2436000000016,194.08122805555556
31,800,0.25,0.01,0.1,0,Naive,0.002263500000049745,0.0020000000004074536,0.0030000000006111804,0.001257500000027636
32,800,0.5,0.01,0.1,0,AIPW,0.02083749999998216,0.018000000000029104,0.023000000001047738,0.011576388888878976
32,800,0.5,0.01,0.1,0,CCA,0.0029260000000023772,0.003000000000156433,0.004000000000382897,0.001625555555556876
32,800,0.5,0.01,0.1,0,FCS-MI,5.519843500000014,5.506999999998698,6.123050000000034,3.0665797222222304
32,800,0.5,0.01,0.1,0,IPW,0.007532500000042347,0.006000000001222361,0.011999999998806743,0.004184722222245749
32,800,0.5,0.01,0.1,0,JM-MI,350.9645845,344.5514999999996,372.9300500000001,194.9803247222222
32,800,0.5,0.01,0.1,0,Naive,0.002305999999979511,0.0020000000004074536,0.0030000000006111804,0.0012811111110997283
33,800,0.65,0.01,0.1,0,AIPW,0.020081499999993042,0.018000000000029104,0.023000000001047738,0.011156388888885023
33,800,0.65,0.01,0.1,0,CCA,0.003075000000006563,0.0030000000006111804,0.004000000000814907,0.0017083333333369794
33,800,0.65,0.01,0.1,0,FCS-MI,5.652315499999998,5.632999999998901,6.139149999999244,3.1401752777777765
33,800,0.65,0.01,0.1,0,IPW,0.007723499999992299,0.006999999997788109,0.012000000000716682,0.004290833333329055
33,800,0.65,0.01,0.1,0,JM-MI,350.0272785,342.49749999999995,369.01004999999856,194.45959916666672
33,800,0.65,0.01,0.1,0,Naive,0.0024074999999762242,0.0020000000004074536,0.0030000000006111804,0.001337499999986791
34,1500,0.25,0.01,0.1,0,AIPW,0.03957050000004279,0.02500000000145519,0.17205000000002424,0.02198361111113488
34,1500,0.25,0.01,0.1,0,CCA,0.004648500000026001,0.0020000000004074536,0.0030000000042491592,0.0025825000000144448
34,1500,0.25,0.01,0.1,0,FCS-MI,6.296885000000024,6.370999999999185,7.1240500000002385,3.4982694444444578
34,1500,0.25,0.01,0.1,0,IPW,0.013448499999920784,0.0070000000050640665,0.0350500000033207,0.00747138888884488
34,1500,0.25,0.01,0.1,0,JM-MI,641.0345880000001,647.847,695.5213499999995,356.13032666666663
34,1500,0.25,0.01,0.1,0,Naive,0.0070174999999119405,0.0020000000004074536,0.005000000001200533,0.003898611111062189
35,1500,0.5,0.01,0.1,0,AIPW,0.0359725000000343,0.023000000001047738,0.1561000000000603,0.019984722222241277
35,1500,0.5,0.01,0.1,0,CCA,0.003661999999964475,0.0020000000004074536,0.0030000000042491592,0.0020344444444247082
35,1500,0.5,0.01,0.1,0,FCS-MI,6.0912285000000566,5.89049999999952,7.287000000000046,3.3840158333333648
35,1500,0.5,0.01,0.1,0,IPW,0.01481250000003979,0.007000000000516593,0.040000000000873115,0.008229166666688773
35,1500,0.5,0.01,0.1,0,JM-MI,607.22826,581.4974999999977,701.6921500000026,337.34903333333335
35,1500,0.5,0.01,0.1,0,Naive,0.004024500000036559,0.0020000000004074536,0.0029999999997016857,0.0022358333333536437
36,1500,0.65,0.01,0.1,0,AIPW,0.03131899999998115,0.02299999999740976,0.049999999999272404,0.01739944444443397
36,1500,0.65,0.01,0.1,0,CCA,0.0032540000000365345,0.0020000000004074536,0.0030000000042491592,0.0018077777777980746
36,1500,0.65,0.01,0.1,0,FCS-MI,5.987623999999964,5.8879999999990105,7.157999999999447,3.3264577777777573
36,1500,0.65,0.01,0.1,0,IPW,0.009012999999962234,0.006999999997788109,0.010000000002037268,0.0050072222222012405
36,1500,0.65,0.01,0.1,0,JM-MI,565.7207555000001,551.5535000000004,693.7068499999999,314.28930861111115
36,1500,0.65,0.01,0.1,0,Naive,0.0027804999999952187,0.0020000000004074536,0.0020000000004074536,0.0015447222222195658
37,500,0.25,0.05,0,0,AIPW,0.01737749999994557,0.012999999999919964,0.030999999999994542,0.009654166666636427
37,500,0.25,0.05,0,0,CCA,0.002613500000008566,0.0020000000004074536,0.0030000000006111804,0.0014519444444492033
37,500,0.25,0.05,0,0,FCS-MI,4.1266739999999915,4.281999999999243,4.660050000000027,2.292596666666662
37,500,0.25,0.05,0,0,IPW,0.006289000000018774,0.005000000000109139,0.018999999999323336,0.003493888888899319
37,500,0.25,0.05,0,0,JM-MI,217.651325,239.97199999999975,241.91455000000065,120.91740277777778
37,500,0.25,0.05,0,0,Naive,0.0020855000000059754,0.0020000000004074536,0.0020000000004074536,0.0011586111111144307
38,500,0.5,0.05,0,0,AIPW,0.01922150000001831,0.013000000002648449,0.03299999999944703,0.010678611111121283
38,500,0.5,0.05,0,0,CCA,0.0029484999999819777,0.0030000000000427463,0.0030000000006111804,0.0016380555555455434
38,500,0.5,0.05,0,0,FCS-MI,4.626627500000005,4.606499999999869,4.916050000000064,2.570348611111114
38,500,0.5,0.05,0,0,IPW,0.007266999999991541,0.0059999999994033715,0.025000000000591174,0.004037222222217522
38,500,0.5,0.05,0,0,JM-MI,238.70585200000002,238.84600000000057,240.0181,132.61436222222224
38,500,0.5,0.05,0,0,Naive,0.0021935000000252503,0.0020000000004074536,0.0029999999997016857,0.0012186111111251391
39,500,0.65,0.05,0,0,AIPW,0.017421999999965437,0.012999999999919964,0.031000000002677552,0.009678888888869686
39,500,0.65,0.05,0,0,CCA,0.002862499999978485,0.0029999999997016857,0.0030000000006111804,0.001590277777765825
39,500,0.65,0.05,0,0,FCS-MI,4.400606000000019,4.522999999999229,4.904999999999984,2.4447811111111215
39,500,0.65,0.05,0,0,IPW,0.007019000000003814,0.005000000001018634,0.023000000001047738,0.0038994444444465635
39,500,0.65,0.05,0,0,JM-MI,219.86504299999999,221.4985000000015,238.30665000000047,122.14724611111112
39,500,0.65,0.05,0,0,Naive,0.0021304999999814623,0.0020000000004074536,0.0029999999997016857,0.0011836111111008126
40,800,0.25,0.05,0,0,AIPW,0.017728500000034928,0.01599999999780266,0.021000000000640284,0.00984916666668607
40,800,0.25,0.05,0,0,CCA,0.0022960000000222477,0.0020000000004074536,0.0030000000006111804,0.0012755555555679153
40,800,0.25,0.05,0,0,FCS-MI,4.431300499999951,4.332000000000107,5.842250000000513,2.461833611111084
40,800,0.25,0.05,0,0,IPW,0.005988499999986317,0.005000000001018634,0.009000000000014552,0.003326944444436843
40,800,0.25,0.05,0,0,JM-MI,323.166304,322.4425,333.2569000000029,179.5368355555556
40,800,0.25,0.05,0,0,Naive,0.0019494999999933476,0.0020000000004074536,0.0029999999969732016,0.0010830555555518598
41,800,0.5,0.05,0,0,AIPW,0.019169999999972903,0.016999999999825377,0.023000000000138243,0.010649999999984946
41,800,0.5,0.05,0,0,CCA,0.002635000000004997,0.0029999999969732016,0.0030000000042491592,0.0014638888888916651
41,800,0.5,0.05,0,0,FCS-MI,5.071023500000066,5.04700000000048,5.892050000000052,2.8172352777778142
41,800,0.5,0.05,0,0,IPW,0.006807500000007764,0.005999999999858119,0.01099999999951251,0.0037819444444487575
41,800,0.5,0.05,0,0,JM-MI,336.27644599999996,342.7784999999993,366.53770000000026,186.82024777777775
41,800,0.5,0.05,0,0,Naive,0.0020835000000022914,0.0020000000004074536,0.0030000000006111804,0.001157500000001273
42,800,0.65,0.05,0,0,AIPW,0.02043050000001446,0.018000000000029104,0.023000000001047738,0.011350277777785812
42,800,0.65,0.05,0,0,CCA,0.0029969999999833715,0.003000000000156433,0.004000000000814907,0.001664999999990762
42,800,0.65,0.05,0,0,FCS-MI,5.622589500000018,5.6159999999999854,6.127050000000372,3.123660833333343
42,800,0.65,0.05,0,0,IPW,0.0077905000000722,0.006999999997788109,0.012999999999919964,0.004328055555595667
42,800,0.65,0.05,0,0,JM-MI,348.27683499999995,342.2525000000005,364.98630000000014,193.48713055555552
42,800,0.65,0.05,0,0,Naive,0.0022904999999961632,0.0020000000004074536,0.0030000000006111804,0.0012724999999978684
43,1500,0.25,0.05,0,0,AIPW,0.039023999999983,0.02599999999802094,0.15019999999997805,0.021679999999990558
43,1500,0.25,0.05,0,0,CCA,0.0038280000000698597,0.0020000000004074536,0.0030000000042491592,0.002126666666705478
43,1500,0.25,0.05,0,0,FCS-MI,6.409470499999912,6.451000000000931,7.073200000000315,3.560816944444396
43,1500,0.25,0.05,0,0,IPW,0.01248900000004096,0.007999999999810825,0.014000000000169165,0.006938333333356089
43,1500,0.25,0.05,0,0,JM-MI,645.1311910000001,647.0369999999984,687.8461999999978,358.40621722222227
43,1500,0.25,0.05,0,0,Naive,0.0052310000000032764,0.0020000000004074536,0.00400000000005889,0.0029061111111129316
44,1500,0.5,0.05,0,0,AIPW,0.04044500000005257,0.02500000000145519,0.16905000000008952,0.02246944444447365
44,1500,0.5,0.05,0,0,CCA,0.004326500000010584,0.0029999999969732016,0.0030000000042491592,0.002403611111116991
44,1500,0.5,0.05,0,0,FCS-MI,6.373801499999918,6.732500000000073,7.427999999999894,3.5410008333332876
44,1500,0.5,0.05,0,0,IPW,0.016503999999943175,0.007999999999810825,0.04404999999824208,0.00916888888885732
44,1500,0.5,0.05,0,0,JM-MI,592.5078375,634.6124999999995,672.0006499999986,329.1710208333334
44,1500,0.5,0.05,0,0,Naive,0.0053385000000230175,0.0020000000004074536,0.0030000000042491592,0.0029658333333461204
45,1500,0.65,0.05,0,0,AIPW,0.02921350000001294,0.02200000000084401,0.036999999996623956,0.016229722222229414
45,1500,0.65,0.05,0,0,CCA,0.003241999999982188,0.0020000000004074536,0.004000000000814907,0.0018011111111012157
45,1500,0.65,0.05,0,0,FCS-MI,6.19136450000002,5.463500000000295,9.122100000003048,3.4396469444444553
45,1500,0.65,0.05,0,0,IPW,0.009194499999900786,0.006999999999607098,0.012000000002444722,0.005108055555500436
45,1500,0.65,0.05,0,0,JM-MI,554.2006085,522.0885000000017,663.7122999999996,307.8892269444445
45,1500,0.65,0.05,0,0,Naive,0.0024680000000484722,0.0020000000004074536,0.0030000000042491592,0.0013711111111380401
46,500,0.25,0.05,0.02,0,AIPW,0.01782700000000503,0.014000000000010004,0.03400000000156069,0.009903888888891682
46,500,0.25,0.05,0.02,0,CCA,0.0029099999999944513,0.002999999998792191,0.0030000000006111804,0.001616666666663584
46,500,0.25,0.05,0.02,0,FCS-MI,4.18677449999998,4.568999999999505,5.058100000000058,2.325985833333322
46,500,0.25,0.05,0.02,0,IPW,0.006793499999999895,0.005999999997584382,0.01900000000023283,0.0037741666666666084
46,500,0.25,0.05,0.02,0,JM-MI,200.80091000000002,218.13350000000082,219.36285000000012,111.55606111111113
46,500,0.25,0.05,0.02,0,Naive,0.002335500000002737,0.0020000000004074536,0.0030000000006111804,0.0012975000000015203
47,500,0.5,0.05,0.02,0,AIPW,0.019387499999992883,0.014000000001033186,0.03600000000005821,0.01077083333332938
47,500,0.5,0.05,0.02,0,CCA,0.003158000000014336,0.0030000000006111804,0.0040000000000009585,0.0017544444444524089
47,500,0.5,0.05,0.02,0,FCS-MI,4.910119500000003,4.889499999999771,5.289250000000629,2.727844166666668
47,500,0.5,0.05,0.02,0,IPW,0.007754500000000149,0.006000000000312866,0.027000000000043656,0.004308055555555639
47,500,0.5,0.05,0.02,0,JM-MI,216.394426,216.89999999999873,217.8514499999996,120.21912555555556
47,500,0.5,0.05,0.02,0,Naive,0.002477000000005237,0.0020000000004074536,0.0030000000006111804,0.0013761111111140205
48,500,0.65,0.05,0.02,0,AIPW,0.017731000000005777,0.014000000000123691,0.03500000000033196,0.009850555555558766
48,500,0.65,0.05,0.02,0,CCA,0.002954500000004471,0.0029999999999290594,0.0039999999999054126,0.0016413888888913728
48,500,0.65,0.05,0.02,0,FCS-MI,4.481876499999998,4.824000000000524,5.298199999998905,2.4899313888888877
48,500,0.65,0.05,0.02,0,IPW,0.007113500000017268,0.0059999999994033715,0.02099999999886677,0.003951944444454038
48,500,0.65,0.05,0.02,0,JM-MI,199.771594,215.74149999999918,217.30605000000045,110.98421888888888
48,500,0.65,0.05,0.02,0,Naive,0.0021835000000007456,0.0020000000004074536,0.0030000000006111804,0.0012130555555559697
49,800,0.25,0.05,0.02,0,AIPW,0.019628999999962305,0.018000000000029104,0.023999999999432475,0.010904999999979058
49,800,0.25,0.05,0.02,0,CCA,0.0026309999999797455,0.0029999999969732016,0.0030000000042491592,0.0014616666666554142
49,800,0.25,0.05,0.02,0,FCS-MI,5.007669500000013,5.144500000000107,5.555199999998604,2.782038611111118
49,800,0.25,0.05,0.02,0,IPW,0.0069840000000288,0.006000000000312866,0.01099999999951251,0.003880000000016
49,800,0.25,0.05,0.02,0,JM-MI,340.72997050000004,349.66100000000006,355.92014999999844,189.29442805555556
49,800,0.25,0.05,0.02,0,Naive,0.002171999999997626,0.0020000000004074536,0.0030000000006111804,0.0012066666666653476
50,800,0.5,0.05,0.02,0,AIPW,0.020168499999953383,0.018000000000029104,0.023999999997613486,0.011204722222196324
50,800,0.5,0.05,0.02,0,CCA,0.002887500000013766,0.0029999999999290594,0.004000000000814907,0.0016041666666743145
50,800,0.5,0.05,0.02,0,FCS-MI,5.421820999999947,5.408999999999651,5.766999999999833,3.0121227777777486
50,800,0.5,0.05,0.02,0,IPW,0.0074045000000016615,0.006000000001222361,0.011999999998806743,0.004113611111112034
50,800,0.5,0.05,0.02,0,JM-MI,348.44321300000007,348.2950000000001,352.7874500000038,193.57956277777782
50,800,0.5,0.05,0.02,0,Naive,0.0022520000000034266,0.0020000000004074536,0.0030000000006111804,0.001251111111113015
51,800,0.65,0.05,0.02,0,AIPW,0.020310500000031255,0.018000000000029104,0.023999999997613486,0.011283611111128475
51,800,0.65,0.05,0.02,0,CCA,0.002968999999974784,0.003000000000156433,0.004000000000814907,0.0016494444444304355
51,800,0.65,0.05,0.02,0,FCS-MI,5.56954300000001,5.554000000000087,5.908049999999889,3.0941905555555613
51,800,0.65,0.05,0.02,0,IPW,0.007624000000014093,0.006999999997788109,0.011999999999716238,0.004235555555563385
51,800,0.65,0.05,0.02,0,JM-MI,346.6066745,346.5119999999988,351.1782999999995,192.55926361111108
51,800,0.65,0.05,0.02,0,Naive,0.0022295000000002126,0.0020000000004074536,0.0030000000006111804,0.001238611111111229
52,1500,0.25,0.05,0.02,0,AIPW,0.04028600000000699,0.024000000001251465,0.21409999999996207,0.022381111111114998
52,1500,0.25,0.05,0.02,0,CCA,0.005054500000012104,0.0020000000004074536,0.0030000000042491592,0.0028080555555622796
52,1500,0.25,0.05,0.02,0,FCS-MI,6.0671930000000085,6.246999999999389,6.771200000000612,3.3706627777777824
52,1500,0.25,0.05,0.02,0,IPW,0.015354999999994788,0.007999999994353857,0.04105000000072319,0.00853055555555266
52,1500,0.25,0.05,0.02,0,JM-MI,609.8010205,623.1750000000011,659.6171500000014,338.7783447222222
52,1500,0.25,0.05,0.02,0,Naive,0.00745899999995726,0.0020000000004074536,0.0049999999999954525,0.004143888888865144
53,1500,0.5,0.05,0.02,0,AIPW,0.04899349999994786,0.02599999999802094,0.2751000000013845,0.027218611111082144
53,1500,0.5,0.05,0.02,0,CCA,0.005677499999991228,0.0029999999969732016,0.004000000000814907,0.003154166666661793
53,1500,0.5,0.05,0.02,0,FCS-MI,6.72907649999999,6.710000000000036,7.537250000000221,3.7383758333333277
53,1500,0.5,0.05,0.02,0,IPW,0.01917650000002544,0.008000000001629815,0.047000000000025466,0.010653611111125245
53,1500,0.5,0.05,0.02,0,JM-MI,618.652447,614.8535000000011,636.9695500000033,343.6958038888889
53,1500,0.5,0.05,0.02,0,Naive,0.006271499999996186,0.0020000000004074536,0.0030000000042491592,0.003484166666664548
54,1500,0.65,0.05,0.02,0,AIPW,0.034964999999925195,0.02500000000145519,0.04410000000157188,0.019424999999958444
54,1500,0.65,0.05,0.02,0,CCA,0.004100500000069351,0.0029999999969732016,0.004000000000814907,0.002278055555594084
54,1500,0.65,0.05,0.02,0,FCS-MI,6.587084499999991,6.690000000002328,7.952450000001079,3.659491388888884
54,1500,0.65,0.05,0.02,0,IPW,0.011208500000121547,0.007999999999810825,0.013000000006286427,0.0062269444445119705
54,1500,0.65,0.05,0.02,0,JM-MI,583.0469775,607.7670000000003,649.942649999999,323.9149875
54,1500,0.65,0.05,0.02,0,Naive,0.0035319999999491804,0.0020000000004074536,0.0030000000042491592,0.001962222222193989
55,500,0.25,0.05,0.05,0,AIPW,0.01498649999998939,0.01099999999951251,0.02599999999983993,0.00832583333332744
55,500,0.25,0.05,0.05,0,CCA,0.0024955000000171155,0.0020000000004074536,0.0030000000006111804,0.0013863888888983977
55,500,0.25,0.05,0.05,0,FCS-MI,3.4883104999999683,3.3000000000006366,4.544700000000306,1.9379502777777602
55,500,0.25,0.05,0.05,0,IPW,0.005821999999980761,0.004000000000814907,0.018000000000029104,0.0032344444444337562
55,500,0.25,0.05,0.05,0,JM-MI,173.34126600000002,161.46900000000005,219.1724499999999,96.30070333333335
55,500,0.25,0.05,0.05,0,Naive,0.0018540000000114123,0.0019999999999527063,0.0020000000004074536,0.00103000000000634
56,500,0.5,0.05,0.05,0,AIPW,0.014571500000001165,0.010000000000218279,0.02599999999983993,0.008095277777778425
56,500,0.5,0.05,0.05,0,CCA,0.0022734999999945125,0.0020000000004074536,0.0030000000006111804,0.001263055555552507
56,500,0.5,0.05,0.05,0,FCS-MI,3.469786000000002,3.415000000000873,3.9702999999999995,1.92765888888889
56,500,0.5,0.05,0.05,0,IPW,0.005755000000002724,0.004000000000814907,0.019999999999527063,0.0031972222222237355
56,500,0.5,0.05,0.05,0,JM-MI,163.92305149999999,160.41049999999996,184.06794999999983,91.06836194444445
56,500,0.5,0.05,0.05,0,Naive,0.0017210000000146934,0.0019999999985884642,0.0020000000004074536,9.561111111192741e-4
57,500,0.65,0.05,0.05,0,AIPW,0.014016500000020884,0.010000000000218279,0.02599999999983993,0.007786944444456046
57,500,0.65,0.05,0.05,0,CCA,0.002306500000009532,0.0020000000004074536,0.0030000000006111804,0.0012813888888941842
57,500,0.65,0.05,0.05,0,FCS-MI,3.5181629999999853,3.4020000000000437,4.19554999999973,1.9545349999999917
57,500,0.65,0.05,0.05,0,IPW,0.00550349999996628,0.004000000000814907,0.018000000000029104,0.0030574999999812666
57,500,0.65,0.05,0.05,0,JM-MI,169.715069,163.53700000000003,203.29920000000084,94.28614944444443
57,500,0.65,0.05,0.05,0,Naive,0.0017344999999986193,0.0019999999985884642,0.0020000000004074536,9.636111111103441e-4
58,800,0.25,0.05,0.05,0,AIPW,0.016390499999986218,0.014000000000123691,0.01900000000023283,0.009105833333325677
58,800,0.25,0.05,0.05,0,CCA,0.002172500000012802,0.0020000000004074536,0.0030000000006111804,0.0012069444444515569
58,800,0.25,0.05,0.05,0,FCS-MI,4.149232500000007,4.126499999999851,4.515099999999439,2.3051291666666707
58,800,0.25,0.05,0.05,0,IPW,0.005731500000029854,0.005000000000109139,0.008000000001629815,0.003184166666683252
58,800,0.25,0.05,0.05,0,JM-MI,305.688766,304.1265000000003,324.71075000000263,169.82709222222223
58,800,0.25,0.05,0.05,0,Naive,0.0017839999999765402,0.001999999999497959,0.0020000000004074536,9.91111111098078e-4
59,800,0.5,0.05,0.05,0,AIPW,0.01702350000000959,0.01599999999962165,0.021000000000640284,0.009457500000005328
59,800,0.5,0.05,0.05,0,CCA,0.002432499999993407,0.0020000000004074536,0.0030000000006111804,0.0013513888888852263
59,800,0.5,0.05,0.05,0,FCS-MI,4.639136000000016,4.4364999999993415,5.4330999999991265,2.577297777777787
59,800,0.5,0.05,0.05,0,IPW,0.006266499999924434,0.005000000001018634,0.009000000001833541,0.003481388888846908
59,800,0.5,0.05,0.05,0,JM-MI,318.65774350000004,305.1990000000005,358.7515499999998,177.03207972222225
59,800,0.5,0.05,0.05,0,Naive,0.0019129999999773872,0.0020000000004074536,0.0030000000006111804,0.001062777777765215
60,800,0.65,0.05,0.05,0,AIPW,0.019106000000005053,0.016999999999825377,0.02200000000084401,0.010614444444447252
60,800,0.65,0.05,0.05,0,CCA,0.0028489999999945256,0.0029999999997016857,0.0039999999999054126,0.0015827777777747364
60,800,0.65,0.05,0.05,0,FCS-MI,5.457356500000006,5.437000000001717,5.786000000000058,3.0318647222222253
60,800,0.65,0.05,0.05,0,IPW,0.00726250000001852,0.006000000001222361,0.011000000000422006,0.004034722222232511
60,800,0.65,0.05,0.05,0,JM-MI,350.3372935,347.3624999999988,364.4834000000001,194.6318297222222
60,800,0.65,0.05,0.05,0,Naive,0.0021545000000185283,0.0020000000004074536,0.0030000000006111804,0.0011969444444547377
61,1500,0.25,0.05,0.05,0,AIPW,0.03867500000002139,0.024999999999636202,0.1600999999999714,0.02148611111112299
61,1500,0.25,0.05,0.05,0,CCA,0.004815499999994153,0.0020000000004074536,0.0030000000042491592,0.002675277777774529
61,1500,0.25,0.05,0.05,0,FCS-MI,6.265674000000021,6.35399999999936,6.660150000000226,3.4809300000000123
61,1500,0.25,0.05,0.05,0,IPW,0.011769000000071686,0.0070000000050640665,0.032049999999901456,0.006538333333373158
61,1500,0.25,0.05,0.05,0,JM-MI,655.4455055,660.2175000000025,690.0433999999979,364.1363919444444
61,1500,0.25,0.05,0.05,0,Naive,0.005161499999924561,0.0020000000004074536,0.004000000000019099,0.0028674999999580893
62,1500,0.5,0.05,0.05,0,AIPW,0.03770850000002247,0.024999999997817213,0.14509999999997936,0.020949166666679148
62,1500,0.5,0.05,0.05,0,CCA,0.0034335000000463964,0.0029999999969732016,0.0030000000042491592,0.0019075000000257757
62,1500,0.5,0.05,0.05,0,FCS-MI,6.551090500000008,6.534499999999753,6.923999999999978,3.6394947222222265
62,1500,0.5,0.05,0.05,0,IPW,0.015801999999968303,0.007999999997991836,0.04005000000070136,0.008778888888871279
62,1500,0.5,0.05,0.05,0,JM-MI,620.2206215,617.112000000001,638.0162999999999,344.56701194444446
62,1500,0.5,0.05,0.05,0,Naive,0.003396000000015662,0.0020000000004074536,0.0030000000006111804,0.0018866666666753679
63,1500,0.65,0.05,0.05,0,AIPW,0.03722800000005623,0.02599999999802094,0.064050000000293,0.02068222222225346
63,1500,0.65,0.05,0.05,0,CCA,0.0038634999999879027,0.0029999999969732016,0.0030000000042491592,0.002146388888882168
63,1500,0.65,0.05,0.05,0,FCS-MI,6.770016500000042,6.766999999999825,7.129099999999971,3.7611202777778012
63,1500,0.65,0.05,0.05,0,IPW,0.010253999999997689,0.007999999997991836,0.012000000002444722,0.005696666666665382
63,1500,0.65,0.05,0.05,0,JM-MI,613.7587995,611.3464999999997,625.835599999999,340.9771108333333
63,1500,0.65,0.05,0.05,0,Naive,0.0030925000000423886,0.0020000000004074536,0.0029999999999290594,0.0017180555555791047
64,500,0.25,0.05,0.1,0,AIPW,0.01896300000000038,0.014000000002852175,0.03599999999914871,0.010535000000000209
64,500,0.25,0.05,0.1,0,CCA,0.0030314999999957316,0.003000000000156433,0.0039999999999054126,0.0016841666666642953
64,500,0.25,0.05,0.1,0,FCS-MI,4.646933000000001,4.664000000000215,5.197999999999996,2.5816294444444443
64,500,0.25,0.05,0.1,0,IPW,0.007460000000021325,0.005999999999858119,0.024999999999636202,0.004144444444456291
64,500,0.25,0.05,0.1,0,JM-MI,220.80019650000003,222.933,224.12109999999925,122.66677583333335
64,500,0.25,0.05,0.1,0,Naive,0.0023940000000193494,0.0020000000004074536,0.0030000000006111804,0.0013300000000107497
65,500,0.5,0.05,0.1,0,AIPW,0.020182500000024577,0.014999999999417923,0.03600000000005821,0.011212500000013653
65,500,0.5,0.05,0.1,0,CCA,0.0033694999999696108,0.0030000000006111804,0.004000000000814907,0.0018719444444275615
65,500,0.5,0.05,0.1,0,FCS-MI,5.074552500000002,5.055000000000291,5.4909999999999854,2.819195833333335
65,500,0.5,0.05,0.1,0,IPW,0.008086499999965526,0.006000000001222361,0.027999999999360627,0.004492499999980848
65,500,0.5,0.05,0.1,0,JM-MI,221.53519550000004,221.65399999999954,222.5724,123.07510861111113
65,500,0.5,0.05,0.1,0,Naive,0.0024730000000064973,0.0020000000004074536,0.0030000000006111804,0.0013738888888924989
66,500,0.65,0.05,0.1,0,AIPW,0.020038999999976652,0.014999999999417923,0.03700000000003456,0.011132777777764807
66,500,0.65,0.05,0.1,0,CCA,0.0033909999999870853,0.0030000000006111804,0.004000000000814907,0.001883888888881714
66,500,0.65,0.05,0.1,0,FCS-MI,5.177407500000025,5.152000000000953,5.553099999999881,2.876337500000014
66,500,0.65,0.05,0.1,0,IPW,0.008454500000021256,0.006000000001222361,0.02900000000045111,0.004696944444456253
66,500,0.65,0.05,0.1,0,JM-MI,220.59270099999998,220.57849999999917,221.44109999999995,122.55150055555553
66,500,0.65,0.05,0.1,0,Naive,0.002474000000028781,0.0020000000004074536,0.0030000000006111804,0.0013744444444604338
67,800,0.25,0.05,0.1,0,AIPW,0.01986349999998083,0.01700000000073487,0.023999999997704437,0.011035277777767128
67,800,0.25,0.05,0.1,0,CCA,0.002644000000028561,0.0029999999969732016,0.003000000000793079,0.001468888888904756
67,800,0.25,0.05,0.1,0,FCS-MI,5.051997499999975,5.2534999999998035,5.752050000000236,2.8066652777777636
67,800,0.25,0.05,0.1,0,IPW,0.006775999999984265,0.006000000000312866,0.010999999998603016,0.0037644444444357027
67,800,0.25,0.05,0.1,0,JM-MI,334.986221,348.01200000000154,366.7953000000001,186.10345611111111
67,800,0.25,0.05,0.1,0,Naive,0.0021760000000381344,0.0020000000004074536,0.0030000000006111804,0.0012088888889100746
68,800,0.5,0.05,0.1,0,AIPW,0.02136200000000406,0.01900000000023283,0.02599999999811189,0.011867777777780033
68,800,0.5,0.05,0.1,0,CCA,0.0029540000000057337,0.003000000000156433,0.004000000000814907,0.0016411111111142966
68,800,0.5,0.05,0.1,0,FCS-MI,5.496813499999979,5.501000000000204,6.203099999999972,3.0537852777777656
68,800,0.5,0.05,0.1,0,IPW,0.007668499999984249,0.006999999999607098,0.012000000000625732,0.004260277777769027
68,800,0.5,0.05,0.1,0,JM-MI,345.66652750000003,341.58250000000135,366.1433500000001,192.03695972222224
68,800,0.5,0.05,0.1,0,Naive,0.00229699999998785,0.0020000000004074536,0.0030000000006111804,0.001276111111104361
69,800,0.65,0.05,0.1,0,AIPW,0.022456999999995873,0.01999999999998181,0.02900000000045111,0.012476111111108818
69,800,0.65,0.05,0.1,0,CCA,0.003247000000042852,0.0030000000006111804,0.004000000000814907,0.0018038888889126954
69,800,0.65,0.05,0.1,0,FCS-MI,5.752993500000022,5.668999999999869,6.804550000000085,3.1961075000000125
69,800,0.65,0.05,0.1,0,IPW,0.008688999999989733,0.007000000001426088,0.01599999999616557,0.0048272222222165186
69,800,0.65,0.05,0.1,0,JM-MI,346.7368565,339.77900000000045,364.1775499999996,192.63158694444445
69,800,0.65,0.05,0.1,0,Naive,0.0024559999999642385,0.0020000000004074536,0.0030000000006111804,0.0013644444444245768
70,1500,0.25,0.05,0.1,0,AIPW,0.03857549999991835,0.024000000001251465,0.15725000000003297,0.021430833333287973
70,1500,0.25,0.05,0.1,0,CCA,0.004592499999990396,0.0020000000004074536,0.003050000003895502,0.0025513888888835535
70,1500,0.25,0.05,0.1,0,FCS-MI,5.932619000000087,6.112999999997555,7.730450000000087,3.2958994444444927
70,1500,0.25,0.05,0.1,0,IPW,0.0136099999999347,0.0070000000050640665,0.031049999995593634,0.007561111111074834
70,1500,0.25,0.05,0.1,0,JM-MI,597.8938105000001,640.2040000000006,685.6007999999988,332.16322805555563
70,1500,0.25,0.05,0.1,0,Naive,0.005199499999928216,0.0020000000004074536,0.003000000000793079,0.0028886111110712313
71,1500,0.5,0.05,0.1,0,AIPW,0.03652049999992874,0.02500000000145519,0.06300000000192085,0.02028916666662708
71,1500,0.5,0.05,0.1,0,CCA,0.00368849999994181,0.0029999999969732016,0.0030000000042491592,0.0020491666666343387
71,1500,0.5,0.05,0.1,0,FCS-MI,6.5949410000000235,6.528500000000349,7.230050000000006,3.6638561111111243
71,1500,0.5,0.05,0.1,0,IPW,0.013667000000076769,0.007999999999810825,0.0160500000000638,0.007592777777820427
71,1500,0.5,0.05,0.1,0,JM-MI,642.211515,635.3055000000022,665.3586500000001,356.784175
71,1500,0.5,0.05,0.1,0,Naive,0.00395900000000537,0.0020000000004074536,0.0030000000006111804,0.0021994444444474277
72,1500,0.65,0.05,0.1,0,AIPW,0.033776500000032114,0.02599999999983993,0.03440000000145992,0.018764722222240064
72,1500,0.65,0.05,0.1,0,CCA,0.0032560000000112868,0.002999999998792191,0.003999999999041393,0.0018088888888951593
72,1500,0.65,0.05,0.1,0,FCS-MI,6.884828999999974,6.790000000000873,7.557149999999865,3.8249049999999856
72,1500,0.65,0.05,0.1,0,IPW,0.01094049999994769,0.008000000000038199,0.012000000002444722,0.006078055555526494
72,1500,0.65,0.05,0.1,0,JM-MI,636.7093130000001,629.2109999999975,660.013649999999,353.72739611111115
72,1500,0.65,0.05,0.1,0,Naive,0.003172000000070915,0.0020000000004074536,0.0030000000006111804,0.0017622222222616192
73,500,0.25,0.1,0,0,AIPW,0.0183059999999914,0.014000000000123691,0.03400000000156069,0.010169999999995223
73,500,0.25,0.1,0,0,CCA,0.002958499999954177,0.002999999999985903,0.0030000000006111804,0.0016436111110856538
73,500,0.25,0.1,0,0,FCS-MI,4.574889000000005,4.5479999999997744,4.911000000000058,2.5416050000000032
73,500,0.25,0.1,0,0,IPW,0.0075289999999891815,0.0059999999994033715,0.02199999999997999,0.0041827777777717675
73,500,0.25,0.1,0,0,JM-MI,215.886039,216.70000000000073,218.12815000000006,119.93668833333335
73,500,0.25,0.1,0,0,Naive,0.0022950000000166192,0.0020000000004074536,0.0030000000006111804,0.0012750000000092327
74,500,0.5,0.1,0,0,AIPW,0.01830200000000005,0.013999999999214197,0.033999999999650754,0.010167777777777805
74,500,0.5,0.1,0,0,CCA,0.003035000000001132,0.003000000000156433,0.0039999999999054126,0.0016861111111117397
74,500,0.5,0.1,0,0,FCS-MI,4.7048065000000125,4.693999999999733,5.021000000000209,2.6137813888888957
74,500,0.5,0.1,0,0,IPW,0.0071000000000246925,0.0059999999994033715,0.02200000000084401,0.003944444444458163
74,500,0.5,0.1,0,0,JM-MI,211.05882349999996,210.98049999999967,212.59609999999958,117.25490194444443
74,500,0.5,0.1,0,0,Naive,0.0024569999999794127,0.0020000000004074536,0.0030000000006111804,0.0013649999999885626
75,500,0.65,0.1,0,0,AIPW,0.018787999999968732,0.014000000000010004,0.03499999999985448,0.010437777777760407
75,500,0.65,0.1,0,0,CCA,0.003054000000000466,0.003000000000156433,0.0039999999999054126,0.0016966666666669253
75,500,0.65,0.1,0,0,FCS-MI,4.763231999999978,4.745499999999993,5.106049999999778,2.6462399999999877
75,500,0.65,0.1,0,0,IPW,0.00747150000001983,0.005999999999971806,0.023000000001047738,0.00415083333334435
75,500,0.65,0.1,0,0,JM-MI,210.28031200000004,210.20300000000043,211.73099999999982,116.82239555555557
75,500,0.65,0.1,0,0,Naive,0.00229599999999165,0.0020000000004074536,0.0030000000006111804,0.001275555555550917
76,800,0.25,0.1,0,0,AIPW,0.021057500000027204,0.018000000000029104,0.025999999999851295,0.011698611111126224
76,800,0.25,0.1,0,0,CCA,0.0026574999999703607,0.002999999998792191,0.0030000000006111804,0.0014763888888724224
76,800,0.25,0.1,0,0,FCS-MI,5.072744000000025,5.126999999999498,5.621050000000082,2.8181911111111253
76,800,0.25,0.1,0,0,IPW,0.00698599999997711,0.006000000001222361,0.010999999999535248,0.003881111111098395
76,800,0.25,0.1,0,0,JM-MI,345.8455655,351.6520000000005,368.44780000000014,192.1364252777778
76,800,0.25,0.1,0,0,Naive,0.0022239999999690363,0.0020000000004074536,0.0030000000006111804,0.0012355555555383535
77,800,0.5,0.1,0,0,AIPW,0.020827499999972132,0.018000000000029104,0.023000000001047738,0.011570833333317852
77,800,0.5,0.1,0,0,CCA,0.0029564999999735055,0.003000000000156433,0.004000000000814907,0.001642499999985281
77,800,0.5,0.1,0,0,FCS-MI,5.574055500000055,5.56499999999869,6.0999999999995005,3.0966975000000305
77,800,0.5,0.1,0,0,IPW,0.007669000000019196,0.006000000001222361,0.011999999999716238,0.00426055555556622
77,800,0.5,0.1,0,0,JM-MI,352.89157,348.5849999999996,364.90904999999964,196.05087222222218
77,800,0.5,0.1,0,0,Naive,0.002281499999995972,0.0020000000004074536,0.0030000000006111804,0.0012674999999977622
78,800,0.65,0.1,0,0,AIPW,0.02069200000002536,0.018000000000029104,0.023000000001047738,0.011495555555569643
78,800,0.65,0.1,0,0,CCA,0.003190999999997488,0.0030000000006111804,0.004000000000814907,0.0017727777777763823
78,800,0.65,0.1,0,0,FCS-MI,5.661846000000044,5.632000000000744,6.140199999999891,3.1454700000000244
78,800,0.65,0.1,0,0,IPW,0.00797599999995677,0.006999999997788109,0.012000000000716682,0.004431111111087094
78,800,0.65,0.1,0,0,JM-MI,351.41756499999997,346.9224999999992,363.07420000000053,195.23198055555557
78,800,0.65,0.1,0,0,Naive,0.0023015000000166613,0.0020000000004074536,0.0030000000006111804,0.0012786111111203673
79,1500,0.25,0.1,0,0,AIPW,0.03852649999999227,0.024000000001251465,0.17615000000004655,0.021403611111106814
79,1500,0.25,0.1,0,0,CCA,0.004210999999992735,0.0020000000004074536,0.0030000000042491592,0.002339444444440409
79,1500,0.25,0.1,0,0,FCS-MI,6.073024499999991,6.028500000000349,6.992049999999961,3.3739024999999954
79,1500,0.25,0.1,0,0,IPW,0.012002999999980944,0.0070000000050640665,0.015000000001236913,0.006668333333322746
79,1500,0.25,0.1,0,0,JM-MI,620.899529,634.1280000000002,684.3899999999994,344.94418277777777
79,1500,0.25,0.1,0,0,Naive,0.005052000000028713,0.0020000000004074536,0.0030000000042491592,0.0028066666666826186
80,1500,0.5,0.1,0,0,AIPW,0.04230799999997157,0.02500000000145519,0.18299999999999841,0.02350444444442865
80,1500,0.5,0.1,0,0,CCA,0.004391000000024151,0.0029999999969732016,0.004000000000144155,0.0024394444444578614
80,1500,0.5,0.1,0,0,FCS-MI,6.630793499999951,6.3950000000022555,7.601150000000507,3.6837741666666397
80,1500,0.5,0.1,0,0,IPW,0.018307000000000358,0.008000000001629815,0.04710000000002301,0.010170555555555754
80,1500,0.5,0.1,0,0,JM-MI,630.2994365000001,626.8855000000003,651.9760500000023,350.16635361111116
80,1500,0.5,0.1,0,0,Naive,0.004473000000019881,0.0020000000004074536,0.0030000000006111804,0.0024850000000110448
81,1500,0.65,0.1,0,0,AIPW,0.03744850000007449,0.026000000005296897,0.0639999999984866,0.020804722222263605
81,1500,0.65,0.1,0,0,CCA,0.00450099999995501,0.002999999998792191,0.004000000000814907,0.002500555555530561
81,1500,0.65,0.1,0,0,FCS-MI,6.91482649999999,6.635000000002037,8.015099999999462,3.8415702777777727
81,1500,0.65,0.1,0,0,IPW,0.011331500000002222,0.008000000001629815,0.013999999995576218,0.006295277777779012
81,1500,0.65,0.1,0,0,JM-MI,625.3193445,621.9630000000002,645.5053499999976,347.3996358333333
81,1500,0.65,0.1,0,0,Naive,0.003733000000055914,0.0020000000004074536,0.0030000000006111804,0.0020738888889199523
82,500,0.25,0.1,0.02,0,AIPW,0.018688500000003303,0.013999999999214197,0.03300000000035652,0.010382500000001835
82,500,0.25,0.1,0.02,0,CCA,0.0027609999999618443,0.0029999999997016857,0.0030000000006111804,0.0015338888888676914
82,500,0.25,0.1,0.02,0,FCS-MI,4.348363500000034,4.262000000000171,4.868149999999923,2.4157575000000193
82,500,0.25,0.1,0.02,0,IPW,0.007229500000008031,0.005000000001018634,0.021999999997296984,0.0040163888888933505
82,500,0.25,0.1,0.02,0,JM-MI,219.022729,220.08799999999974,222.6093500000001,121.67929388888888
82,500,0.25,0.1,0.02,0,Naive,0.0023680000000057496,0.0020000000004074536,0.0030000000006111804,0.0013155555555587498
83,500,0.5,0.1,0.02,0,AIPW,0.016878000000025154,0.01299999999901047,0.029999999999972715,0.00937666666668064
83,500,0.5,0.1,0.02,0,CCA,0.002761499999983143,0.002999999998792191,0.0030000000006111804,0.0015341666666573016
83,500,0.5,0.1,0.02,0,FCS-MI,4.308288999999998,4.281999999999698,4.572999999999865,2.3934938888888877
83,500,0.5,0.1,0.02,0,IPW,0.007036499999979711,0.005000000001018634,0.02299999999740976,0.0039091666666553945
83,500,0.5,0.1,0.02,0,JM-MI,219.1710865,219.31049999999914,221.5507999999991,121.76171472222222
83,500,0.5,0.1,0.02,0,Naive,0.0020825000000311324,0.0020000000004074536,0.0020000000004074536,0.00115694444446174
84,500,0.65,0.1,0.02,0,AIPW,0.016714500000023207,0.01299999999901047,0.02999999999974534,0.009285833333346226
84,500,0.65,0.1,0.02,0,CCA,0.002775499999973318,0.002999999998792191,0.0030000000006111804,0.0015419444444296213
84,500,0.65,0.1,0.02,0,FCS-MI,4.303540000000018,4.297499999999673,4.646049999999604,2.3908555555555653
84,500,0.65,0.1,0.02,0,IPW,0.006672499999992937,0.005000000001018634,0.022999999997500707,0.00370694444444052
84,500,0.65,0.1,0.02,0,JM-MI,214.3193425,217.6815000000006,220.7480499999994,119.06630138888889
84,500,0.65,0.1,0.02,0,Naive,0.0020304999999801736,0.0020000000004074536,0.0020000000004074536,0.001128055555544541
85,800,0.25,0.1,0.02,0,AIPW,0.016879999999969555,0.014999999999417923,0.019000000000016826,0.009377777777760865
85,800,0.25,0.1,0.02,0,CCA,0.002168500000051143,0.0020000000004074536,0.0030000000006111804,0.001204722222250635
85,800,0.25,0.1,0.02,0,FCS-MI,4.200118999999993,4.183000000000902,4.487049999999203,2.333399444444441
85,800,0.25,0.1,0.02,0,IPW,0.0056140000000423525,0.005000000000109139,0.007999999999810825,0.0031188888889124183
85,800,0.25,0.1,0.02,0,JM-MI,316.7736815,315.96549999999843,323.6461499999996,175.98537861111112
85,800,0.25,0.1,0.02,0,Naive,0.0017604999999585144,0.0019999999999527063,0.0020000000004074536,9.78055555532508e-4
86,800,0.5,0.1,0.02,0,AIPW,0.017463999999963817,0.015000000001236913,0.02200000000084401,0.009702222222202121
86,800,0.5,0.1,0.02,0,CCA,0.002414499999967792,0.0020000000004074536,0.0030000000006111804,0.0013413888888709953
86,800,0.5,0.1,0.02,0,FCS-MI,4.656133500000042,4.431000000000495,5.884300000001712,2.5867408333333564
86,800,0.5,0.1,0.02,0,IPW,0.006364000000019047,0.005000000001018634,0.009000000000014552,0.003535555555566137
86,800,0.5,0.1,0.02,0,JM-MI,324.86605000000003,315.8139999999985,380.0622000000016,180.4811388888889
86,800,0.5,0.1,0.02,0,Naive,0.0019399999999898554,0.0020000000004074536,0.0029999999997130547,0.0010777777777721419
87,800,0.65,0.1,0.02,0,AIPW,0.020480499999983578,0.018000000000029104,0.023000000001047738,0.011378055555546433
87,800,0.65,0.1,0.02,0,CCA,0.003067000000012855,0.0030000000006111804,0.004000000000814907,0.0017038888888960303
87,800,0.65,0.1,0.02,0,FCS-MI,5.759873999999939,5.738000000000284,6.228050000000929,3.199929999999966
87,800,0.65,0.1,0.02,0,IPW,0.007722999999985461,0.006999999997788109,0.011999999999727605,0.004290555555547478
87,800,0.65,0.1,0.02,0,JM-MI,362.33823250000006,353.4899999999998,379.50035000000355,201.2990180555556
87,800,0.65,0.1,0.02,0,Naive,0.0022515000000127845,0.0020000000004074536,0.0030000000006111804,0.0012508333333404358
88,1500,0.25,0.1,0.02,0,AIPW,0.04006700000002962,0.02599999999983993,0.16005000000007494,0.022259444444460902
88,1500,0.25,0.1,0.02,0,CCA,0.004485499999955935,0.0029999999969732016,0.0030000000042491592,0.0024919444444199638
88,1500,0.25,0.1,0.02,0,FCS-MI,6.631899500000015,6.66899999999805,7.145449999999982,3.68438861111112
88,1500,0.25,0.1,0.02,0,IPW,0.012775499999985356,0.007999999997991836,0.015000000000111414,0.007097499999991865
88,1500,0.25,0.1,0.02,0,JM-MI,684.390878,690.6340000000018,717.8452000000009,380.2171544444445
88,1500,0.25,0.1,0.02,0,Naive,0.005958500000020277,0.0020000000004074536,0.0049999999999954525,0.0033102777777890427
89,1500,0.5,0.1,0.02,0,AIPW,0.03972000000006415,0.02599999999983993,0.1630500000000097,0.022066666666702303
89,1500,0.5,0.1,0.02,0,CCA,0.003826500000012602,0.0029999999969732016,0.0030000000042491592,0.0021258333333403342
89,1500,0.5,0.1,0.02,0,FCS-MI,6.857800499999974,7.065000000001419,7.631099999999901,3.809889166666652
89,1500,0.5,0.1,0.02,0,IPW,0.01695599999999308,0.008000000001629815,0.04299999999784632,0.009419999999996157
89,1500,0.5,0.1,0.02,0,JM-MI,652.372677,667.5089999999982,706.9555500000016,362.42926499999993
89,1500,0.5,0.1,0.02,0,Naive,0.0033360000000467425,0.0020000000004074536,0.0030000000006111804,0.0018533333333593013
90,1500,0.65,0.1,0.02,0,AIPW,0.03551950000008094,0.024999999994179234,0.06400000000030559,0.01973305555560052
90,1500,0.65,0.1,0.02,0,CCA,0.0036825000000062303,0.0029999999969732016,0.003999999999916781,0.0020458333333367947
90,1500,0.65,0.1,0.02,0,FCS-MI,6.538655500000063,6.617999999999938,7.861250000000745,3.6325863888889236
90,1500,0.65,0.1,0.02,0,IPW,0.01030449999992851,0.0070000000050640665,0.012000000002444722,0.005724722222182506
90,1500,0.65,0.1,0.02,0,JM-MI,582.77321,587.3325000000004,678.2920999999955,323.76289444444444
90,1500,0.65,0.1,0.02,0,Naive,0.0028534999999412654,0.0020000000004074536,0.0030000000006111804,0.0015852777777451475
91,500,0.25,0.1,0.05,0,AIPW,0.020216000000015413,0.014000000001033186,0.03499999999985448,0.011231111111119674
91,500,0.25,0.1,0.05,0,CCA,0.003223000000013212,0.003000000000156433,0.0030000000006111804,0.0017905555555628953
91,500,0.25,0.1,0.05,0,FCS-MI,4.828555999999988,4.789000000000442,5.207999999999651,2.6825311111111048
91,500,0.25,0.1,0.05,0,IPW,0.007299999999978013,0.005999999999971806,0.021000000000640284,0.00405555555554334
91,500,0.25,0.1,0.05,0,JM-MI,220.11311600000002,220.04299999999967,222.8784499999988,122.28506444444447
91,500,0.25,0.1,0.05,0,Naive,0.002599000000005978,0.0020000000004074536,0.0030000000006111804,0.00144388888889221
92,500,0.5,0.1,0.05,0,AIPW,0.0195620000000293,0.014000000001033186,0.03500000000167347,0.010867777777794055
92,500,0.5,0.1,0.05,0,CCA,0.0034899999999749034,0.0030000000006111804,0.004000000000814907,0.0019388888888749462
92,500,0.5,0.1,0.05,0,FCS-MI,4.968595500000011,4.945999999999913,5.364149999999995,2.7603308333333394
92,500,0.5,0.1,0.05,0,IPW,0.007831499999972508,0.006000000000312866,0.027000000000043656,0.00435083333331806
92,500,0.5,0.1,0.05,0,JM-MI,218.5062655,218.50199999999995,219.5761500000007,121.39236972222223
92,500,0.5,0.1,0.05,0,Naive,0.0024970000000026707,0.0020000000004074536,0.0030000000006111804,0.0013872222222237058
93,500,0.65,0.1,0.05,0,AIPW,0.01952349999998215,0.014000000002852175,0.03600000000005821,0.010846388888878972
93,500,0.65,0.1,0.05,0,CCA,0.003504499999981179,0.0030000000006111804,0.004000000000814907,0.0019469444444339882
93,500,0.65,0.1,0.05,0,FCS-MI,5.056618500000008,5.001500000000078,5.4310500000000275,2.8092325000000042
93,500,0.65,0.1,0.05,0,IPW,0.008150999999991058,0.006000000001222361,0.02899999999863212,0.004528333333328366
93,500,0.65,0.1,0.05,0,JM-MI,217.4206555,217.3385000000003,220.30224999999953,120.78925305555556
93,500,0.65,0.1,0.05,0,Naive,0.002556500000000616,0.0020000000004074536,0.0030000000006111804,0.00142027777777812
94,800,0.25,0.1,0.05,0,AIPW,0.020779999999972803,0.018000000000029104,0.024000000000387444,0.011544444444429335
94,800,0.25,0.1,0.05,0,CCA,0.002735000000035844,0.002999999998792191,0.0030000000042491592,0.0015194444444643581
94,800,0.25,0.1,0.05,0,FCS-MI,5.160696999999993,5.149499999999534,5.51905000000022,2.867053888888885
94,800,0.25,0.1,0.05,0,IPW,0.0072525000000374295,0.006000000001222361,0.011000000000422006,0.00402916666668746
94,800,0.25,0.1,0.05,0,JM-MI,342.05862099999996,342.5730000000003,344.84604999999954,190.0325672222222
94,800,0.25,0.1,0.05,0,Naive,0.0022290000000105125,0.0020000000004074536,0.0030000000006111804,0.0012383333333391736
95,800,0.5,0.1,0.05,0,AIPW,0.020626999999995094,0.018000000000029104,0.023000000001047738,0.011459444444441719
95,800,0.5,0.1,0.05,0,CCA,0.0028649999999551022,0.0029999999997016857,0.004000000000814907,0.0015916666666417234
95,800,0.5,0.1,0.05,0,FCS-MI,5.403959000000043,5.388500000000022,5.807050000000231,3.0021994444444684
95,800,0.5,0.1,0.05,0,IPW,0.007426499999979995,0.006000000001222361,0.011000000005878974,0.004125833333322219
95,800,0.5,0.1,0.05,0,JM-MI,339.1229085,339.28000000000156,341.46125000000114,188.40161583333332
95,800,0.5,0.1,0.05,0,Naive,0.002204500000008949,0.0020000000004074536,0.0030000000006111804,0.0012247222222271938
96,800,0.65,0.1,0.05,0,AIPW,0.020423000000002987,0.018000000000029104,0.023000000001047738,0.01134611111111277
96,800,0.65,0.1,0.05,0,CCA,0.0030169999999892323,0.0030000000006111804,0.004000000000814907,0.0016761111111051289
96,800,0.65,0.1,0.05,0,FCS-MI,5.5550325000000145,5.535500000001775,5.911050000000069,3.086129166666675
96,800,0.65,0.1,0.05,0,IPW,0.0077490000000016435,0.006999999997788109,0.012000000000625732,0.004305000000000913
96,800,0.65,0.1,0.05,0,JM-MI,337.181839,336.97449999999935,341.89484999999996,187.32324388888887
96,800,0.65,0.1,0.05,0,Naive,0.002326499999981401,0.0020000000004074536,0.0030000000006111804,0.0012924999999896671
97,1500,0.25,0.1,0.05,0,AIPW,0.03751200000002063,0.02500000000145519,0.0679999999993356,0.020840000000011464
97,1500,0.25,0.1,0.05,0,CCA,0.0044174999999187625,0.0020000000004074536,0.0030000000042491592,0.0024541666666215347
97,1500,0.25,0.1,0.05,0,FCS-MI,6.282069000000104,6.334999999999127,6.882099999999628,3.4900383333333913
97,1500,0.25,0.1,0.05,0,IPW,0.011948500000041974,0.007999999994353857,0.013999999999214197,0.006638055555578875
97,1500,0.25,0.1,0.05,0,JM-MI,630.561035,637.0414999999991,671.7417500000015,350.31168611111104
97,1500,0.25,0.1,0.05,0,Naive,0.004133999999972016,0.0020000000004074536,0.004000000000019099,0.00229666666665112
98,1500,0.5,0.1,0.05,0,AIPW,0.043000000000014894,0.02599999999802094,0.24634999999907417,0.02388888888889716
98,1500,0.5,0.1,0.05,0,CCA,0.003508500000107165,0.002999999998792191,0.0030000000042491592,0.0019491666667262027
98,1500,0.5,0.1,0.05,0,FCS-MI,6.784550999999901,6.700000000000728,7.305050000000267,3.7691949999999452
98,1500,0.5,0.1,0.05,0,IPW,0.017481999999946537,0.008000000001629815,0.04310000000486971,0.00971222222219252
98,1500,0.5,0.1,0.05,0,JM-MI,634.5886115000001,629.4135000000006,663.9119000000035,352.5492286111112
98,1500,0.5,0.1,0.05,0,Naive,0.004021500000008369,0.0020000000004074536,0.0030000000006111804,0.002234166666671316
99,1500,0.65,0.1,0.05,0,AIPW,0.03877100000007238,0.027000000000043656,0.0650000000023283,0.021539444444484655
99,1500,0.65,0.1,0.05,0,CCA,0.0037820000000007765,0.0029999999997016857,0.004000000000007065,0.0021011111111115424
99,1500,0.65,0.1,0.05,0,FCS-MI,7.055461000000024,6.9780000000000655,7.536150000000044,3.9197005555555693
99,1500,0.65,0.1,0.05,0,IPW,0.011736999999966314,0.008000000001629815,0.012999999999919964,0.006520555555536841
99,1500,0.65,0.1,0.05,0,JM-MI,629.8447255,624.5890000000009,658.2681499999966,349.91373638888894
99,1500,0.65,0.1,0.05,0,Naive,0.004523000000054654,0.0020000000004074536,0.0030000000006111804,0.0025127777778081416
100,500,0.25,0.1,0.1,0,AIPW,0.015961999999985963,0.011999999999716238,0.028000000000247383,0.008867777777769979
100,500,0.25,0.1,0.1,0,CCA,0.002380000000011647,0.0020000000004074536,0.0030000000006111804,0.0013222222222286928
100,500,0.25,0.1,0.1,0,FCS-MI,3.8196025000000287,3.9619999999995343,4.461050000001069,2.1220013888889047
100,500,0.25,0.1,0.1,0,IPW,0.005992499999976246,0.004999999999199645,0.018000000000029104,0.00332916666665347
100,500,0.25,0.1,0.1,0,JM-MI,193.199032,202.46450000000004,215.0265499999994,107.33279555555555
100,500,0.25,0.1,0.1,0,Naive,0.0018550000000008104,0.0019999999999527063,0.0020000000004074536,0.0010305555555560058
101,500,0.5,0.1,0.1,0,AIPW,0.015769500000013665,0.011999999999716238,0.029999999998835847,0.008760833333340925
101,500,0.5,0.1,0.1,0,CCA,0.0025525000000007213,0.0020000000004074536,0.0030000000006111804,0.0014180555555559564
101,500,0.5,0.1,0.1,0,FCS-MI,3.997935000000011,3.847000000000662,5.067050000000062,2.221075000000006
101,500,0.5,0.1,0.1,0,IPW,0.006205499999997074,0.0049999999999954525,0.020000000000436557,0.003447499999998374
101,500,0.5,0.1,0.1,0,JM-MI,186.85467999999997,182.68100000000004,220.68830000000008,103.80815555555556
101,500,0.5,0.1,0.1,0,Naive,0.0019199999999958083,0.0019999999999527063,0.0030000000006111804,0.0010666666666643379
102,500,0.65,0.1,0.1,0,AIPW,0.016416000000018215,0.01299999999901047,0.030000000000654836,0.00912000000001012
102,500,0.65,0.1,0.1,0,CCA,0.002660000000026656,0.002999999998792191,0.0030000000006111804,0.0014777777777925864
102,500,0.65,0.1,0.1,0,FCS-MI,4.299243499999997,4.380000000001019,4.776000000000101,2.3884686111111093
102,500,0.65,0.1,0.1,0,IPW,0.006553999999981741,0.005000000001018634,0.02200000000084401,0.0036411111111009672
102,500,0.65,0.1,0.1,0,JM-MI,206.3428135,212.60200000000077,217.6433,114.6348963888889
102,500,0.65,0.1,0.1,0,Naive,0.0020090000000074046,0.0020000000004074536,0.0029999999970641514,0.0011161111111152248
103,800,0.25,0.1,0.1,0,AIPW,0.016656999999993986,0.014999999999417923,0.02299999999740976,0.009253888888885547
103,800,0.25,0.1,0.1,0,CCA,0.002159999999980837,0.0020000000004074536,0.0030000000006111804,0.0011999999999893537
103,800,0.25,0.1,0.1,0,FCS-MI,4.222365999999997,4.185500000000502,4.936250000000086,2.3457588888888874
103,800,0.25,0.1,0.1,0,IPW,0.005543499999997181,0.005000000000109139,0.00800000000028831,0.003079722222220656
103,800,0.25,0.1,0.1,0,JM-MI,299.529826,298.36149999999907,339.7323499999996,166.4054588888889
103,800,0.25,0.1,0.1,0,Naive,0.001770000000022974,0.0019999999999527063,0.0020000000004074536,9.833333333460967e-4
104,800,0.5,0.1,0.1,0,AIPW,0.017185999999980765,0.015000000000327418,0.01999999999999318,0.009547777777767092
104,800,0.5,0.1,0.1,0,CCA,0.002385000000007591,0.0020000000004074536,0.0030000000006111804,0.0013250000000042173
104,800,0.5,0.1,0.1,0,FCS-MI,4.671446000000011,4.705999999998312,5.26905000000022,2.5952477777777836
104,800,0.5,0.1,0.1,0,IPW,0.006102500000022559,0.005000000001018634,0.009000000000014552,0.0033902777777903106
104,800,0.5,0.1,0.1,0,JM-MI,317.249377,328.20199999999966,337.35984999999994,176.24965388888887
104,800,0.5,0.1,0.1,0,Naive,0.0018480000000044613,0.00200000000018008,0.0020000000004074536,0.001026666666669145
105,800,0.65,0.1,0.1,0,AIPW,0.017237000000018755,0.015000000001236913,0.020000000000436557,0.009576111111121529
105,800,0.65,0.1,0.1,0,CCA,0.002511000000047734,0.0020000000004074536,0.0030000000006111804,0.001395000000026519
105,800,0.65,0.1,0.1,0,FCS-MI,4.850426499999982,4.854999999999734,5.4399999999987365,2.694681388888879
105,800,0.65,0.1,0.1,0,IPW,0.006381000000047237,0.005000000001018634,0.010000000002037268,0.003545000000026243
105,800,0.65,0.1,0.1,0,JM-MI,317.18085849999994,324.2684999999992,334.76740000000007,176.21158805555555
105,800,0.65,0.1,0.1,0,Naive,0.0018994999999924671,0.0020000000004074536,0.0020000000004074536,0.0010552777777735928
106,1500,0.25,0.1,0.1,0,AIPW,0.03312800000001152,0.021999999997206032,0.12514999999999632,0.018404444444450847
106,1500,0.25,0.1,0.1,0,CCA,0.0032719999999975013,0.0020000000004074536,0.0030000000042491592,0.0018177777777763895
106,1500,0.25,0.1,0.1,0,FCS-MI,5.50335600000001,5.422000000002299,6.357549999999718,3.0574200000000054
106,1500,0.25,0.1,0.1,0,IPW,0.010956999999974073,0.006999999997788109,0.03299999999953798,0.006087222222207819
106,1500,0.25,0.1,0.1,0,JM-MI,568.7400305000001,563.4435000000014,647.4003000000009,315.9666836111112
106,1500,0.25,0.1,0.1,0,Naive,0.003574499999943658,0.0020000000004074536,0.0030000000006111804,0.001985833333302032
107,1500,0.5,0.1,0.1,0,AIPW,0.03631400000010865,0.022000000002663,0.21720000000050257,0.020174444444504804
107,1500,0.5,0.1,0.1,0,CCA,0.00321700000002788,0.0020000000004074536,0.0030000000042491592,0.0017872222222377109
107,1500,0.5,0.1,0.1,0,FCS-MI,5.890710999999978,5.891000000001441,6.924100000000634,3.2726172222222103
107,1500,0.5,0.1,0.1,0,IPW,0.013978499999925845,0.006999999997788109,0.03699999999679164,0.007765833333292136
107,1500,0.5,0.1,0.1,0,JM-MI,568.1086535000001,570.7075000000023,645.5011499999978,315.6159186111111
107,1500,0.5,0.1,0.1,0,Naive,0.0034895000000999044,0.0020000000004074536,0.002999999999988745,0.0019386111111666135
108,1500,0.65,0.1,0.1,0,AIPW,0.029087999999962987,0.021000000000640284,0.04399999999986903,0.016159999999979437
108,1500,0.65,0.1,0.1,0,CCA,0.0030395000000222965,0.0020000000004074536,0.0030000000042491592,0.0016886111111234982
108,1500,0.65,0.1,0.1,0,FCS-MI,5.59679699999997,5.319499999999607,7.0700499999997195,3.1093316666666504
108,1500,0.65,0.1,0.1,0,IPW,0.009593500000022943,0.006000000001222361,0.011000000000422006,0.005329722222234968
108,1500,0.65,0.1,0.1,0,JM-MI,515.7122290000001,485.90450000000055,620.3998500000005,286.5067938888889
108,1500,0.65,0.1,0.1,0,Naive,0.003324999999962673,0.0019999999999527063,0.0029999999969732016,0.0018472222222014848
109,500,0.25,0.01,0,0.15,AIPW,0.014389499999958843,0.01099999999951251,0.02599999999983993,0.007994166666643801
109,500,0.25,0.01,0,0.15,CCA,0.0022029999999778663,0.0020000000004074536,0.0030000000006111804,0.0012238888888765926
109,500,0.25,0.01,0,0.15,FCS-MI,3.53892299999998,3.4539999999997235,4.252150000000387,1.966068333333322
109,500,0.25,0.01,0,0.15,IPW,0.0053165000000198435,0.004000000000814907,0.017000000001644366,0.002953611111122135
109,500,0.25,0.01,0,0.15,JM-MI,177.61234650000003,172.34250000000011,200.1655000000008,98.67352583333334
109,500,0.25,0.01,0,0.15,Naive,0.0018725000000131998,0.001999999999497959,0.0020000000004074536,0.0010402777777851109
110,500,0.5,0.01,0,0.15,AIPW,0.015360500000007021,0.011999999998806743,0.028000000002066372,0.008533611111115013
110,500,0.5,0.01,0,0.15,CCA,0.002484499999980757,0.0020000000004074536,0.0030000000006111804,0.0013802777777670871
110,500,0.5,0.01,0,0.15,FCS-MI,3.8481980000000195,3.736499999999978,4.588000000000261,2.1378877777777885
110,500,0.5,0.01,0,0.15,IPW,0.0060860000000207606,0.004999999999199645,0.020000000000436557,0.003381111111122645
110,500,0.5,0.01,0,0.15,JM-MI,184.39705299999997,186.52699999999913,199.8553499999996,102.44280722222221
110,500,0.5,0.01,0,0.15,Naive,0.0018495000000078653,0.0019999999999527063,0.0020000000004074536,0.0010275000000043695
111,500,0.65,0.01,0,0.15,AIPW,0.015993000000003334,0.012000000000625732,0.029050000000415774,0.008885000000001853
111,500,0.65,0.01,0,0.15,CCA,0.002652000000025698,0.0020000000004074536,0.0030000000006111804,0.00147333333334761
111,500,0.65,0.01,0,0.15,FCS-MI,4.139276499999994,4.06450000000018,5.026199999999835,2.299598055555552
111,500,0.65,0.01,0,0.15,IPW,0.006620499999998145,0.005000000000109139,0.021000000000640284,0.003678055555554525
111,500,0.65,0.01,0,0.15,JM-MI,197.24525649999998,199.08300000000054,220.6567500000008,109.58069805555554
111,500,0.65,0.01,0,0.15,Naive,0.0019574999999955834,0.0019999999999527063,0.0020000000004074536,0.0010874999999975464
112,800,0.25,0.01,0,0.15,AIPW,0.016178999999949328,0.014000000000123691,0.01905000000006107,0.008988333333305181
112,800,0.25,0.01,0,0.15,CCA,0.002096499999994856,0.0020000000004074536,0.0030000000006111804,0.0011647222222193644
112,800,0.25,0.01,0,0.15,FCS-MI,4.090707000000011,4.07700000000068,4.606299999999829,2.272615000000006
112,800,0.25,0.01,0,0.15,IPW,0.005508500000043284,0.0049999999999954525,0.007999999999810825,0.0030602777778018244
112,800,0.25,0.01,0,0.15,JM-MI,298.3618585,299.33799999999906,319.25919999999985,165.75658805555554
112,800,0.25,0.01,0,0.15,Naive,0.0017574999999858485,0.001999999999497959,0.0020000000004074536,9.76388888881027e-4
113,800,0.5,0.01,0,0.15,AIPW,0.016540999999999684,0.014999999999417923,0.01999999999998181,0.00918944444444427
113,800,0.5,0.01,0,0.15,CCA,0.002272500000016679,0.0020000000004074536,0.0030000000006111804,0.0012625000000092662
113,800,0.5,0.01,0,0.15,FCS-MI,4.440040999999961,4.416000000000167,5.25,2.4666894444444223
113,800,0.5,0.01,0,0.15,IPW,0.00593400000002211,0.005000000001018634,0.009000000000014552,0.0032966666666789496
113,800,0.5,0.01,0,0.15,JM-MI,306.038716,304.3130000000001,351.9071000000006,170.0215088888889
113,800,0.5,0.01,0,0.15,Naive,0.0017564999999658876,0.0019999999999527063,0.0020000000004074536,9.758333333143819e-4
114,800,0.65,0.01,0,0.15,AIPW,0.016402999999989534,0.014999999999417923,0.021000000000640284,0.009112777777771962
114,800,0.65,0.01,0,0.15,CCA,0.002404999999975401,0.0020000000004074536,0.0030000000042491592,0.0013361111110974451
114,800,0.65,0.01,0,0.15,FCS-MI,4.6160845000000625,4.526999999999134,6.209100000000003,2.5644913888889236
114,800,0.65,0.01,0,0.15,IPW,0.0061675000000261946,0.005000000001018634,0.010999999998603016,0.0034263888889034416
114,800,0.65,0.01,0,0.15,JM-MI,293.52275999999995,287.73249999999985,376.09709999999956,163.06819999999996
114,800,0.65,0.01,0,0.15,Naive,0.0018399999999898923,0.0019999999999527063,0.0029999999999290594,0.0010222222222166068
115,1500,0.25,0.01,0,0.15,AIPW,0.04235649999995968,0.02599999999802094,0.18610000000143706,0.023531388888866488
115,1500,0.25,0.01,0,0.15,CCA,0.004141000000108762,0.0029999999969732016,0.004000000000814907,0.0023005555556159787
115,1500,0.25,0.01,0,0.15,FCS-MI,6.705932999999945,6.167499999999791,8.57499999999727,3.7255183333333024
115,1500,0.25,0.01,0,0.15,IPW,0.014780499999975263,0.008999999998195563,0.01905000000006107,0.008211388888875145
115,1500,0.25,0.01,0,0.15,JM-MI,609.775469,634.985999999999,698.7282,338.76414944444446
115,1500,0.25,0.01,0,0.15,Naive,0.0056924999999805855,0.0020000000004074536,0.004050000000643149,0.003162499999989214
116,1500,0.5,0.01,0,0.15,AIPW,0.03664450000003532,0.023000000001047738,0.10710000000002812,0.02035805555557518
116,1500,0.5,0.01,0,0.15,CCA,0.0032649999999237725,0.0020000000004074536,0.004000000000814907,0.0018138888888465405
116,1500,0.5,0.01,0,0.15,FCS-MI,6.1683885000000185,6.042999999997846,9.02705000000169,3.4268825000000107
116,1500,0.5,0.01,0,0.15,IPW,0.013779999999948642,0.007000000001426088,0.019100000000071213,0.007655555555527024
116,1500,0.5,0.01,0,0.15,JM-MI,555.0034135000001,572.860999999999,685.8815,308.3352297222223
116,1500,0.5,0.01,0,0.15,Naive,0.004427000000015045,0.0020000000004074536,0.0030000000042491592,0.002459444444452803
117,1500,0.65,0.01,0,0.15,AIPW,0.03404250000000582,0.02599999999802094,0.04409999999984384,0.018912500000003232
117,1500,0.65,0.01,0,0.15,CCA,0.0032105000000515467,0.0029999999969732016,0.004000000000814907,0.0017836111111397483
117,1500,0.65,0.01,0,0.15,FCS-MI,6.922336500000029,7.1379999999990105,8.203100000001358,3.8457425000000165
117,1500,0.65,0.01,0,0.15,IPW,0.010609499999903875,0.007999999999810825,0.013999999995576218,0.005894166666613264
117,1500,0.65,0.01,0,0.15,JM-MI,610.6994865,627.7799999999988,698.5562499999965,339.2774925
117,1500,0.65,0.01,0,0.15,Naive,0.002976999999921574,0.0020000000004074536,0.0030000000042491592,0.001653888888845319
118,500,0.25,0.01,0.02,0.15,AIPW,0.015228000000001131,0.011000000000422006,0.027000000000043656,0.008460000000000628
118,500,0.25,0.01,0.02,0.15,CCA,0.00228899999998173,0.0020000000004074536,0.0030000000006111804,0.0012716666666565165
118,500,0.25,0.01,0.02,0.15,FCS-MI,3.7078130000000304,3.770999999999958,4.266999999999825,2.059896111111128
118,500,0.25,0.01,0.02,0.15,IPW,0.005585000000016479,0.004000000000814907,0.018000000000029104,0.0031027777777869322
118,500,0.25,0.01,0.02,0.15,JM-MI,189.735032,193.7824999999999,213.63659999999783,105.4083511111111
118,500,0.25,0.01,0.02,0.15,Naive,0.0018499999999877738,0.0019999999999527063,0.0020000000004074536,0.0010277777777709853
119,500,0.5,0.01,0.02,0.15,AIPW,0.015405499999998355,0.011000000002240995,0.02899999999863212,0.008558611111110198
119,500,0.5,0.01,0.02,0.15,CCA,0.002491999999982709,0.0020000000004074536,0.0030000000006111804,0.0013844444444348382
119,500,0.5,0.01,0.02,0.15,FCS-MI,3.9090185000000015,3.855000000000018,4.668100000001414,2.1716769444444455
119,500,0.5,0.01,0.02,0.15,IPW,0.006194000000021149,0.004999999999199645,0.019999999998617568,0.00344111111112286
119,500,0.5,0.01,0.02,0.15,JM-MI,183.2221855,173.36449999999968,209.77540000000064,101.79010305555555
119,500,0.5,0.01,0.02,0.15,Naive,0.0018740000000017105,0.0019999999999527063,0.0020000000004074536,0.0010411111111120613
120,500,0.65,0.01,0.02,0.15,AIPW,0.014779999999969163,0.011000000000422006,0.027000000000134604,0.00821111111109398
120,500,0.65,0.01,0.02,0.15,CCA,0.002484000000002596,0.0020000000004074536,0.0030000000006111804,0.0013800000000014424
120,500,0.65,0.01,0.02,0.15,FCS-MI,3.8994720000000145,3.8420000000003824,4.495049999998992,2.1663733333333415
120,500,0.65,0.01,0.02,0.15,IPW,0.005883500000034019,0.004999999999199645,0.019999999999549798,0.0032686111111300104
120,500,0.65,0.01,0.02,0.15,JM-MI,182.51683699999998,178.1550000000002,207.76735000000116,101.39824277777778
120,500,0.65,0.01,0.02,0.15,Naive,0.0018264999999792588,0.0019999999999527063,0.0020000000004074536,0.0010147222222106993
121,800,0.25,0.01,0.02,0.15,AIPW,0.01639050000000691,0.014000000002852175,0.02000000000000455,0.009105833333337171
121,800,0.25,0.01,0.02,0.15,CCA,0.002128999999998618,0.0020000000004074536,0.0030000000006111804,0.0011827777777770102
121,800,0.25,0.01,0.02,0.15,FCS-MI,4.161710000000023,4.1095000000000255,4.881399999999439,2.312061111111124
121,800,0.25,0.01,0.02,0.15,IPW,0.005598000000005101,0.005000000000109139,0.00800000000072032,0.0031100000000028336
121,800,0.25,0.01,0.02,0.15,JM-MI,306.1818225,303.45950000000005,340.70424999999966,170.1010125
121,800,0.25,0.01,0.02,0.15,Naive,0.0017384999999875514,0.001999999999497959,0.0020000000004074536,9.658333333264175e-4
122,800,0.5,0.01,0.02,0.15,AIPW,0.016132000000053322,0.014999999999417923,0.01905000000006107,0.008962222222251846
122,800,0.5,0.01,0.02,0.15,CCA,0.002295499999990184,0.0020000000004074536,0.0030000000006111804,0.0012752777777723244
122,800,0.5,0.01,0.02,0.15,FCS-MI,4.392182999999996,4.32149999999956,5.201049999999987,2.440101666666664
122,800,0.5,0.01,0.02,0.15,IPW,0.005777999999953437,0.005000000000109139,0.009000000000014552,0.0032099999999741315
122,800,0.5,0.01,0.02,0.15,JM-MI,296.3711,298.442500000001,327.7703000000005,164.65061111111112
122,800,0.5,0.01,0.02,0.15,Naive,0.0017975000000348498,0.0019999999999527063,0.0029999999969732016,9.986111111304722e-4
123,800,0.65,0.01,0.02,0.15,AIPW,0.01806499999998087,0.016000000000076398,0.021999999999934516,0.010036111111100483
123,800,0.65,0.01,0.02,0.15,CCA,0.0026159999999772867,0.0020000000004074536,0.0030000000006111804,0.0014533333333207146
123,800,0.65,0.01,0.02,0.15,FCS-MI,5.156293500000014,5.430999999998676,6.107049999999799,2.8646075000000075
123,800,0.65,0.01,0.02,0.15,IPW,0.006641500000025701,0.0059999999994033715,0.010999999998603016,0.0036897222222365003
123,800,0.65,0.01,0.02,0.15,JM-MI,320.239655,333.14300000000185,376.23450000000014,177.91091944444446
123,800,0.65,0.01,0.02,0.15,Naive,0.001988500000026417,0.0020000000004074536,0.0030000000006111804,0.0011047222222368982
124,1500,0.25,0.01,0.02,0.15,AIPW,0.03904649999997005,0.02500000000145519,0.14304999999991985,0.021692499999983364
124,1500,0.25,0.01,0.02,0.15,CCA,0.005663500000000869,0.0020000000004074536,0.004000000000814907,0.003146388888889372
124,1500,0.25,0.01,0.02,0.15,FCS-MI,6.385973,6.405499999997119,8.288400000000365,3.547762777777778
124,1500,0.25,0.01,0.02,0.15,IPW,0.012856500000061829,0.007999999999810825,0.021000000000640284,0.007142500000034349
124,1500,0.25,0.01,0.02,0.15,JM-MI,591.6302225,605.7649999999958,699.0548999999988,328.68345694444446
124,1500,0.25,0.01,0.02,0.15,Naive,0.005617999999972995,0.0020000000004074536,0.0049999999999954525,0.0031211111110961086
125,1500,0.5,0.01,0.02,0.15,AIPW,0.03967300000000157,0.023000000001047738,0.18735000000000893,0.022040555555556424
125,1500,0.5,0.01,0.02,0.15,CCA,0.004261500000003377,0.0020000000004074536,0.004000000000814907,0.002367500000001876
125,1500,0.5,0.01,0.02,0.15,FCS-MI,6.5157509999999625,6.099999999998545,9.475049999999852,3.619861666666646
125,1500,0.5,0.01,0.02,0.15,IPW,0.014806500000048885,0.007999999997991836,0.03300000000001546,0.008225833333360492
125,1500,0.5,0.01,0.02,0.15,JM-MI,584.060203,552.1744999999994,800.5586999999905,324.4778905555555
125,1500,0.5,0.01,0.02,0.15,Naive,0.003897499999954666,0.0020000000004074536,0.003000000011525117,0.002165277777752592
126,1500,0.65,0.01,0.02,0.15,AIPW,0.03008849999991628,0.021000000000640284,0.046000000000276486,0.01671583333328682
126,1500,0.65,0.01,0.02,0.15,CCA,0.0031339999999291848,0.0020000000004074536,0.004000000000814907,0.0017411111110717692
126,1500,0.65,0.01,0.02,0.15,FCS-MI,5.692052000000087,5.1195000000006985,8.723249999998371,3.1622511111111593
126,1500,0.65,0.01,0.02,0.15,IPW,0.008668500000042684,0.006000000001222361,0.010999999998603016,0.004815833333357046
126,1500,0.65,0.01,0.02,0.15,JM-MI,509.2317059999999,485.3660000000009,652.9834500000023,282.9065033333333
126,1500,0.65,0.01,0.02,0.15,Naive,0.0023549999999917413,0.0019999999999527063,0.002999999999985903,0.001308333333328745
127,500,0.25,0.01,0.05,0.15,AIPW,0.02054249999999901,0.014999999999417923,0.037000000000261934,0.011412499999999449
127,500,0.25,0.01,0.05,0.15,CCA,0.0030144999999955225,0.003000000000156433,0.004000000000814907,0.0016747222222197348
127,500,0.25,0.01,0.05,0.15,FCS-MI,4.751134999999987,4.7480000000014115,5.84235000000001,2.639519444444437
127,500,0.25,0.01,0.05,0.15,IPW,0.007898500000008354,0.006000000000312866,0.02599999999802094,0.004388055555560197
127,500,0.25,0.01,0.05,0.15,JM-MI,212.328017,199.0585000000001,244.6991499999997,117.96000944444444
127,500,0.25,0.01,0.05,0.15,Naive,0.0026970000000188926,0.0020000000004074536,0.0030000000006111804,0.0014983333333438292
128,500,0.5,0.01,0.05,0.15,AIPW,0.01937699999999893,0.014999999999417923,0.03600000000005821,0.010764999999999405
128,500,0.5,0.01,0.05,0.15,CCA,0.003053500000010647,0.003000000000156433,0.004000000000814907,0.001696388888894804
128,500,0.5,0.01,0.05,0.15,FCS-MI,4.932529999999975,4.962499999999869,5.952549999997791,2.7402944444444306
128,500,0.5,0.01,0.05,0.15,IPW,0.007526000000005396,0.0059999999994033715,0.02305000000096693,0.004181111111114109
128,500,0.5,0.01,0.05,0.15,JM-MI,213.501551,214.73549999999886,228.57535000000073,118.61197277777778
128,500,0.5,0.01,0.05,0.15,Naive,0.0023860000000125864,0.0020000000004074536,0.0030000000006111804,0.001325555555562548
129,500,0.65,0.01,0.05,0.15,AIPW,0.017298999999998968,0.013000000000033651,0.03205000000270952,0.009610555555554984
129,500,0.65,0.01,0.05,0.15,CCA,0.0028629999999983664,0.0029999999997016857,0.0039999999999911435,0.001590555555554648
129,500,0.65,0.01,0.05,0.15,FCS-MI,4.522157500000036,4.662500000000364,5.573149999999828,2.5123097222222426
129,500,0.65,0.01,0.05,0.15,IPW,0.0069499999999905245,0.005000000001018634,0.021999999999934516,0.0038611111111058467
129,500,0.65,0.01,0.05,0.15,JM-MI,205.56678699999998,213.22699999999895,254.27030000000042,114.20377055555555
129,500,0.65,0.01,0.05,0.15,Naive,0.0022575000000080343,0.0020000000004074536,0.0030000000006111804,0.0012541666666711301
130,800,0.25,0.01,0.05,0.15,AIPW,0.01659100000002948,0.014000000000010004,0.023000000001047738,0.009217222222238601
130,800,0.25,0.01,0.05,0.15,CCA,0.0021299999999714763,0.0020000000004074536,0.0030000000006111804,0.0011833333333174866
130,800,0.25,0.01,0.05,0.15,FCS-MI,4.115289500000051,3.9045000000000982,5.798999999999069,2.2862719444444726
130,800,0.25,0.01,0.05,0.15,IPW,0.005575999999963784,0.004999999999199645,0.008000000001629815,0.0030977777777576577
130,800,0.25,0.01,0.05,0.15,JM-MI,287.87453550000004,281.83600000000024,377.7351000000004,159.93029750000002
130,800,0.25,0.01,0.05,0.15,Naive,0.0017739999999815182,0.001999999999497959,0.0030000000006111804,9.855555555452879e-4
131,800,0.5,0.01,0.05,0.15,AIPW,0.016340499999964037,0.014000000002852175,0.021000000000640284,0.009078055555535577
131,800,0.5,0.01,0.05,0.15,CCA,0.002253000000030277,0.0020000000004074536,0.0030000000006111804,0.001251666666683487
131,800,0.5,0.01,0.05,0.15,FCS-MI,4.382395000000002,4.276999999998225,5.451950000000577,2.4346638888888896
131,800,0.5,0.01,0.05,0.15,IPW,0.005928500000060552,0.005000000000109139,0.009000000000014552,0.003293611111144751
131,800,0.5,0.01,0.05,0.15,JM-MI,297.8785859999999,297.07850000000053,340.8528,165.4881033333333
131,800,0.5,0.01,0.05,0.15,Naive,0.001756000000001183,0.001999999999497959,0.0029999999997016857,9.755555555562128e-4
132,800,0.65,0.01,0.05,0.15,AIPW,0.01605300000001054,0.014000000001033186,0.018000000000029104,0.00891833333333919
132,800,0.65,0.01,0.05,0.15,CCA,0.002335999999980791,0.0020000000004074536,0.0030000000006111804,0.0012977777777671059
132,800,0.65,0.01,0.05,0.15,FCS-MI,4.428259500000042,4.387999999999465,4.910049999999864,2.46014416666669
132,800,0.65,0.01,0.05,0.15,IPW,0.005993499999994924,0.005000000001018634,0.008000000001629815,0.0033297222222194024
132,800,0.65,0.01,0.05,0.15,JM-MI,298.1046285,296.45750000000226,319.63320000000056,165.61368249999998
132,800,0.65,0.01,0.05,0.15,Naive,0.0017784999999748898,0.001999999999497959,0.0020000000004074536,9.880555555416054e-4
133,1500,0.25,0.01,0.05,0.15,AIPW,0.03273649999998287,0.021000000000640284,0.13420000000001533,0.018186944444434926
133,1500,0.25,0.01,0.05,0.15,CCA,0.0040809999999790875,0.0020000000004074536,0.0030000000042491592,0.0022672222222106047
133,1500,0.25,0.01,0.05,0.15,FCS-MI,5.362545000000067,5.300999999999931,6.324499999999949,2.979191666666704
133,1500,0.25,0.01,0.05,0.15,IPW,0.01084949999996536,0.006000000001222361,0.012999999999919964,0.006027499999980756
133,1500,0.25,0.01,0.05,0.15,JM-MI,572.6395235,569.1494999999995,657.2017999999995,318.1330686111111
133,1500,0.25,0.01,0.05,0.15,Naive,0.004039000000047035,0.0020000000004074536,0.0039999999999054126,0.00224388888891502
134,1500,0.5,0.01,0.05,0.15,AIPW,0.036362499999958345,0.02200000000084401,0.17425000000008573,0.020201388888865746
134,1500,0.5,0.01,0.05,0.15,CCA,0.00401150000008611,0.0020000000004074536,0.004000000000814907,0.0022286111111589502
134,1500,0.5,0.01,0.05,0.15,FCS-MI,6.132630999999939,5.387499999999363,8.329100000004837,3.407017222222188
134,1500,0.5,0.01,0.05,0.15,IPW,0.015262499999954713,0.007000000001426088,0.038000000000010914,0.008479166666641507
134,1500,0.5,0.01,0.05,0.15,JM-MI,560.8189945,497.32050000000163,722.7331499999995,311.56610805555556
134,1500,0.5,0.01,0.05,0.15,Naive,0.0038734999999833807,0.0020000000004074536,0.0030000000042491592,0.0021519444444352115
135,1500,0.65,0.01,0.05,0.15,AIPW,0.03475750000002654,0.023999999997613486,0.05405000000009745,0.019309722222236966
135,1500,0.65,0.01,0.05,0.15,CCA,0.0035625000000278828,0.0020000000004074536,0.004000000000814907,0.001979166666682157
135,1500,0.65,0.01,0.05,0.15,FCS-MI,6.643097499999977,6.143000000000029,9.780049999998665,3.690609722222209
135,1500,0.65,0.01,0.05,0.15,IPW,0.011127499999998064,0.00700000000097134,0.014999999999417923,0.006181944444443369
135,1500,0.65,0.01,0.05,0.15,JM-MI,546.7484195000001,523.2064999999998,661.4835000000029,303.7491219444444
135,1500,0.65,0.01,0.05,0.15,Naive,0.0028734999999833976,0.0020000000004074536,0.0039999999971769284,0.0015963888888796654
136,500,0.25,0.01,0.1,0.15,AIPW,0.01954099999999596,0.013999999999214197,0.03805000000043032,0.010856111111108867
136,500,0.25,0.01,0.1,0.15,CCA,0.00315049999999719,0.0020000000004074536,0.006999999999607098,0.0017502777777762166
136,500,0.25,0.01,0.1,0.15,FCS-MI,4.92637449999999,4.337999999999738,9.833550000000514,2.7368747222222165
136,500,0.25,0.01,0.1,0.15,IPW,0.007815000000008666,0.005000000001018634,0.01999999999998181,0.004341666666671481
136,500,0.25,0.01,0.1,0.15,JM-MI,191.53658850000002,192.1239999999998,226.97415000000018,106.40921583333333
136,500,0.25,0.01,0.1,0.15,Naive,0.002546499999994291,0.0020000000004074536,0.0059999999994033715,0.0014147222222190507
137,500,0.5,0.01,0.1,0.15,AIPW,0.019283499999971282,0.014000000000123691,0.038000000000010914,0.010713055555539601
137,500,0.5,0.01,0.1,0.15,CCA,0.003263999999987567,0.003000000000156433,0.004000000000814907,0.0018133333333264264
137,500,0.5,0.01,0.1,0.15,FCS-MI,5.037066500000006,4.911999999999352,5.930150000000276,2.7983702777777815
137,500,0.5,0.01,0.1,0.15,IPW,0.008007000000025001,0.005999999999858119,0.02505000000128343,0.004448333333347224
137,500,0.5,0.01,0.1,0.15,JM-MI,221.20036299999998,221.03650000000016,231.87245000000004,122.88909055555554
137,500,0.5,0.01,0.1,0.15,Naive,0.002398500000011052,0.0020000000004074536,0.0030000000006111804,0.00133250000000614
138,500,0.65,0.01,0.1,0.15,AIPW,0.015880999999993307,0.011999999999943611,0.029999999998835847,0.008822777777774059
138,500,0.65,0.01,0.1,0.15,CCA,0.0026799999999924267,0.0020000000004074536,0.0030000000006111804,0.0014888888888846816
138,500,0.65,0.01,0.1,0.15,FCS-MI,4.242455999999998,4.1485000000004675,5.2170500000005635,2.3569199999999992
138,500,0.65,0.01,0.1,0.15,IPW,0.0064299999999827976,0.005000000000109139,0.021000000000640284,0.0035722222222126653
138,500,0.65,0.01,0.1,0.15,JM-MI,190.59238900000003,186.38549999999964,229.75265000000016,105.88466055555557
138,500,0.65,0.01,0.1,0.15,Naive,0.001974000000018997,0.0019999999999527063,0.002999999999985903,0.0010966666666772206
139,800,0.25,0.01,0.1,0.15,AIPW,0.017717500000019412,0.015000000000043201,0.026999999998224666,0.009843055555566341
139,800,0.25,0.01,0.1,0.15,CCA,0.0022639999999737896,0.0020000000004074536,0.0039999999971769284,0.0012577777777632163
139,800,0.25,0.01,0.1,0.15,FCS-MI,4.434174000000028,4.15599999999904,6.6602499999999045,2.4634300000000158
139,800,0.25,0.01,0.1,0.15,IPW,0.006055499999974614,0.005000000000109139,0.009000000000014552,0.0033641666666525635
139,800,0.25,0.01,0.1,0.15,JM-MI,300.20166600000005,299.13899999999967,342.22834999999867,166.77870333333334
139,800,0.25,0.01,0.1,0.15,Naive,0.0020134999999852784,0.0019999999999527063,0.0030000000006111804,0.0011186111111029325
140,800,0.5,0.01,0.1,0.15,AIPW,0.016120000000001255,0.014999999999417923,0.020000000000436557,0.008955555555556253
140,800,0.5,0.01,0.1,0.15,CCA,0.0022880000000249385,0.0020000000004074536,0.0030000000006111804,0.001271111111124966
140,800,0.5,0.01,0.1,0.15,FCS-MI,4.409146499999981,4.263999999999214,5.4740500000001475,2.4495258333333227
140,800,0.5,0.01,0.1,0.15,IPW,0.0059270000000445295,0.005000000001018634,0.009000000001833541,0.003292777777802516
140,800,0.5,0.01,0.1,0.15,JM-MI,297.104567,295.8685000000005,361.35950000000037,165.05809277777777
140,800,0.5,0.01,0.1,0.15,Naive,0.001788499999992653,0.0019999999999527063,0.0020000000004074536,9.936111111070293e-4
141,800,0.65,0.01,0.1,0.15,AIPW,0.01620450000005701,0.014999999999417923,0.023000000001047738,0.009002500000031673
141,800,0.65,0.01,0.1,0.15,CCA,0.0024684999999823095,0.0020000000004074536,0.004000000000814907,0.001371388888879061
141,800,0.65,0.01,0.1,0.15,FCS-MI,4.644034000000027,4.279500000000553,6.7060499999983225,2.580018888888904
141,800,0.65,0.01,0.1,0.15,IPW,0.006284499999964879,0.005000000001018634,0.012999999999919964,0.003491388888869377
141,800,0.65,0.01,0.1,0.15,JM-MI,287.4597155,286.1949999999997,335.8069500000003,159.69984194444444
141,800,0.65,0.01,0.1,0.15,Naive,0.0018389999999862351,0.0019999999999527063,0.0030000000006111804,0.0010216666666590195
142,1500,0.25,0.01,0.1,0.15,AIPW,0.033695500000005325,0.021999999997206032,0.1222499999999568,0.01871972222222518
142,1500,0.25,0.01,0.1,0.15,CCA,0.0033929999999900047,0.0020000000004074536,0.0030000000042491592,0.0018849999999944473
142,1500,0.25,0.01,0.1,0.15,FCS-MI,5.468438500000023,5.5659999999994625,7.348249999998188,3.0380213888889016
142,1500,0.25,0.01,0.1,0.15,IPW,0.011436000000005038,0.006999999997788109,0.029999999998835847,0.006353333333336132
142,1500,0.25,0.01,0.1,0.15,JM-MI,558.0889835,545.0010000000002,675.7805499999995,310.0494352777778
142,1500,0.25,0.01,0.1,0.15,Naive,0.005419500000057886,0.0020000000004074536,0.004000000000019099,0.003010833333365492
143,1500,0.5,0.01,0.1,0.15,AIPW,0.03673350000004206,0.023999999999887223,0.152999999999912,0.020407500000023365
143,1500,0.5,0.01,0.1,0.15,CCA,0.00385000000004503,0.0029999999969732016,0.0030000000042491592,0.002138888888913906
143,1500,0.5,0.01,0.1,0.15,FCS-MI,6.316138499999974,6.386000000002923,6.861249999999881,3.508965833333319
143,1500,0.5,0.01,0.1,0.15,IPW,0.015514499999949465,0.007000000001426088,0.04199999999400461,0.00861916666663859
143,1500,0.5,0.01,0.1,0.15,JM-MI,622.269211,621.2825000000012,653.98495,345.7051172222222
143,1500,0.5,0.01,0.1,0.15,Naive,0.004232499999932717,0.0020000000004074536,0.0020000000004074536,0.002351388888851509
144,1500,0.65,0.01,0.1,0.15,AIPW,0.031214999999912438,0.02500000000145519,0.02900000000045111,0.01734166666661802
144,1500,0.65,0.01,0.1,0.15,CCA,0.0037844999999738045,0.0029999999969732016,0.0030000000042491592,0.0021024999999854467
144,1500,0.65,0.01,0.1,0.15,FCS-MI,6.548826000000017,6.616000000001804,7.127150000000347,3.6382366666666757
144,1500,0.65,0.01,0.1,0.15,IPW,0.009994000000072958,0.007999999994353857,0.011000000002240995,0.005552222222262755
144,1500,0.65,0.01,0.1,0.15,JM-MI,618.3289655,616.2524999999987,649.5222500000006,343.5160919444445
144,1500,0.65,0.01,0.1,0.15,Naive,0.0025590000000314866,0.0020000000004074536,0.0020000000004074536,0.001421666666684159
145,500,0.25,0.05,0,0.15,AIPW,0.016658000000005828,0.01299999999901047,0.030000000000654836,0.009254444444447682
145,500,0.25,0.05,0,0.15,CCA,0.002456000000010258,0.0020000000004074536,0.0030000000006111804,0.0013644444444501434
145,500,0.25,0.05,0,0.15,FCS-MI,3.8883235000000083,4.01299999999992,4.45125000000002,2.1601797222222268
145,500,0.25,0.05,0,0.15,IPW,0.00611999999999422,0.005000000000109139,0.02000000000000455,0.0033999999999967893
145,500,0.25,0.05,0,0.15,JM-MI,206.77129000000002,221.63499999999976,227.06419999999855,114.8729388888889
145,500,0.25,0.05,0,0.15,Naive,0.0019634999999899798,0.0020000000004074536,0.0020000000004074536,0.0010908333333277665
146,500,0.5,0.05,0,0.15,AIPW,0.017523500000004546,0.014000000000010004,0.031000000000858563,0.009735277777780302
146,500,0.5,0.05,0,0.15,CCA,0.002725000000011964,0.002999999998792191,0.0030000000006111804,0.0015138888888955354
146,500,0.5,0.05,0,0.15,FCS-MI,4.250924499999974,4.308999999999855,5.049999999999318,2.3616247222222078
146,500,0.5,0.05,0,0.15,IPW,0.006512000000002487,0.005000000001018634,0.021000000000640284,0.0036177777777791596
146,500,0.5,0.05,0,0.15,JM-MI,221.2586145,224.9365000000007,257.21209999999957,122.9214525
146,500,0.5,0.05,0,0.15,Naive,0.0020715000000189787,0.0020000000004074536,0.0030000000006111804,0.0011508333333438772
147,500,0.65,0.05,0,0.15,AIPW,0.016909499999985214,0.012999999999919964,0.031000000000858563,0.009394166666658453
147,500,0.65,0.05,0,0.15,CCA,0.0026955000000129974,0.002999999998792191,0.0030000000006111804,0.0014975000000072207
147,500,0.65,0.05,0,0.15,FCS-MI,4.329776000000009,4.349499999999807,5.15015000000053,2.405431111111116
147,500,0.65,0.05,0,0.15,IPW,0.006707500000045343,0.005000000001018634,0.021999999999934516,0.0037263888889140792
147,500,0.65,0.05,0,0.15,JM-MI,204.07602599999998,200.6890000000003,255.27124999999887,113.37557
147,500,0.65,0.05,0,0.15,Naive,0.0020024999999655817,0.0020000000004074536,0.002999999999985903,0.0011124999999808788
148,800,0.25,0.05,0,0.15,AIPW,0.016487000000026654,0.013999999999214197,0.021000000000640284,0.009159444444459252
148,800,0.25,0.05,0,0.15,CCA,0.0020929999999755484,0.0020000000004074536,0.0030000000006111804,0.0011627777777641936
148,800,0.25,0.05,0,0.15,FCS-MI,4.002820500000026,3.7979999999997744,5.334850000000391,2.2237891666666814
148,800,0.25,0.05,0,0.15,IPW,0.005473499999988064,0.004999999999199645,0.00800000000028831,0.0030408333333267023
148,800,0.25,0.05,0,0.15,JM-MI,279.1842505,267.60849999999937,362.26649999999944,155.1023613888889
148,800,0.25,0.05,0,0.15,Naive,0.0017385000000101672,0.0019999999985884642,0.0020000000004074536,9.658333333389818e-4
149,800,0.5,0.05,0,0.15,AIPW,0.01684700000001257,0.01499999999987267,0.023999999999432475,0.009359444444451429
149,800,0.5,0.05,0,0.15,CCA,0.0024240000000326245,0.0020000000004074536,0.003999999999046122,0.0013466666666847914
149,800,0.5,0.05,0,0.15,FCS-MI,4.688069499999971,4.397999999999911,6.4889999999996695,2.6044830555555394
149,800,0.5,0.05,0,0.15,IPW,0.006211999999977394,0.005000000001018634,0.011999999998897693,0.003451111111098552
149,800,0.5,0.05,0,0.15,JM-MI,295.17129450000004,282.71849999999995,349.9830999999998,163.98405250000002
149,800,0.5,0.05,0,0.15,Naive,0.0019054999999465324,0.0019999999999527063,0.0030000000006111804,0.001058611111081407
150,800,0.65,0.05,0,0.15,AIPW,0.01570650000001075,0.014000000000123691,0.01900000000023283,0.008725833333339305
150,800,0.65,0.05,0,0.15,CCA,0.002283999999990538,0.0020000000004074536,0.0030000000006111804,0.0012688888888836322
150,800,0.65,0.05,0,0.15,FCS-MI,4.371684999999974,4.259499999998297,5.481050000000823,2.4287138888888737
150,800,0.65,0.05,0,0.15,IPW,0.005861999999969726,0.005000000000109139,0.009000000000105502,0.0032566666666498474
150,800,0.65,0.05,0,0.15,JM-MI,286.5845105,284.03949999999986,339.9993999999997,159.21361694444445
150,800,0.65,0.05,0,0.15,Naive,0.0017190000000039144,0.0019999999985884642,0.0020000000004074536,9.550000000021747e-4
151,1500,0.25,0.05,0,0.15,AIPW,0.03236000000007005,0.021000000000185537,0.11999999999989655,0.01797777777781669
151,1500,0.25,0.05,0,0.15,CCA,0.004168999999978542,0.0020000000004074536,0.0030000000042491592,0.00231611111109919
151,1500,0.25,0.05,0,0.15,FCS-MI,5.291952499999998,5.114000000000942,6.361050000004252,2.9399736111111103
151,1500,0.25,0.05,0,0.15,IPW,0.01054599999994315,0.006000000001222361,0.01299999999901047,0.005858888888857305
151,1500,0.25,0.05,0,0.15,JM-MI,565.4440145000001,557.303,654.4915499999981,314.13556361111114
151,1500,0.25,0.05,0,0.15,Naive,0.0053750000000354166,0.0020000000004074536,0.004050000000643149,0.002986111111130787
152,1500,0.5,0.05,0,0.15,AIPW,0.03417150000004699,0.02200000000084401,0.12005000000000332,0.01898416666669277
152,1500,0.5,0.05,0,0.15,CCA,0.0029554999999885597,0.0020000000004074536,0.0030000000042491592,0.001641944444438089
152,1500,0.5,0.05,0,0.15,FCS-MI,5.890116000000058,5.718000000000757,6.9320000000006985,3.272286666666699
152,1500,0.5,0.05,0,0.15,IPW,0.011566499999906171,0.006999999997788109,0.01299999999901047,0.006425833333281206
152,1500,0.5,0.05,0,0.15,JM-MI,575.040499,555.4915000000037,661.3646499999986,319.46694388888886
152,1500,0.5,0.05,0,0.15,Naive,0.0029065000000692985,0.0020000000004074536,0.0020000000004074536,0.0016147222222607214
153,1500,0.65,0.05,0,0.15,AIPW,0.034573500000006106,0.02500000000145519,0.05505000000011928,0.019207500000003392
153,1500,0.65,0.05,0,0.15,CCA,0.003463500000015374,0.0029999999969732016,0.0030000000042491592,0.0019241666666752078
153,1500,0.65,0.05,0,0.15,FCS-MI,6.591795000000009,6.8105000000014115,7.219050000004427,3.6621083333333386
153,1500,0.65,0.05,0,0.15,IPW,0.009459999999999809,0.007499999999708962,0.011999999995350662,0.005255555555555449
153,1500,0.65,0.05,0,0.15,JM-MI,619.935053,631.8889999999992,653.2616000000002,344.40836277777777
153,1500,0.65,0.05,0,0.15,Naive,0.0028069999999631675,0.0020000000004074536,0.002999999998792191,0.001559444444423982
154,500,0.25,0.05,0.02,0.15,AIPW,0.01761999999998882,0.01300000000082946,0.0319999999992433,0.009788888888882678
154,500,0.25,0.05,0.02,0.15,CCA,0.002712999999978567,0.002999999998792191,0.0030000000006111804,0.001507222222210315
154,500,0.25,0.05,0.02,0.15,FCS-MI,4.368057000000018,4.350500000000011,4.641999999999825,2.426698333333343
154,500,0.25,0.05,0.02,0.15,IPW,0.006654499999988133,0.005000000001018634,0.021050000000468524,0.0036969444444378513
154,500,0.25,0.05,0.02,0.15,JM-MI,220.513317,219.7829999999999,227.16235000000015,122.50739833333334
154,500,0.25,0.05,0.02,0.15,Naive,0.0021035000000023327,0.0020000000004074536,0.0029999999997016857,0.001168611111112407
155,500,0.5,0.05,0.02,0.15,AIPW,0.017054999999986605,0.01299999999901047,0.030000000000654836,0.009474999999992559
155,500,0.5,0.05,0.02,0.15,CCA,0.00276499999998491,0.002999999998792191,0.0030000000006111804,0.0015361111111027277
155,500,0.5,0.05,0.02,0.15,FCS-MI,4.425314499999995,4.467999999998938,4.762050000000636,2.458508055555553
155,500,0.5,0.05,0.02,0.15,IPW,0.006792500000000416,0.005000000001018634,0.02200000000084401,0.0037736111111113424
155,500,0.5,0.05,0.02,0.15,JM-MI,210.00556450000002,210.79750000000058,212.78424999999967,116.66975805555558
155,500,0.5,0.05,0.02,0.15,Naive,0.0019975000000272075,0.0020000000004074536,0.0020000000004074536,0.0011097222222373375
156,500,0.65,0.05,0.02,0.15,AIPW,0.017149500000001396,0.01299999999901047,0.030000000000654836,0.009527500000000775
156,500,0.65,0.05,0.02,0.15,CCA,0.0028339999999948194,0.002999999998792191,0.0030000000006111804,0.0015744444444415666
156,500,0.65,0.05,0.02,0.15,FCS-MI,4.462506000000023,4.540000000000418,4.831000000000131,2.4791700000000128
156,500,0.65,0.05,0.02,0.15,IPW,0.006861500000006956,0.005000000001018634,0.022999999999922235,0.0038119444444483087
156,500,0.65,0.05,0.02,0.15,JM-MI,208.06825849999998,209.35599999999977,211.7559500000001,115.59347694444445
156,500,0.65,0.05,0.02,0.15,Naive,0.002068999999994625,0.0020000000004074536,0.0020000000004074536,0.0011494444444414581
157,800,0.25,0.05,0.02,0.15,AIPW,0.01994000000001762,0.018000000000029104,0.02599999999802094,0.011077777777787566
157,800,0.25,0.05,0.02,0.15,CCA,0.0023970000000408656,0.0020000000004074536,0.0030000000006111804,0.00133166666668937
157,800,0.25,0.05,0.02,0.15,FCS-MI,4.679553499999976,4.736499999999069,5.713149999999678,2.5997519444444315
157,800,0.25,0.05,0.02,0.15,IPW,0.006361500000011347,0.005000000001018634,0.009000000001833541,0.0035341666666729703
157,800,0.25,0.05,0.02,0.15,JM-MI,355.056133,374.3095000000003,415.3532,197.25340722222225
157,800,0.25,0.05,0.02,0.15,Naive,0.001989499999974775,0.0020000000004074536,0.0030000000006111804,0.0011052777777637638
158,800,0.5,0.05,0.02,0.15,AIPW,0.017953999999990856,0.015000000000327418,0.024999999999636202,0.009974444444439364
158,800,0.5,0.05,0.02,0.15,CCA,0.00234350000001243,0.0020000000004074536,0.0030000000042491592,0.0013019444444513498
158,800,0.5,0.05,0.02,0.15,FCS-MI,4.526906499999997,4.316000000000713,5.990049999999791,2.514948055555554
158,800,0.5,0.05,0.02,0.15,IPW,0.005992500000001371,0.005000000001018634,0.009000000001833541,0.0033291666666674284
158,800,0.5,0.05,0.02,0.15,JM-MI,315.0929865,287.1259999999993,411.6687000000015,175.05165916666667
158,800,0.5,0.05,0.02,0.15,Naive,0.0018470000000049309,0.0019999999999527063,0.0029999999997016857,0.0010261111111138504
159,800,0.65,0.05,0.02,0.15,AIPW,0.01676899999998855,0.014999999999417923,0.01900000000023283,0.00931611111110475
159,800,0.65,0.05,0.02,0.15,CCA,0.0024519999999784298,0.0020000000004074536,0.0030000000006111804,0.0013622222222102387
159,800,0.65,0.05,0.02,0.15,FCS-MI,4.547785999999999,4.475500000000466,5.163350000000537,2.5265477777777776
159,800,0.65,0.05,0.02,0.15,IPW,0.006374999999998294,0.005000000001018634,0.009000000001833541,0.0035416666666657193
159,800,0.65,0.05,0.02,0.15,JM-MI,304.11267150000003,304.3939999999993,312.56759999999997,168.95148416666666
159,800,0.65,0.05,0.02,0.15,Naive,0.0018529999999901707,0.0019999999999527063,0.0020000000004074536,0.0010294444444389837
160,1500,0.25,0.05,0.02,0.15,AIPW,0.030060999999975423,0.01900000000023283,0.14110000000006825,0.0167005555555419
160,1500,0.25,0.05,0.02,0.15,CCA,0.0029710000000315344,0.0020000000004074536,0.002999999999999681,0.0016505555555730747
160,1500,0.25,0.05,0.02,0.15,FCS-MI,4.727745999999908,4.636000000002241,5.417650000000014,2.6265255555555047
160,1500,0.25,0.05,0.02,0.15,IPW,0.009185999999984403,0.006000000001222361,0.01005000000186551,0.005103333333324669
160,1500,0.25,0.05,0.02,0.15,JM-MI,514.9320905000001,499.6414999999997,580.3240999999999,286.0733836111111
160,1500,0.25,0.05,0.02,0.15,Naive,0.004380999999981289,0.001999999996769475,0.0029999999969732016,0.0024338888888784938
161,1500,0.5,0.05,0.02,0.15,AIPW,0.029291499999952918,0.020999999993364327,0.04800000000000182,0.0162730555555294
161,1500,0.5,0.05,0.02,0.15,CCA,0.002869000000081626,0.0020000000004074536,0.0030000000042491592,0.0015938888889342367
161,1500,0.5,0.05,0.02,0.15,FCS-MI,5.343244999999953,5.012000000002445,7.713999999999942,2.9684694444444184
161,1500,0.5,0.05,0.02,0.15,IPW,0.012187000000004304,0.006000000001222361,0.028250000000229872,0.006770555555557946
161,1500,0.5,0.05,0.02,0.15,JM-MI,495.68437450000005,466.8644999999997,648.0401000000056,275.38020805555556
161,1500,0.5,0.05,0.02,0.15,Naive,0.0033510000000244074,0.0019999999999527063,0.002999999997109626,0.001861666666680226
162,1500,0.65,0.05,0.02,0.15,AIPW,0.031200499999997505,0.023000000001047738,0.05105000000103241,0.017333611111109724
162,1500,0.65,0.05,0.02,0.15,CCA,0.0030469999999684977,0.0020000000004074536,0.0030000000042491592,0.0016927777777602764
162,1500,0.65,0.05,0.02,0.15,FCS-MI,6.174676499999958,6.126500000000078,7.196249999999964,3.4303758333333096
162,1500,0.65,0.05,0.02,0.15,IPW,0.00980699999999743,0.006999999997788109,0.011000000005878974,0.005448333333331905
162,1500,0.65,0.05,0.02,0.15,JM-MI,561.892919,559.3969999999993,649.4559999999982,312.1627327777778
162,1500,0.65,0.05,0.02,0.15,Naive,0.0036940000000281617,0.0020000000004074536,0.0029999999969732016,0.0020522222222378672
163,500,0.25,0.05,0.05,0.15,AIPW,0.01572100000000718,0.011000000000422006,0.02600000000165892,0.008733888888892878
163,500,0.25,0.05,0.05,0.15,CCA,0.0022590000000056887,0.0020000000004074536,0.0030000000006111804,0.0012550000000031607
163,500,0.25,0.05,0.05,0.15,FCS-MI,3.7700955000000107,3.7620000000006257,4.151999999998316,2.094497500000006
163,500,0.25,0.05,0.05,0.15,IPW,0.005594500000003052,0.004000000000814907,0.018000000000029104,0.003108055555557251
163,500,0.25,0.05,0.05,0.15,JM-MI,187.09769799999998,189.34699999999975,203.05120000000124,103.94316555555554
163,500,0.25,0.05,0.05,0.15,Naive,0.0018039999999936523,0.0019999999999527063,0.0020000000004074536,0.0010022222222186956
164,500,0.5,0.05,0.05,0.15,AIPW,0.015629500000020245,0.011999999998806743,0.028999999999996362,0.008683055555566801
164,500,0.5,0.05,0.05,0.15,CCA,0.002513499999993007,0.0020000000004074536,0.0030000000006111804,0.001396388888885004
164,500,0.5,0.05,0.05,0.15,FCS-MI,3.923004000000025,3.8549999999995634,4.727050000000002,2.1794466666666805
164,500,0.5,0.05,0.05,0.15,IPW,0.006055499999998205,0.004999999999199645,0.018999999999789453,0.0033641666666656693
164,500,0.5,0.05,0.05,0.15,JM-MI,191.34460249999998,188.625,220.80690000000027,106.30255694444443
164,500,0.5,0.05,0.05,0.15,Naive,0.0018994999999878558,0.0019999999999527063,0.0020000000004074536,0.001055277777771031
165,500,0.65,0.05,0.05,0.15,AIPW,0.018138499999974442,0.013999999999214197,0.03299999999944703,0.010076944444430245
165,500,0.65,0.05,0.05,0.15,CCA,0.002908499999978265,0.0029999999997016857,0.003999999998995918,0.001615833333321258
165,500,0.65,0.05,0.05,0.15,FCS-MI,4.686855000000016,4.903000000001157,5.239000000000056,2.603808333333342
165,500,0.65,0.05,0.05,0.15,IPW,0.007155500000003386,0.0059999999994033715,0.023999999999432475,0.0039752777777796585
165,500,0.65,0.05,0.05,0.15,JM-MI,216.67210250000002,225.6300000000001,228.2186000000007,120.37339027777779
165,500,0.65,0.05,0.05,0.15,Naive,0.002223999999989622,0.0020000000004074536,0.0030000000006111804,0.00123555555554979
166,800,0.25,0.05,0.05,0.15,AIPW,0.019556000000001093,0.016999999999825377,0.023000000001047738,0.010864444444445051
166,800,0.25,0.05,0.05,0.15,CCA,0.0025155000000448777,0.0020000000004074536,0.0030000000006111804,0.0013975000000249318
166,800,0.25,0.05,0.05,0.15,FCS-MI,4.909150999999962,5.080000000000837,5.5260499999998505,2.72730611111109
166,800,0.25,0.05,0.05,0.15,IPW,0.0066170000000450105,0.0059999999994033715,0.010000000000218279,0.003676111111136117
166,800,0.25,0.05,0.05,0.15,JM-MI,346.21968849999996,357.02200000000005,364.9352999999999,192.34427138888887
166,800,0.25,0.05,0.05,0.15,Naive,0.0020774999999833405,0.0020000000004074536,0.0030000000006111804,0.0011541666666574112
167,800,0.5,0.05,0.05,0.15,AIPW,0.018487999999998322,0.016999999999825377,0.02299999999922875,0.01027111111111018
167,800,0.5,0.05,0.05,0.15,CCA,0.002670000000014351,0.0029999999969732016,0.003999999998995918,0.0014833333333413063
167,800,0.5,0.05,0.05,0.15,FCS-MI,5.090164500000007,5.271499999999833,5.760050000000013,2.8278691666666704
167,800,0.5,0.05,0.05,0.15,IPW,0.0067864999999730745,0.0059999999994033715,0.010999999998648492,0.003770277777762819
167,800,0.5,0.05,0.05,0.15,JM-MI,340.090162,353.16499999999996,361.8984999999992,188.93897888888893
167,800,0.5,0.05,0.05,0.15,Naive,0.0020624999999692404,0.0020000000004074536,0.0030000000006111804,0.0011458333333162448
168,800,0.65,0.05,0.05,0.15,AIPW,0.019280000000014553,0.018000000000029104,0.023000000001047738,0.010711111111119196
168,800,0.65,0.05,0.05,0.15,CCA,0.0026090000000010597,0.0020000000004074536,0.0030000000042491592,0.0014494444444450331
168,800,0.65,0.05,0.05,0.15,FCS-MI,4.982568499999981,5.173999999999069,5.4831000000001495,2.7680936111111003
168,800,0.65,0.05,0.05,0.15,IPW,0.0066994999999688215,0.0059999999994033715,0.010000000002037268,0.003721944444427123
168,800,0.65,0.05,0.05,0.15,JM-MI,347.1917225000001,363.5174999999999,392.3432500000007,192.88429027777784
168,800,0.65,0.05,0.05,0.15,Naive,0.001985500000000307,0.0020000000004074536,0.0029999999997016857,0.0011030555555557261
169,1500,0.25,0.05,0.05,0.15,AIPW,0.044421500000069274,0.031000000002677552,0.2044000000048978,0.024678611111149596
169,1500,0.25,0.05,0.05,0.15,CCA,0.00457350000011165,0.0029999999969732016,0.003000000011525117,0.002540833333395361
169,1500,0.25,0.05,0.05,0.15,FCS-MI,6.350972999999957,6.373499999999694,6.939049999998588,3.528318333333309
169,1500,0.25,0.05,0.05,0.15,IPW,0.011532999999976312,0.007999999999810825,0.013999999999214197,0.006407222222209062
169,1500,0.25,0.05,0.05,0.15,JM-MI,741.9044535,741.1999999999971,748.4624499999993,412.16914083333336
169,1500,0.25,0.05,0.05,0.15,Naive,0.004962499999862756,0.0020000000004074536,0.0030000000042491592,0.002756944444368198
170,1500,0.5,0.05,0.05,0.15,AIPW,0.038061000000000206,0.02599999999802094,0.15205000000003674,0.021145000000000115
170,1500,0.5,0.05,0.05,0.15,CCA,0.0038440000000111753,0.0029999999969732016,0.0030000000042491592,0.002135555555561764
170,1500,0.5,0.05,0.05,0.15,FCS-MI,6.362301500000056,6.3860000000031505,7.232049999999935,3.5346119444444755
170,1500,0.5,0.05,0.05,0.15,IPW,0.014542500000067094,0.007999999994353857,0.04099999999743886,0.00807916666670394
170,1500,0.5,0.05,0.05,0.15,JM-MI,651.157828,631.0014999999985,738.035049999996,361.7543488888889
170,1500,0.5,0.05,0.05,0.15,Naive,0.004283999999987245,0.0020000000004074536,0.003000000000156433,0.002379999999992914
171,1500,0.65,0.05,0.05,0.15,AIPW,0.03582749999995599,0.02600000000165892,0.05405000000009745,0.019904166666642218
171,1500,0.65,0.05,0.05,0.15,CCA,0.003115499999940091,0.0029999999997016857,0.004000000000814907,0.0017308333333000507
171,1500,0.65,0.05,0.05,0.15,FCS-MI,7.276688500000017,7.273000000000593,9.240399999998044,4.042604722222231
171,1500,0.65,0.05,0.05,0.15,IPW,0.010557000000050153,0.008000000001629815,0.013999999995576218,0.005865000000027863
171,1500,0.65,0.05,0.05,0.15,JM-MI,626.950275,620.7219999999979,713.8937000000013,348.30570833333337
171,1500,0.65,0.05,0.05,0.15,Naive,0.0029835000000330704,0.0020000000004074536,0.0030000000042491592,0.0016575000000183724
172,500,0.25,0.05,0.1,0.15,AIPW,0.018399499999997203,0.013999999999214197,0.03299999999944703,0.01022194444444289
172,500,0.25,0.05,0.1,0.15,CCA,0.0028224999999896757,0.0029999999997016857,0.0030000000006111804,0.0015680555555498197
172,500,0.25,0.05,0.1,0.15,FCS-MI,4.681280000000002,4.6490000000012515,4.946999999999684,2.600711111111112
172,500,0.25,0.05,0.1,0.15,IPW,0.006810499999994107,0.005000000001018634,0.021050000000559475,0.0037836111111078374
172,500,0.25,0.05,0.1,0.15,JM-MI,216.40980150000001,215.74649999999974,222.43729999999996,120.2276675
172,500,0.25,0.05,0.1,0.15,Naive,0.0023690000000063543,0.0020000000004074536,0.0030000000006111804,0.0013161111111146416
173,500,0.5,0.05,0.1,0.15,AIPW,0.018111000000006372,0.013000000002648449,0.03299999999944703,0.010061666666670206
173,500,0.5,0.05,0.1,0.15,CCA,0.0029724999999616243,0.0029999999997016857,0.0030000000006111804,0.001651388888867569
173,500,0.5,0.05,0.1,0.15,FCS-MI,4.6885330000000005,4.6830000000004475,4.99210000000018,2.604740555555556
173,500,0.5,0.05,0.1,0.15,IPW,0.007186500000010085,0.005000000001018634,0.02400000000034197,0.003992500000005603
173,500,0.5,0.05,0.1,0.15,JM-MI,219.37764500000003,219.32399999999961,224.92025,121.87646944444445
173,500,0.5,0.05,0.1,0.15,Naive,0.0021575000000027132,0.0020000000004074536,0.0030000000000484305,0.0011986111111126185
174,500,0.65,0.05,0.1,0.15,AIPW,0.019339000000017818,0.014999999999417923,0.03299999999944703,0.010743888888898788
174,500,0.65,0.05,0.1,0.15,CCA,0.00311599999998208,0.003000000000156433,0.0039999999999054126,0.0017311111111011554
174,500,0.65,0.05,0.1,0.15,FCS-MI,4.899184499999981,4.894000000000233,5.255000000001019,2.721769166666656
174,500,0.65,0.05,0.1,0.15,IPW,0.007530999999956435,0.0059999999994033715,0.023999999997613486,0.004183888888864686
174,500,0.65,0.05,0.1,0.15,JM-MI,238.85650200000003,222.73199999999997,270.85860000000014,132.69805666666667
174,500,0.65,0.05,0.1,0.15,Naive,0.0022775000000235146,0.0020000000004074536,0.0030000000006111804,0.0012652777777908415
175,800,0.25,0.05,0.1,0.15,AIPW,0.02383249999998546,0.021000000000640284,0.027050000001690885,0.0132402777777697
175,800,0.25,0.05,0.1,0.15,CCA,0.0027639999999823518,0.002999999998792191,0.0030000000042491592,0.001535555555545751
175,800,0.25,0.05,0.1,0.15,FCS-MI,5.372506000000019,5.313000000000102,5.97060000000024,2.9847255555555656
175,800,0.25,0.05,0.1,0.15,IPW,0.0071459999999898965,0.006000000001222361,0.010000000002037268,0.003969999999994387
175,800,0.25,0.05,0.1,0.15,JM-MI,436.556108,435.48550000000034,440.5200500000003,242.53117111111112
175,800,0.25,0.05,0.1,0.15,Naive,0.002256499999971172,0.0020000000004074536,0.0030000000006111804,0.0012536111110950958
176,800,0.5,0.05,0.1,0.15,AIPW,0.02320600000002878,0.0209999999979118,0.026999999998224666,0.01289222222223821
176,800,0.5,0.05,0.1,0.15,CCA,0.0029134999999859603,0.0029999999997016857,0.0040000000000000036,0.001618611111103311
176,800,0.5,0.05,0.1,0.15,FCS-MI,5.621057499999991,5.524000000000797,6.466100000000279,3.1228097222222173
176,800,0.5,0.05,0.1,0.15,IPW,0.0073850000000109045,0.006000000001222361,0.011000000005878974,0.004102777777783836
176,800,0.5,0.05,0.1,0.15,JM-MI,431.430545,431.04349999999704,434.9941000000005,239.6836361111111
176,800,0.5,0.05,0.1,0.15,Naive,0.0022875000000131184,0.0020000000004074536,0.0030000000006111804,0.0012708333333406215
177,800,0.65,0.05,0.1,0.15,AIPW,0.0176430000000054,0.014999999999417923,0.02400000000034197,0.009801666666669668
177,800,0.65,0.05,0.1,0.15,CCA,0.0024339999999712742,0.0020000000004074536,0.0030000000042491592,0.0013522222222062633
177,800,0.65,0.05,0.1,0.15,FCS-MI,4.673154000000051,4.713999999999942,5.726999999999316,2.5961966666666947
177,800,0.65,0.05,0.1,0.15,IPW,0.006424999999988245,0.005000000001018634,0.010999999998603016,0.0035694444444379137
177,800,0.65,0.05,0.1,0.15,JM-MI,324.04377949999997,320.6939999999995,429.6901999999987,180.02432194444444
177,800,0.65,0.05,0.1,0.15,Naive,0.0018609999999794388,0.0020000000004074536,0.0020000000004074536,0.001033888888877466
178,1500,0.25,0.05,0.1,0.15,AIPW,0.032450000000002435,0.021000000000640284,0.12105000000008768,0.01802777777777913
178,1500,0.25,0.05,0.1,0.15,CCA,0.003857999999967204,0.0020000000004074536,0.0030000000042491592,0.0021433333333151132
178,1500,0.25,0.05,0.1,0.15,FCS-MI,5.290844500000092,5.448500000002241,5.901150000000177,2.9393580555556067
178,1500,0.25,0.05,0.1,0.15,IPW,0.011682500000008162,0.006000000001222361,0.033999999999650754,0.006490277777782312
178,1500,0.25,0.05,0.1,0.15,JM-MI,560.9719909999999,579.1614999999997,617.8097499999942,311.65110611111106
178,1500,0.25,0.05,0.1,0.15,Naive,0.004695499999986768,0.0020000000004074536,0.003999999999908255,0.00260861111110376
179,1500,0.5,0.05,0.1,0.15,AIPW,0.038304999999933045,0.024999999997817213,0.14704999999993898,0.02128055555551836
179,1500,0.5,0.05,0.1,0.15,CCA,0.003902999999993894,0.0029999999969732016,0.0030000000042491592,0.002168333333329941
179,1500,0.5,0.05,0.1,0.15,FCS-MI,6.481419499999885,6.514500000001135,6.969050000000107,3.6007886111110468
179,1500,0.5,0.05,0.1,0.15,IPW,0.01451700000003541,0.0070000000050640665,0.040000000000873115,0.008065000000019671
179,1500,0.5,0.05,0.1,0.15,JM-MI,615.7222825000001,613.8345000000006,658.0354000000017,342.0679347222223
179,1500,0.5,0.05,0.1,0.15,Naive,0.004142499999951505,0.0020000000004074536,0.002999999998792191,0.002301388888861947
180,1500,0.65,0.05,0.1,0.15,AIPW,0.03262749999995083,0.024999999997817213,0.04700000000048021,0.01812638888886157
180,1500,0.65,0.05,0.1,0.15,CCA,0.003119499999928603,0.0029999999969732016,0.0030000000042491592,0.0017330555555158905
180,1500,0.65,0.05,0.1,0.15,FCS-MI,6.788578499999958,6.805000000000291,7.813000000001921,3.7714324999999764
180,1500,0.65,0.05,0.1,0.15,IPW,0.010009500000040021,0.007000000001426088,0.012000000002444722,0.0055608333333555665
180,1500,0.65,0.05,0.1,0.15,JM-MI,595.410784,601.1999999999975,656.9871500000008,330.78376888888897
180,1500,0.65,0.05,0.1,0.15,Naive,0.0035830000000360704,0.0020000000004074536,0.0030000000042491592,0.0019905555555755944
181,500,0.25,0.1,0,0.15,AIPW,0.01805150000003577,0.013999999999214197,0.03299999999944703,0.010028611111130984
181,500,0.25,0.1,0,0.15,CCA,0.002719500000019502,0.0029999999997016857,0.0030000000006111804,0.0015108333333441676
181,500,0.25,0.1,0,0.15,FCS-MI,4.4585014999999855,4.475999999999203,5.181100000000515,2.47694527777777
181,500,0.25,0.1,0,0.15,IPW,0.006982500000004592,0.005000000001018634,0.02099999999975353,0.0038791666666692175
181,500,0.25,0.1,0,0.15,JM-MI,215.6725505,218.83100000000104,229.81825000000023,119.8180836111111
181,500,0.25,0.1,0,0.15,Naive,0.0022375000000159893,0.0020000000004074536,0.0030000000006111804,0.0012430555555644385
182,500,0.5,0.1,0,0.15,AIPW,0.01731650000002442,0.012999999999919964,0.03005000000230207,0.009620277777791343
182,500,0.5,0.1,0,0.15,CCA,0.0027855000000208447,0.0029999999997016857,0.0030000000006111804,0.0015475000000115802
182,500,0.5,0.1,0,0.15,FCS-MI,4.357562499999974,4.337500000000091,4.744999999999891,2.420868055555541
182,500,0.5,0.1,0,0.15,IPW,0.006874999999985221,0.005000000001018634,0.023000000000138243,0.003819444444436234
182,500,0.5,0.1,0,0.15,JM-MI,214.96492400000002,215.29099999999994,218.59070000000014,119.42495777777778
182,500,0.5,0.1,0,0.15,Naive,0.002184500000000649,0.0020000000004074536,0.0020000000004074536,0.0012136111111114717
183,500,0.65,0.1,0,0.15,AIPW,0.01688549999999033,0.012999999999919964,0.030000000000654836,0.00938083333332796
183,500,0.65,0.1,0,0.15,CCA,0.002867499999986114,0.0029999999997016857,0.0030000000006111804,0.0015930555555478411
183,500,0.65,0.1,0,0.15,FCS-MI,4.448640500000059,4.435000000000855,4.843050000000073,2.4714669444444772
183,500,0.65,0.1,0,0.15,IPW,0.007140499999973983,0.005000000001018634,0.023999999997704437,0.00396694444442999
183,500,0.65,0.1,0,0.15,JM-MI,213.9572315,214.22099999999978,216.65040000000135,118.8651286111111
183,500,0.65,0.1,0,0.15,Naive,0.0022199999999840563,0.0020000000004074536,0.0020000000004074536,0.0012333333333244755
184,800,0.25,0.1,0,0.15,AIPW,0.019658500000027574,0.016999999999825377,0.023999999999432475,0.010921388888904208
184,800,0.25,0.1,0,0.15,CCA,0.002568000000038207,0.0020000000004074536,0.0030000000006111804,0.0014266666666878927
184,800,0.25,0.1,0,0.15,FCS-MI,4.962915499999999,4.854499999999462,5.740050000000223,2.757175277777778
184,800,0.25,0.1,0,0.15,IPW,0.006836000000005157,0.0059999999994033715,0.010000000002037268,0.003797777777780643
184,800,0.25,0.1,0,0.15,JM-MI,344.60133149999996,346.1249999999998,360.5767999999975,191.44518416666665
184,800,0.25,0.1,0,0.15,Naive,0.0021374999999780064,0.0020000000004074536,0.0030000000006111804,0.0011874999999877812
185,800,0.5,0.1,0,0.15,AIPW,0.01993750000000469,0.01700000000005275,0.023000000001047738,0.011076388888891495
185,800,0.5,0.1,0,0.15,CCA,0.0028185000000102633,0.0029999999997016857,0.004000000000132786,0.0015658333333390352
185,800,0.5,0.1,0,0.15,FCS-MI,5.284586500000003,5.164999999998145,6.093149999999985,2.9358813888888906
185,800,0.5,0.1,0,0.15,IPW,0.007169499999979592,0.006000000001222361,0.011000000000422006,0.003983055555544218
185,800,0.5,0.1,0,0.15,JM-MI,344.3417405,342.95450000000164,356.95825000000224,191.30096694444444
185,800,0.5,0.1,0,0.15,Naive,0.0021679999999895732,0.0020000000004074536,0.0030000000006111804,0.001204444444438652
186,800,0.65,0.1,0,0.15,AIPW,0.01949350000000902,0.017000000000280124,0.023000000001047738,0.010829722222227235
186,800,0.65,0.1,0,0.15,CCA,0.0028415000000161553,0.0029999999997016857,0.004000000000814907,0.0015786111111200864
186,800,0.65,0.1,0,0.15,FCS-MI,5.391340500000039,5.283499999999549,6.185999999999709,2.9951891666666883
186,800,0.65,0.1,0,0.15,IPW,0.007423500000021676,0.006000000001222361,0.012000000000625732,0.004124166666678709
186,800,0.65,0.1,0,0.15,JM-MI,340.15226099999995,340.8900000000003,354.3173499999986,188.97347833333333
186,800,0.65,0.1,0,0.15,Naive,0.0021570000000044223,0.0020000000004074536,0.0030000000006111804,0.0011983333333357902
187,1500,0.25,0.1,0,0.15,AIPW,0.03617650000004119,0.023000000001047738,0.15499999999997838,0.020098055555578438
187,1500,0.25,0.1,0,0.15,CCA,0.00489599999999963,0.0020000000004074536,0.0030000000042491592,0.002719999999999794
187,1500,0.25,0.1,0,0.15,FCS-MI,5.933658999999956,5.669999999998254,7.095100000000025,3.296477222222198
187,1500,0.25,0.1,0,0.15,IPW,0.01171949999999282,0.006999999999607098,0.015000000000111414,0.006510833333329345
187,1500,0.25,0.1,0,0.15,JM-MI,619.462425,620.7654999999977,651.75945,344.1457916666667
187,1500,0.25,0.1,0,0.15,Naive,0.005579000000090908,0.0020000000004074536,0.004000000000814907,0.0030994444444949485
188,1500,0.5,0.1,0,0.15,AIPW,0.04013000000005792,0.023999999999432475,0.23410000000021672,0.022294444444476622
188,1500,0.5,0.1,0,0.15,CCA,0.003777500000004702,0.0029999999969732016,0.0030000000042491592,0.002098611111113723
188,1500,0.5,0.1,0,0.15,FCS-MI,6.346156500000048,6.065500000000611,7.5920500000005635,3.5256425000000267
188,1500,0.5,0.1,0,0.15,IPW,0.015388999999986538,0.0070000000050640665,0.03900000000066939,0.008549444444436966
188,1500,0.5,0.1,0,0.15,JM-MI,613.3771065,614.4880000000012,642.7861499999999,340.7650591666667
188,1500,0.5,0.1,0,0.15,Naive,0.003600499999998844,0.0020000000004074536,0.0030000000006111804,0.0020002777777771356
189,1500,0.65,0.1,0,0.15,AIPW,0.033228500000028194,0.02599999999802094,0.03925000000072009,0.018460277777793438
189,1500,0.65,0.1,0,0.15,CCA,0.0035110000000931614,0.0029999999969732016,0.004000000000814907,0.0019505555556073118
189,1500,0.65,0.1,0,0.15,FCS-MI,6.856441499999963,6.506499999998994,8.233199999999853,3.8091341666666465
189,1500,0.65,0.1,0,0.15,IPW,0.010050499999974705,0.007999999999810825,0.012999999999919964,0.005583611111097058
189,1500,0.65,0.1,0,0.15,JM-MI,618.2375435000001,615.5969999999999,709.6655000000007,343.46530194444443
189,1500,0.65,0.1,0,0.15,Naive,0.0029924999999120655,0.0020000000004074536,0.0030000000006111804,0.0016624999999511475
190,500,0.25,0.1,0.02,0.15,AIPW,0.018516999999964426,0.014000000000010004,0.033999999999650754,0.010287222222202458
190,500,0.25,0.1,0.02,0.15,CCA,0.0032034999999807695,0.0029999999997016857,0.0030000000006111804,0.0017797222222115385
190,500,0.25,0.1,0.02,0.15,FCS-MI,4.628984500000027,4.820999999999913,5.15504999999971,2.571658055555571
190,500,0.25,0.1,0.02,0.15,IPW,0.0068685000000111105,0.005999999997584382,0.021999999999934516,0.0038158333333395055
190,500,0.25,0.1,0.02,0.15,JM-MI,233.87429500000002,244.23500000000058,247.17464999999996,129.9301638888889
190,500,0.25,0.1,0.02,0.15,Naive,0.0022879999999682234,0.0020000000004074536,0.0030000000006111804,0.0012711111110934572
191,500,0.5,0.1,0.02,0.15,AIPW,0.018356000000020772,0.013999999999214197,0.033999999999650754,0.010197777777789317
191,500,0.5,0.1,0.02,0.15,CCA,0.0030985000000034383,0.0029999999999290594,0.0030000000006111804,0.0017213888888907992
191,500,0.5,0.1,0.02,0.15,FCS-MI,4.720157999999962,4.78899999999976,5.310049999999592,2.622309999999979
191,500,0.5,0.1,0.02,0.15,IPW,0.007154000000007968,0.0059999999994033715,0.024000000000387444,0.0039744444444488715
191,500,0.5,0.1,0.02,0.15,JM-MI,228.23057400000002,232.66350000000057,243.68979999999857,126.79476333333334
191,500,0.5,0.1,0.02,0.15,Naive,0.0022085000000301403,0.0020000000004074536,0.0030000000006111804,0.001226944444461189
192,500,0.65,0.1,0.02,0.15,AIPW,0.01729499999998177,0.01300000000082946,0.0319999999992433,0.009608333333323204
192,500,0.65,0.1,0.02,0.15,CCA,0.002912000000002493,0.0029999999997016857,0.0030000000006111804,0.0016177777777791628
192,500,0.65,0.1,0.02,0.15,FCS-MI,4.732585499999984,4.831999999998516,5.12805000000053,2.629214166666658
192,500,0.65,0.1,0.02,0.15,IPW,0.006910000000001958,0.005999999997584382,0.023999999999432475,0.0038388888888899763
192,500,0.65,0.1,0.02,0.15,JM-MI,223.46486050000004,230.83900000000085,232.97420000000014,124.14714472222225
192,500,0.65,0.1,0.02,0.15,Naive,0.002131000000005211,0.0020000000004074536,0.002999999998792191,0.001183888888891784
193,800,0.25,0.1,0.02,0.15,AIPW,0.01736499999999714,0.01599999999780266,0.021000000000640284,0.009647222222220633
193,800,0.25,0.1,0.02,0.15,CCA,0.00245300000002299,0.0020000000004074536,0.0030000000006111804,0.0013627777777905502
193,800,0.25,0.1,0.02,0.15,FCS-MI,4.455454500000016,4.289999999999054,5.4429999999993015,2.4752525000000083
193,800,0.25,0.1,0.02,0.15,IPW,0.005904999999957027,0.005000000001018634,0.009000000000014552,0.003280555555531682
193,800,0.25,0.1,0.02,0.15,JM-MI,315.36310100000003,299.7584999999999,371.2985500000001,175.2017227777778
193,800,0.25,0.1,0.02,0.15,Naive,0.0018569999999908772,0.0019999999999527063,0.002999999998792191,0.0010316666666615984
194,800,0.5,0.1,0.02,0.15,AIPW,0.018366500000020693,0.01599999999962165,0.02299999999922875,0.010203611111122607
194,800,0.5,0.1,0.02,0.15,CCA,0.0025590000000163624,0.0020000000004074536,0.0030000000042491592,0.001421666666675757
194,800,0.5,0.1,0.02,0.15,FCS-MI,5.070465999999959,5.268000000000029,5.717050000000473,2.8169255555555326
194,800,0.5,0.1,0.02,0.15,IPW,0.006539499999993637,0.0059999999994033715,0.010000000002037268,0.0036330555555520207
194,800,0.5,0.1,0.02,0.15,JM-MI,321.55257250000005,333.6900000000005,356.87209999999925,178.64031805555555
194,800,0.5,0.1,0.02,0.15,Naive,0.0020110000000013073,0.0020000000004074536,0.0030000000006111804,0.0011172222222229486
195,800,0.65,0.1,0.02,0.15,AIPW,0.019510999999987205,0.016999999999825377,0.024999999999636202,0.010839444444437336
195,800,0.65,0.1,0.02,0.15,CCA,0.0028290000000168345,0.0029999999997016857,0.004000000000814907,0.0015716666666760193
195,800,0.65,0.1,0.02,0.15,FCS-MI,5.563254000000008,5.526999999998225,6.380999999999881,3.090696666666671
195,800,0.65,0.1,0.02,0.15,IPW,0.007392500000040769,0.006000000000312866,0.013000000000920409,0.004106944444467094
195,800,0.65,0.1,0.02,0.15,JM-MI,335.7619885,339.578,353.9237499999989,186.53443805555554
195,800,0.65,0.1,0.02,0.15,Naive,0.0021575000000246796,0.0020000000004074536,0.0030000000006111804,0.001198611111124822
196,1500,0.25,0.1,0.02,0.15,AIPW,0.03695999999996712,0.023999999997613486,0.07605000000089598,0.020533333333315067
196,1500,0.25,0.1,0.02,0.15,CCA,0.004451500000099368,0.0020000000004074536,0.0039999999999054126,0.0024730555556107606
196,1500,0.25,0.1,0.02,0.15,FCS-MI,6.2053884999999465,5.91649999999936,7.70605000000013,3.447438055555526
196,1500,0.25,0.1,0.02,0.15,IPW,0.01336500000004952,0.007999999994353857,0.018000000000029104,0.007425000000027511
196,1500,0.25,0.1,0.02,0.15,JM-MI,607.8398035,580.9979999999996,667.1304500000002,337.68877972222225
196,1500,0.25,0.1,0.02,0.15,Naive,0.0061074999999825,0.0020000000004074536,0.0049999999999954525,0.0033930555555458336
197,1500,0.5,0.1,0.02,0.15,AIPW,0.03743050000000335,0.023000000001047738,0.14405000000000423,0.02079472222222408
197,1500,0.5,0.1,0.02,0.15,CCA,0.0038309999999236563,0.0029999999969732016,0.0030000000042491592,0.00212833333329092
197,1500,0.5,0.1,0.02,0.15,FCS-MI,6.369568000000024,6.312999999997322,8.043149999999423,3.5386488888889023
197,1500,0.5,0.1,0.02,0.15,IPW,0.015376500000058002,0.007000000001426088,0.039999999997371555,0.008542500000032224
197,1500,0.5,0.1,0.02,0.15,JM-MI,595.5826715,606.2049999999995,692.085049999999,330.8792619444444
197,1500,0.5,0.1,0.02,0.15,Naive,0.003592000000041254,0.0020000000004074536,0.0030000000006111804,0.0019955555555784743
198,1500,0.65,0.1,0.02,0.15,AIPW,0.03492649999997042,0.024000000001251465,0.06299999999491775,0.019403611111094676
198,1500,0.65,0.1,0.02,0.15,CCA,0.0031309999999502586,0.0029999999969732016,0.004000000000814907,0.0017394444444168104
198,1500,0.65,0.1,0.02,0.15,FCS-MI,6.77119500000004,6.4869999999991705,8.892050000000017,3.761775000000022
198,1500,0.65,0.1,0.02,0.15,IPW,0.010045000000009907,0.0070000000050640665,0.01305000000593277,0.005580555555561059
198,1500,0.65,0.1,0.02,0.15,JM-MI,571.7722915,563.971499999996,689.172549999999,317.6512730555556
198,1500,0.65,0.1,0.02,0.15,Naive,0.003929000000066248,0.0020000000004074536,0.0030000000042491592,0.0021827777778145826
199,500,0.25,0.1,0.05,0.15,AIPW,0.016899000000014198,0.012999999999919964,0.03299999999944703,0.009388333333341221
199,500,0.25,0.1,0.05,0.15,CCA,0.002609999999986232,0.0020000000004074536,0.0030000000006111804,0.001449999999992351
199,500,0.25,0.1,0.05,0.15,FCS-MI,4.141550499999995,4.024499999999989,5.1539999999987005,2.300861388888886
199,500,0.25,0.1,0.05,0.15,IPW,0.006320999999972599,0.005000000000109139,0.017050000000699537,0.003511666666651444
199,500,0.25,0.1,0.05,0.15,JM-MI,190.36671150000004,203.71849999999995,225.63500000000022,105.75928416666669
199,500,0.25,0.1,0.05,0.15,Naive,0.0020950000000131037,0.0020000000004074536,0.0030000000006111804,0.0011638888888961688
200,500,0.5,0.1,0.05,0.15,AIPW,0.016600499999990432,0.012000000002444722,0.03199999999926604,0.009222499999994685
200,500,0.5,0.1,0.05,0.15,CCA,0.002694499999960016,0.0020000000004074536,0.0030000000006111804,0.0014969444444222315
200,500,0.5,0.1,0.05,0.15,FCS-MI,4.234926000000017,4.006999999998698,5.221000000000072,2.3527366666666754
200,500,0.5,0.1,0.05,0.15,IPW,0.006646499999989643,0.005000000000109139,0.020999999999776267,0.0036924999999942464
200,500,0.5,0.1,0.05,0.15,JM-MI,198.2848745,202.55849999999919,227.02805000000197,110.15826361111111
200,500,0.5,0.1,0.05,0.15,Naive,0.002186000000016434,0.0020000000004074536,0.0030000000001791705,0.0012144444444535745
201,500,0.65,0.1,0.05,0.15,AIPW,0.015800499999999603,0.011999999998806743,0.031999999999720787,0.008778055555555334
201,500,0.65,0.1,0.05,0.15,CCA,0.002664,0.0020000000004074536,0.0039999999999054126,0.00148
201,500,0.65,0.1,0.05,0.15,FCS-MI,4.201545999999998,3.8519999999998618,5.524999999999658,2.334192222222221
201,500,0.65,0.1,0.05,0.15,IPW,0.006673499999966978,0.005000000000109139,0.021000000000640284,0.0037074999999816547
201,500,0.65,0.1,0.05,0.15,JM-MI,182.78379350000003,186.8409999999999,216.76104999999998,101.54655194444446
201,500,0.65,0.1,0.05,0.15,Naive,0.0019689999999887285,0.0019999999999527063,0.0030000000006111804,0.001093888888882627
202,800,0.25,0.1,0.05,0.15,AIPW,0.017809999999997644,0.01599999999962165,0.021000000000640284,0.009894444444443136
202,800,0.25,0.1,0.05,0.15,CCA,0.0022775000000154664,0.0020000000004074536,0.0030000000006111804,0.0012652777777863702
202,800,0.25,0.1,0.05,0.15,FCS-MI,4.5796654999999475,4.547499999999673,5.360100000000602,2.5442586111110823
202,800,0.25,0.1,0.05,0.15,IPW,0.005963999999983827,0.005000000001018634,0.009000000000014552,0.003313333333324348
202,800,0.25,0.1,0.05,0.15,JM-MI,317.00293650000003,312.02250000000095,343.35184999999916,176.1127425
202,800,0.25,0.1,0.05,0.15,Naive,0.0018980000000238155,0.0020000000004074536,0.0029999999969732016,0.0010544444444576754
203,800,0.5,0.1,0.05,0.15,AIPW,0.023387000000085038,0.021000000000640284,0.026999999998224666,0.012992777777825022
203,800,0.5,0.1,0.05,0.15,CCA,0.002940499999925091,0.0029999999997016857,0.004000000000382897,0.001633611111069495
203,800,0.5,0.1,0.05,0.15,FCS-MI,5.630528000000017,5.539500000000771,6.249100000003263,3.12807111111112
203,800,0.5,0.1,0.05,0.15,IPW,0.0073485000000007685,0.006000000001222361,0.010999999998603016,0.004082500000000427
203,800,0.5,0.1,0.05,0.15,JM-MI,434.62019899999996,434.0035000000007,463.5382500000003,241.4556661111111
203,800,0.5,0.1,0.05,0.15,Naive,0.002242500000053879,0.0020000000004074536,0.0030000000006111804,0.001245833333363266
204,800,0.65,0.1,0.05,0.15,AIPW,0.02368500000000691,0.021000000000640284,0.027000000000043656,0.013158333333337172
204,800,0.65,0.1,0.05,0.15,CCA,0.003192500000001745,0.0030000000006111804,0.004000000000814907,0.0017736111111120807
204,800,0.65,0.1,0.05,0.15,FCS-MI,5.881864500000067,5.754000000000815,6.462150000000338,3.2677025000000373
204,800,0.65,0.1,0.05,0.15,IPW,0.0078720000000215,0.006999999997788109,0.012000000000193722,0.0043733333333452785
204,800,0.65,0.1,0.05,0.15,JM-MI,439.00427399999995,432.9090000000001,461.2331000000002,243.8912633333333
204,800,0.65,0.1,0.05,0.15,Naive,0.0022969999999440313,0.0020000000004074536,0.0030000000006111804,0.0012761111110800173
205,1500,0.25,0.1,0.05,0.15,AIPW,0.042903000000108646,0.03299999999944703,0.08115000000011591,0.02383500000006036
205,1500,0.25,0.1,0.05,0.15,CCA,0.0039034999999288168,0.0029999999969732016,0.003000000011525117,0.002168611111071565
205,1500,0.25,0.1,0.05,0.15,FCS-MI,6.581481499999847,6.549999999999272,7.004300000000785,3.6563786111110264
205,1500,0.25,0.1,0.05,0.15,IPW,0.013044999999925267,0.008000000001629815,0.014999999999417923,0.007247222222180704
205,1500,0.25,0.1,0.05,0.15,JM-MI,815.2957180000002,814.0835000000006,823.8620500000015,452.9420655555557
205,1500,0.25,0.1,0.05,0.15,Naive,0.00564050000019154,0.0020000000004074536,0.0049999999999954525,0.0031336111112175223
206,1500,0.5,0.1,0.05,0.15,AIPW,0.04763299999997366,0.033999999999650754,0.18210000000001392,0.026462777777763145
206,1500,0.5,0.1,0.05,0.15,CCA,0.004627499999961201,0.0029999999999290594,0.004000000000814907,0.0025708333333117786
206,1500,0.5,0.1,0.05,0.15,FCS-MI,7.325993000000063,7.17500000000291,7.974049999988051,4.069996111111146
206,1500,0.5,0.1,0.05,0.15,IPW,0.016156499999964637,0.008999999998195563,0.01900000000023283,0.008975833333313688
206,1500,0.5,0.1,0.05,0.15,JM-MI,807.632596,807.0164999999997,813.03835,448.6847755555556
206,1500,0.5,0.1,0.05,0.15,Naive,0.004715999999946927,0.0020000000004074536,0.0030000000042491592,0.002619999999970515
207,1500,0.65,0.1,0.05,0.15,AIPW,0.04065500000020381,0.033999999999650754,0.03999999999996362,0.02258611111122434
207,1500,0.65,0.1,0.05,0.15,CCA,0.003983999999887798,0.0030000000000001137,0.004000000000814907,0.002213333333270999
207,1500,0.65,0.1,0.05,0.15,FCS-MI,7.423719000000053,7.368000000001302,7.965050000003612,4.124288333333363
207,1500,0.65,0.1,0.05,0.15,IPW,0.011838499999698741,0.008999999998195563,0.013000000006286427,0.006576944444277078
207,1500,0.65,0.1,0.05,0.15,JM-MI,803.0055620000002,802.2684999999983,809.0479999999956,446.1142011111112
207,1500,0.65,0.1,0.05,0.15,Naive,0.0029220000000917314,0.0020000000004074536,0.0030000000042491592,0.001623333333384295
208,500,0.25,0.1,0.1,0.15,AIPW,0.020558999999980187,0.01599999999962165,0.03300000000002115,0.01142166666665566
208,500,0.25,0.1,0.1,0.15,CCA,0.0028719999999802437,0.0029999999999290594,0.0030000000006111804,0.0015955555555445795
208,500,0.25,0.1,0.1,0.15,FCS-MI,4.595562000000017,4.544999999998254,5.025150000001304,2.5530900000000094
208,500,0.25,0.1,0.1,0.15,IPW,0.0069665000000189254,0.005999999997584382,0.021000000000077533,0.0038702777777882918
208,500,0.25,0.1,0.1,0.15,JM-MI,272.7758445,272.4339999999993,275.3382999999996,151.54213583333333
208,500,0.25,0.1,0.1,0.15,Naive,0.00232899999999323,0.0020000000004074536,0.0030000000006111804,0.0012938888888851278
209,500,0.5,0.1,0.1,0.15,AIPW,0.015757999999999356,0.011999999998806743,0.028999999999996362,0.008754444444444088
209,500,0.5,0.1,0.1,0.15,CCA,0.0025474999999928003,0.0020000000004074536,0.0030000000006111804,0.0014152777777737783
209,500,0.5,0.1,0.1,0.15,FCS-MI,3.95572950000001,3.904999999999518,4.733199999999692,2.1976275000000056
209,500,0.5,0.1,0.1,0.15,IPW,0.006097499999997026,0.0049999999999954525,0.020999999998821295,0.003387499999998348
209,500,0.5,0.1,0.1,0.15,JM-MI,192.532893,195.1334999999999,221.4993000000001,106.96271833333334
209,500,0.5,0.1,0.1,0.15,Naive,0.002003499999981571,0.0019999999999527063,0.0020000000004074536,0.0011130555555453172
210,500,0.65,0.1,0.1,0.15,AIPW,0.015866500000012634,0.011999999999716238,0.029999999998835847,0.008814722222229242
210,500,0.65,0.1,0.1,0.15,CCA,0.0026154999999902354,0.0020000000004074536,0.0030000000006111804,0.0014530555555501308
210,500,0.65,0.1,0.1,0.15,FCS-MI,4.02223649999998,3.991000000000895,5.001000000000204,2.2345758333333223
210,500,0.65,0.1,0.1,0.15,IPW,0.006212999999998473,0.005000000000109139,0.020000000000436557,0.0034516666666658184
210,500,0.65,0.1,0.1,0.15,JM-MI,191.36782300000002,191.42699999999968,232.30335000000076,106.31545722222224
210,500,0.65,0.1,0.1,0.15,Naive,0.002027000000005615,0.0019999999999527063,0.0020000000004074536,0.0011261111111142306
211,800,0.25,0.1,0.1,0.15,AIPW,0.01781850000001742,0.01599999999962165,0.023999999997613486,0.009899166666676345
211,800,0.25,0.1,0.1,0.15,CCA,0.0023174999999889005,0.0020000000004074536,0.0030000000006111804,0.0012874999999938335
211,800,0.25,0.1,0.1,0.15,FCS-MI,4.537138000000028,4.424000000001797,5.545200000000068,2.520632222222238
211,800,0.25,0.1,0.1,0.15,IPW,0.006188499999966979,0.005000000001018634,0.009000000001833541,0.0034380555555372106
211,800,0.25,0.1,0.1,0.15,JM-MI,323.0469985,324.8670000000002,370.91989999999976,179.4705547222222
211,800,0.25,0.1,0.1,0.15,Naive,0.0019250000000056598,0.0020000000004074536,0.0030000000001791705,0.0010694444444475887
212,800,0.5,0.1,0.1,0.15,AIPW,0.016494499999988674,0.014999999999417923,0.021999999999934516,0.00916361111110482
212,800,0.5,0.1,0.1,0.15,CCA,0.002343999999991424,0.0020000000004074536,0.0030000000006111804,0.0013022222222174578
212,800,0.5,0.1,0.1,0.15,FCS-MI,4.4917280000000135,4.399499999999534,5.700450000000819,2.4954044444444516
212,800,0.5,0.1,0.1,0.15,IPW,0.006067500000019095,0.005000000001018634,0.009999999998444765,0.0033708333333439416
212,800,0.5,0.1,0.1,0.15,JM-MI,304.4227565,296.9969999999994,378.7773999999976,169.1237536111111
212,800,0.5,0.1,0.1,0.15,Naive,0.0018369999999642776,0.0019999999999527063,0.0029999999997016857,0.00102055555553571
213,800,0.65,0.1,0.1,0.15,AIPW,0.020270500000032343,0.01900000000023283,0.024999999994361134,0.011261388888906857
213,800,0.65,0.1,0.1,0.15,CCA,0.002830000000028874,0.0029999999969732016,0.0039999999999054126,0.0015722222222382635
213,800,0.65,0.1,0.1,0.15,FCS-MI,5.2045224999999435,5.465500000001612,5.93210000000065,2.8914013888888572
213,800,0.65,0.1,0.1,0.15,IPW,0.006921500000005835,0.006000000000312866,0.010000000002037268,0.0038452777777810195
213,800,0.65,0.1,0.1,0.15,JM-MI,376.4158625,427.77150000000074,431.667199999999,209.1199236111111
213,800,0.65,0.1,0.1,0.15,Naive,0.0020204999999875683,0.0020000000004074536,0.0030000000006111804,0.0011224999999930934
214,1500,0.25,0.1,0.1,0.15,AIPW,0.03474699999996645,0.02299999999922875,0.10815000000000324,0.01930388888887025
214,1500,0.25,0.1,0.1,0.15,CCA,0.0037309999999741604,0.0020000000004074536,0.0030000000042491592,0.0020727777777634223
214,1500,0.25,0.1,0.1,0.15,FCS-MI,5.796348500000023,5.750999999998385,7.37840000000404,3.2201936111111236
214,1500,0.25,0.1,0.1,0.15,IPW,0.011454500000084522,0.006999999999607098,0.03200000000019827,0.006363611111158068
214,1500,0.25,0.1,0.1,0.15,JM-MI,585.033531,596.6140000000014,673.8335999999991,325.0186283333333
214,1500,0.25,0.1,0.1,0.15,Naive,0.004130000000011995,0.0020000000004074536,0.0039999999971769284,0.0022944444444511084
215,1500,0.5,0.1,0.1,0.15,AIPW,0.033058999999992976,0.021999999997206032,0.10510000000001574,0.01836611111110721
215,1500,0.5,0.1,0.1,0.15,CCA,0.003367999999998416,0.0020000000004074536,0.0030000000042491592,0.0018711111111102312
215,1500,0.5,0.1,0.1,0.15,FCS-MI,5.817721499999931,5.712499999997846,7.352049999999144,3.2320674999999612
215,1500,0.5,0.1,0.1,0.15,IPW,0.01444349999996234,0.006999999997788109,0.038000000000010914,0.008024166666645745
215,1500,0.5,0.1,0.1,0.15,JM-MI,546.8926785,540.9984999999979,663.1351000000011,303.82926583333335
215,1500,0.5,0.1,0.1,0.15,Naive,0.0038065000000211038,0.0020000000004074536,0.0030000000006111804,0.0021147222222339464
216,1500,0.65,0.1,0.1,0.15,AIPW,0.03115349999996414,0.023000000000138243,0.04799999999886495,0.01730749999998008
216,1500,0.65,0.1,0.1,0.15,CCA,0.0031870000000264903,0.0020000000004074536,0.00399999999353895,0.0017705555555702723
216,1500,0.65,0.1,0.1,0.15,FCS-MI,6.166011999999962,6.003500000002077,8.429749999996783,3.4255622222222013
216,1500,0.65,0.1,0.1,0.15,IPW,0.009487500000092637,0.007000000000061846,0.012000000002444722,0.005270833333384799
216,1500,0.65,0.1,0.1,0.15,JM-MI,549.233577,547.0725000000002,653.4554999999976,305.12976499999996
216,1500,0.65,0.1,0.1,0.15,Naive,0.002504499999990326,0.0020000000004074536,0.0029999999999290594,0.0013913888888835144
217,500,0.25,0.01,0,0.3,AIPW,0.01763550000001608,0.013000000002648449,0.03200000000106229,0.009797500000008933
217,500,0.25,0.01,0,0.3,CCA,0.0025949999999922537,0.0020000000004074536,0.003999999998995918,0.0014416666666623632
217,500,0.25,0.01,0,0.3,FCS-MI,4.093468499999987,4.167000000000371,5.311049999999704,2.274149166666659
217,500,0.25,0.01,0,0.3,IPW,0.006543999999986767,0.005000000000109139,0.01900000000023283,0.0036355555555482037
217,500,0.25,0.01,0,0.3,JM-MI,202.9578145,208.5984999999996,248.03110000000098,112.75434138888889
217,500,0.25,0.01,0,0.3,Naive,0.0021734999999837726,0.0020000000004074536,0.0030000000006111804,0.0012074999999909849
218,500,0.5,0.01,0,0.3,AIPW,0.016598999999990285,0.011999999999716238,0.02999999999974534,0.00922166666666127
218,500,0.5,0.01,0,0.3,CCA,0.0026275000000171283,0.0020000000004074536,0.0030000000006111804,0.001459722222231738
218,500,0.5,0.01,0,0.3,FCS-MI,4.023033999999988,3.761000000000422,5.105050000000029,2.2350188888888822
218,500,0.5,0.01,0,0.3,IPW,0.006422500000001747,0.005000000000109139,0.02199999999902502,0.0035680555555565262
218,500,0.5,0.01,0,0.3,JM-MI,190.074861,179.41200000000117,217.74725000000012,105.597145
218,500,0.5,0.01,0,0.3,Naive,0.0020309999999715395,0.0019999999999527063,0.0029999999997016857,0.0011283333333175218
219,500,0.65,0.01,0,0.3,AIPW,0.01548399999999897,0.011999999999716238,0.028999999999996362,0.00860222222222165
219,500,0.65,0.01,0,0.3,CCA,0.0025375000000064634,0.0020000000004074536,0.0030000000006111804,0.001409722222225813
219,500,0.65,0.01,0,0.3,FCS-MI,3.8756760000000057,3.861999999999398,4.963999999999953,2.153153333333336
219,500,0.65,0.01,0,0.3,IPW,0.006337500000012653,0.005000000000109139,0.02099999999886677,0.003520833333340363
219,500,0.65,0.01,0,0.3,JM-MI,184.5819205,196.92100000000028,215.4370999999999,102.54551138888888
219,500,0.65,0.01,0,0.3,Naive,0.0019009999999900014,0.0019999999999527063,0.0029999999997016857,0.0010561111111055564
220,800,0.25,0.01,0,0.3,AIPW,0.01732800000000273,0.015000000003055902,0.021000000000208276,0.009626666666668185
220,800,0.25,0.01,0,0.3,CCA,0.002292000000023199,0.0020000000004074536,0.0030000000006111804,0.0012733333333462217
220,800,0.25,0.01,0,0.3,FCS-MI,4.3897664999999755,4.287000000000262,5.401100000000167,2.4387591666666535
220,800,0.25,0.01,0,0.3,IPW,0.006154499999963207,0.005000000001018634,0.009000000001833541,0.003419166666646226
220,800,0.25,0.01,0,0.3,JM-MI,316.31499800000006,320.8290000000002,356.4248999999999,175.73055444444446
220,800,0.25,0.01,0,0.3,Naive,0.0019074999999699575,0.0020000000004074536,0.0029999999997016857,0.0010597222222055319
221,800,0.5,0.01,0,0.3,AIPW,0.014562500000005883,0.01299999999901047,0.016999999999825377,0.008090277777781046
221,800,0.5,0.01,0,0.3,CCA,0.0020115000000071356,0.0020000000004074536,0.0030000000006111804,0.001117500000003964
221,800,0.5,0.01,0,0.3,FCS-MI,3.8042029999999927,3.7530000000001564,4.23610000000002,2.1134461111111067
221,800,0.5,0.01,0,0.3,IPW,0.005466999999970881,0.004999999999199645,0.009000000000014552,0.003037222222206045
221,800,0.5,0.01,0,0.3,JM-MI,244.21807500000006,244.98399999999924,246.4409999999998,135.67670833333335
221,800,0.5,0.01,0,0.3,Naive,0.0015919999999739864,0.0010000000002037268,0.0020000000004074536,8.844444444299924e-4
222,800,0.65,0.01,0,0.3,AIPW,0.016467499999979013,0.014999999999417923,0.021999999999934516,0.009148611111099452
222,800,0.65,0.01,0,0.3,CCA,0.0023355000000212754,0.0020000000004074536,0.0030000000006111804,0.0012975000000118198
222,800,0.65,0.01,0,0.3,FCS-MI,4.320889999999979,4.027000000000953,5.505100000000083,2.400494444444433
222,800,0.65,0.01,0,0.3,IPW,0.006272500000003134,0.005000000001018634,0.012999999999055946,0.0034847222222239636
222,800,0.65,0.01,0,0.3,JM-MI,248.5524305,243.7259999999992,264.5940499999998,138.0846836111111
222,800,0.65,0.01,0,0.3,Naive,0.0017794999999929673,0.001999999999497959,0.002999999999985903,9.88611111107204e-4
223,1500,0.25,0.01,0,0.3,AIPW,0.03415350000004693,0.021000000000640284,0.12610000000003074,0.01897416666669274
223,1500,0.25,0.01,0,0.3,CCA,0.003469999999955489,0.0020000000004074536,0.0030000000006111804,0.0019277777777530498
223,1500,0.25,0.01,0,0.3,FCS-MI,5.2632815000000335,5.131500000000415,6.408150000000341,2.924045277777796
223,1500,0.25,0.01,0,0.3,IPW,0.011884999999910177,0.006999999999607098,0.01599999999964439,0.006602777777727877
223,1500,0.25,0.01,0,0.3,JM-MI,480.40094150000004,474.69650000000183,504.25345000000016,266.8894119444445
223,1500,0.25,0.01,0,0.3,Naive,0.005414000000048832,0.0020000000004074536,0.00400000000005889,0.0030077777778049065
224,1500,0.5,0.01,0,0.3,AIPW,0.034277499999967063,0.021000000000640284,0.1410500000000155,0.019043055555537258
224,1500,0.5,0.01,0,0.3,CCA,0.0032695000000101827,0.0020000000004074536,0.0030000000042491592,0.001816388888894546
224,1500,0.5,0.01,0,0.3,FCS-MI,5.332870999999939,5.208999999999378,6.39709999999759,2.9627061111110766
224,1500,0.5,0.01,0,0.3,IPW,0.01596050000006821,0.006000000001222361,0.041999999999916326,0.008866944444482338
224,1500,0.5,0.01,0,0.3,JM-MI,488.6023915,475.0665000000008,618.129950000003,271.44577305555555
224,1500,0.5,0.01,0,0.3,Naive,0.003931000000022736,0.0019999999999527063,0.0029999999969732016,0.00218388888890152
225,1500,0.65,0.01,0,0.3,AIPW,0.034345500000025765,0.02599999999802094,0.05000000000291038,0.019080833333347647
225,1500,0.65,0.01,0,0.3,CCA,0.00418100000002281,0.0029999999978826963,0.004000000000814907,0.0023227777777904495
225,1500,0.65,0.01,0,0.3,FCS-MI,6.898761500000055,6.744499999999334,8.22159999999958,3.832645277777808
225,1500,0.65,0.01,0,0.3,IPW,0.009951999999922918,0.007999999997991836,0.01299999999901047,0.005528888888846066
225,1500,0.65,0.01,0,0.3,JM-MI,603.9061455,612.6875000000036,684.1880999999979,335.50341416666663
225,1500,0.65,0.01,0,0.3,Naive,0.003290999999924189,0.0020000000004074536,0.0030000000042491592,0.0018283333332912162
226,500,0.25,0.01,0.02,0.3,AIPW,0.018981000000018483,0.014000000000123691,0.03400000000056025,0.010545000000010268
226,500,0.25,0.01,0.02,0.3,CCA,0.0029584999999927625,0.0029999999997016857,0.003999999999962256,0.00164361111110709
226,500,0.25,0.01,0.02,0.3,FCS-MI,4.695948999999977,4.792999999999665,5.577150000000222,2.6088605555555424
226,500,0.25,0.01,0.02,0.3,IPW,0.007150999999993758,0.005999999997584382,0.022999999999274223,0.00397277777777431
226,500,0.25,0.01,0.02,0.3,JM-MI,224.54371550000002,232.85299999999984,239.64815000000064,124.74650861111112
226,500,0.25,0.01,0.02,0.3,Naive,0.002402000000013614,0.0020000000004074536,0.0030000000006111804,0.001334444444452008
227,500,0.5,0.01,0.02,0.3,AIPW,0.01795050000001224,0.011999999998806743,0.038000000000010914,0.0099725000000068
227,500,0.5,0.01,0.02,0.3,CCA,0.0027709999999970276,0.0020000000004074536,0.004000000000019099,0.001539444444442793
227,500,0.5,0.01,0.02,0.3,FCS-MI,4.163611999999971,3.6624999999994543,6.021149999999738,2.313117777777762
227,500,0.5,0.01,0.02,0.3,IPW,0.007016999999966458,0.005000000000109139,0.020000000000436557,0.003898333333314699
227,500,0.5,0.01,0.02,0.3,JM-MI,190.280244,178.10599999999977,228.96724999999986,105.71124666666667
227,500,0.5,0.01,0.02,0.3,Naive,0.002122500000014354,0.0020000000004074536,0.003000000000156433,0.0011791666666746408
228,500,0.65,0.01,0.02,0.3,AIPW,0.015397000000001498,0.011000000000422006,0.028999999998677594,0.008553888888889721
228,500,0.65,0.01,0.02,0.3,CCA,0.002653499999990754,0.0020000000004074536,0.0039999999999054126,0.0014741666666615299
228,500,0.65,0.01,0.02,0.3,FCS-MI,3.8469530000000076,3.60100000000034,5.578249999999979,2.1371961111111153
228,500,0.65,0.01,0.02,0.3,IPW,0.00641299999998769,0.004999999999654392,0.02099999999973079,0.003562777777770939
228,500,0.65,0.01,0.02,0.3,JM-MI,183.18182550000003,177.10200000000077,227.62664999999996,101.76768083333336
228,500,0.65,0.01,0.02,0.3,Naive,0.0019430000000145524,0.0019999999999527063,0.0030000000000427463,0.0010794444444525292
229,800,0.25,0.01,0.02,0.3,AIPW,0.019195999999988885,0.01599999999962165,0.02599999999983993,0.01066444444443827
229,800,0.25,0.01,0.02,0.3,CCA,0.002620000000013981,0.0020000000004074536,0.0030000000042491592,0.0014555555555633226
229,800,0.25,0.01,0.02,0.3,FCS-MI,4.811268000000022,4.921999999998661,6.615150000001541,2.672926666666679
229,800,0.25,0.01,0.02,0.3,IPW,0.006409000000050242,0.005000000001018634,0.010000000000218279,0.0035605555555834677
229,800,0.25,0.01,0.02,0.3,JM-MI,328.3720355,338.91999999999996,377.0135,182.42890861111107
229,800,0.25,0.01,0.02,0.3,Naive,0.002055000000024231,0.0020000000004074536,0.0030000000006111804,0.0011416666666801284
230,800,0.5,0.01,0.02,0.3,AIPW,0.017774500000002802,0.01599999999962165,0.022000000000048203,0.00987472222222378
230,800,0.5,0.01,0.02,0.3,CCA,0.0025384999999880347,0.0020000000004074536,0.0030000000006111804,0.0014102777777711302
230,800,0.5,0.01,0.02,0.3,FCS-MI,4.9289450000000254,4.977999999999156,5.697999999999865,2.7383027777777924
230,800,0.5,0.01,0.02,0.3,IPW,0.006383500000000367,0.005000000001018634,0.00999999999839929,0.003546388888889093
230,800,0.5,0.01,0.02,0.3,JM-MI,321.9242105,326.41499999999905,357.5926999999996,178.8467836111111
230,800,0.5,0.01,0.02,0.3,Naive,0.001968499999990619,0.0020000000004074536,0.0030000000006111804,0.0010936111111058994
231,800,0.65,0.01,0.02,0.3,AIPW,0.018130000000006787,0.01599999999962165,0.021000000000640284,0.010072222222225993
231,800,0.65,0.01,0.02,0.3,CCA,0.002599500000021035,0.0020000000004074536,0.0030000000006111804,0.001444166666678353
231,800,0.65,0.01,0.02,0.3,FCS-MI,5.02564699999999,5.12099999999964,5.7290500000002345,2.792026111111106
231,800,0.65,0.01,0.02,0.3,IPW,0.006788500000037032,0.005999999997584382,0.01200000000008572,0.0037713888889094626
231,800,0.65,0.01,0.02,0.3,JM-MI,315.23985899999997,323.253999999999,353.46810000000033,175.13325499999996
231,800,0.65,0.01,0.02,0.3,Naive,0.0019720000000145116,0.0020000000004074536,0.0029999999997016857,0.0010955555555636177
232,1500,0.25,0.01,0.02,0.3,AIPW,0.03801049999997326,0.023000000001047738,0.2260499999987587,0.02111694444442959
232,1500,0.25,0.01,0.02,0.3,CCA,0.003863499999997287,0.0020000000004074536,0.0030000000042491592,0.0021463888888873816
232,1500,0.25,0.01,0.02,0.3,FCS-MI,5.812354999999916,5.952499999999418,6.694199999999955,3.2290861111110645
232,1500,0.25,0.01,0.02,0.3,IPW,0.011916499999949565,0.007000000000061846,0.03499999999985448,0.006620277777749759
232,1500,0.25,0.01,0.02,0.3,JM-MI,596.8457040000002,601.9645000000019,667.0646499999986,331.58094666666676
232,1500,0.25,0.01,0.02,0.3,Naive,0.0040569999999505715,0.0020000000004074536,0.004000000000814907,0.002253888888861429
233,1500,0.5,0.01,0.02,0.3,AIPW,0.03666999999996199,0.023999999997613486,0.1510499999999524,0.020372222222201104
233,1500,0.5,0.01,0.02,0.3,CCA,0.0035649999999807377,0.0020000000004074536,0.0030000000042491592,0.001980555555544854
233,1500,0.5,0.01,0.02,0.3,FCS-MI,6.2224739999999885,6.3364999999976135,7.0991000000001465,3.456929999999994
233,1500,0.5,0.01,0.02,0.3,IPW,0.012199500000020238,0.007000000001426088,0.014999999999781721,0.006777500000011242
233,1500,0.5,0.01,0.02,0.3,JM-MI,586.4841685,593.1384999999973,646.3623500000039,325.8245380555556
233,1500,0.5,0.01,0.02,0.3,Naive,0.003828499999986643,0.0020000000004074536,0.0020500000002356953,0.002126944444437024
234,1500,0.65,0.01,0.02,0.3,AIPW,0.033154000000042004,0.02500000000145519,0.056050000003779084,0.018418888888912223
234,1500,0.65,0.01,0.02,0.3,CCA,0.0029319999999443346,0.0029999999969732016,0.0030000000042491592,0.0016288888888579638
234,1500,0.65,0.01,0.02,0.3,FCS-MI,6.536382000000057,6.642000000000735,7.470000000000255,3.6313233333333654
234,1500,0.65,0.01,0.02,0.3,IPW,0.009458999999989259,0.0070000000050640665,0.011999999999716238,0.0052549999999940335
234,1500,0.65,0.01,0.02,0.3,JM-MI,593.596961,601.6645000000026,639.9417,329.77608944444444
234,1500,0.65,0.01,0.02,0.3,Naive,0.003001000000058405,0.0020000000004074536,0.0029999999970641514,0.0016672222222546692
235,500,0.25,0.01,0.05,0.3,AIPW,0.01870699999999721,0.013999999999214197,0.03299999999944703,0.010392777777776226
235,500,0.25,0.01,0.05,0.3,CCA,0.002946999999974023,0.0029999999997016857,0.0030000000006111804,0.0016372222222077906
235,500,0.25,0.01,0.05,0.3,FCS-MI,4.5864304999999685,4.5700000000006185,4.859050000000366,2.548016944444427
235,500,0.25,0.01,0.05,0.3,IPW,0.007126500000031981,0.005000000001018634,0.02300000000003024,0.003959166666684434
235,500,0.25,0.01,0.05,0.3,JM-MI,226.33316950000003,227.97949999999992,229.1740499999991,125.74064972222223
235,500,0.25,0.01,0.05,0.3,Naive,0.002248000000017058,0.0020000000004074536,0.003000000000156433,0.0012488888888983656
236,500,0.5,0.01,0.05,0.3,AIPW,0.018265500000002887,0.01300000000082946,0.03299999999944703,0.010147500000001605
236,500,0.5,0.01,0.05,0.3,CCA,0.002970999999980915,0.0029999999999290594,0.0030000000006111804,0.0016505555555449527
236,500,0.5,0.01,0.05,0.3,FCS-MI,4.642642000000007,4.661000000000058,4.994099999999684,2.579245555555559
236,500,0.5,0.01,0.05,0.3,IPW,0.007112000000013694,0.005999999997584382,0.024999999999636202,0.003951111111118719
236,500,0.5,0.01,0.05,0.3,JM-MI,218.143662,219.4060000000004,226.93825000000007,121.19092333333334
236,500,0.5,0.01,0.05,0.3,Naive,0.0022430000000071273,0.0020000000004074536,0.0029999999999290594,0.0012461111111150708
237,500,0.65,0.01,0.05,0.3,AIPW,0.017625499999979824,0.013000000000374712,0.032999999999901775,0.009791944444433235
237,500,0.65,0.01,0.05,0.3,CCA,0.002917999999993705,0.0029999999997016857,0.0030000000006111804,0.001621111111107614
237,500,0.65,0.01,0.05,0.3,FCS-MI,4.482316499999994,4.700499999998556,5.166000000000167,2.49017583333333
237,500,0.65,0.01,0.05,0.3,IPW,0.0069260000000402186,0.005000000001018634,0.02300000000018372,0.0038477777778001213
237,500,0.65,0.01,0.05,0.3,JM-MI,206.92207199999999,219.36549999999988,228.39109999999965,114.95670666666666
237,500,0.65,0.01,0.05,0.3,Naive,0.0020725000000011576,0.0020000000004074536,0.003000000000156433,0.0011513888888895322
238,800,0.25,0.01,0.05,0.3,AIPW,0.01729100000000844,0.01599999999962165,0.023000000000138243,0.0096061111111158
238,800,0.25,0.01,0.05,0.3,CCA,0.0022764999999742553,0.0020000000004074536,0.0030000000006111804,0.0012647222222079198
238,800,0.25,0.01,0.05,0.3,FCS-MI,4.439611500000027,4.673999999999978,5.529199999999969,2.4664508333333486
238,800,0.25,0.01,0.05,0.3,IPW,0.005920000000002488,0.005000000001018634,0.008999999998195563,0.0032888888888902715
238,800,0.25,0.01,0.05,0.3,JM-MI,309.4405675,327.6304999999993,360.10830000000016,171.91142638888888
238,800,0.25,0.01,0.05,0.3,Naive,0.001891999999986773,0.0020000000004074536,0.0030000000006111804,0.0010511111111037629
239,800,0.5,0.01,0.05,0.3,AIPW,0.019646500000005347,0.016999999999825377,0.023000000000138243,0.010914722222225193
239,800,0.5,0.01,0.05,0.3,CCA,0.002786500000021537,0.0029999999997016857,0.0039999999971769284,0.0015480555555675204
239,800,0.5,0.01,0.05,0.3,FCS-MI,5.365324499999993,5.286999999999352,6.081100000000044,2.980735833333329
239,800,0.5,0.01,0.05,0.3,IPW,0.007187000000004019,0.006000000001222361,0.011000000002240995,0.003992777777780011
239,800,0.5,0.01,0.05,0.3,JM-MI,351.2326635,353.8765000000003,357.33969999999954,195.12925750000002
239,800,0.5,0.01,0.05,0.3,Naive,0.0021935000000008363,0.0020000000004074536,0.0030000000006111804,0.0012186111111115758
240,800,0.65,0.01,0.05,0.3,AIPW,0.01962699999996704,0.016999999999825377,0.023000000000138243,0.010903888888870578
240,800,0.65,0.01,0.05,0.3,CCA,0.002889500000030984,0.0029999999999290594,0.004000000000382897,0.0016052777777949912
240,800,0.65,0.01,0.05,0.3,FCS-MI,5.509132499999982,5.433500000001004,6.210000000000001,3.0606291666666565
240,800,0.65,0.01,0.05,0.3,IPW,0.007392499999996687,0.006000000001222361,0.012000000000625732,0.004106944444442604
240,800,0.65,0.01,0.05,0.3,JM-MI,349.694698,351.7724999999991,358.75039999999785,194.27483222222222
240,800,0.65,0.01,0.05,0.3,Naive,0.0021945000000219155,0.0020000000004074536,0.0030000000006111804,0.001219166666678842
241,1500,0.25,0.01,0.05,0.3,AIPW,0.035363000000001366,0.023999999999432475,0.13999999999998636,0.019646111111111867
241,1500,0.25,0.01,0.05,0.3,CCA,0.004330499999958449,0.0020000000004074536,0.0030000000042491592,0.0024058333333102496
241,1500,0.25,0.01,0.05,0.3,FCS-MI,5.966357999999982,6.179500000002008,6.875049999999964,3.3146433333333234
241,1500,0.25,0.01,0.05,0.3,IPW,0.010970000000013443,0.006999999999607098,0.01299999999901047,0.006094444444451912
241,1500,0.25,0.01,0.05,0.3,JM-MI,612.597896,627.4795000000013,669.7683499999998,340.33216444444446
241,1500,0.25,0.01,0.05,0.3,Naive,0.004214500000064017,0.0020000000004074536,0.004999999997471604,0.0023413888889244542
242,1500,0.5,0.01,0.05,0.3,AIPW,0.03671650000001904,0.023000000001047738,0.15404999999999514,0.020398055555566133
242,1500,0.5,0.01,0.05,0.3,CCA,0.004353500000047078,0.0020000000004074536,0.0030000000042491592,0.002418611111137266
242,1500,0.5,0.01,0.05,0.3,FCS-MI,6.1218800000000035,6.360499999998865,7.0573500000005875,3.4010444444444463
242,1500,0.5,0.01,0.05,0.3,IPW,0.015276999999967188,0.007000000000516593,0.0379999999935535,0.008487222222203994
242,1500,0.5,0.01,0.05,0.3,JM-MI,586.9329260000001,617.3589999999999,661.3748000000018,326.07384777777776
242,1500,0.5,0.01,0.05,0.3,Naive,0.0044170000000352755,0.0020000000004074536,0.0030000000042491592,0.002453888888908486
243,1500,0.65,0.01,0.05,0.3,AIPW,0.03472700000002078,0.024000000001251465,0.062049999999908276,0.019292777777789323
243,1500,0.65,0.01,0.05,0.3,CCA,0.0034854999999974503,0.0029999999969732016,0.003999999993720848,0.0019363888888874723
243,1500,0.65,0.01,0.05,0.3,FCS-MI,6.443979499999934,6.4375,7.572100000000137,3.579988611111074
243,1500,0.65,0.01,0.05,0.3,IPW,0.010079000000028827,0.0070000000050640665,0.012000000000625732,0.00559944444446046
243,1500,0.65,0.01,0.05,0.3,JM-MI,587.2197520000001,581.8315000000002,630.3781500000022,326.23319555555554
243,1500,0.65,0.01,0.05,0.3,Naive,0.00281800000005235,0.0020000000004074536,0.0030000000006111804,0.0015655555555846388
244,500,0.25,0.01,0.1,0.3,AIPW,0.020484999999955848,0.014999999999417923,0.037000000000261934,0.011380555555531026
244,500,0.25,0.01,0.1,0.3,CCA,0.0029745000000178995,0.003000000000156433,0.004000000000019099,0.0016525000000099442
244,500,0.25,0.01,0.1,0.3,FCS-MI,4.646502000000007,4.657999999999959,5.075050000000692,2.581390000000004
244,500,0.25,0.01,0.1,0.3,IPW,0.007399000000042619,0.0059999999994033715,0.02399999999989291,0.004110555555579233
244,500,0.25,0.01,0.1,0.3,JM-MI,217.58048749999998,217.1235000000006,227.37129999999905,120.87804861111108
244,500,0.25,0.01,0.1,0.3,Naive,0.0024279999999812347,0.0020000000004074536,0.0030000000006111804,0.0013488888888784636
245,500,0.5,0.01,0.1,0.3,AIPW,0.017908000000006256,0.012999999999919964,0.032999999999901775,0.009948888888892364
245,500,0.5,0.01,0.1,0.3,CCA,0.00282500000002037,0.002999999998792191,0.0039999999999054126,0.001569444444455761
245,500,0.5,0.01,0.1,0.3,FCS-MI,4.51261749999998,4.3549999999995634,5.371099999999226,2.5070097222222114
245,500,0.5,0.01,0.1,0.3,IPW,0.007399999999995046,0.005000000001018634,0.02299999999922875,0.004111111111108359
245,500,0.5,0.01,0.1,0.3,JM-MI,203.63331100000002,194.74000000000024,225.81459999999862,113.12961722222224
245,500,0.5,0.01,0.1,0.3,Naive,0.0020925000000043166,0.0020000000004074536,0.0030000000006111804,0.0011625000000023982
246,500,0.65,0.01,0.1,0.3,AIPW,0.016334999999967934,0.011999999999716238,0.030000000000745784,0.009074999999982186
246,500,0.65,0.01,0.1,0.3,CCA,0.002766999999998777,0.002999999998792191,0.0030000000006111804,0.001537222222221543
246,500,0.65,0.01,0.1,0.3,FCS-MI,4.385997999999999,4.255000000000564,5.233000000000003,2.436665555555555
246,500,0.65,0.01,0.1,0.3,IPW,0.006774000000000171,0.005000000000109139,0.021999999999934516,0.003763333333333429
246,500,0.65,0.01,0.1,0.3,JM-MI,196.284828,189.9915000000001,215.17010000000005,109.04712666666667
246,500,0.65,0.01,0.1,0.3,Naive,0.0019944999999942582,0.0020000000000095497,0.0029999999997130547,0.0011080555555523655
247,800,0.25,0.01,0.1,0.3,AIPW,0.018108000000000544,0.01599999999962165,0.022050000000672254,0.010060000000000303
247,800,0.25,0.01,0.1,0.3,CCA,0.0022959999999621573,0.0020000000004074536,0.0030000000006111804,0.0012755555555345318
247,800,0.25,0.01,0.1,0.3,FCS-MI,4.371931500000031,4.427999999999884,5.212199999999825,2.4288508333333505
247,800,0.25,0.01,0.1,0.3,IPW,0.00627500000000299,0.005000000001018634,0.009000000001833541,0.0034861111111127723
247,800,0.25,0.01,0.1,0.3,JM-MI,318.6142305,334.09450000000015,347.29720000000003,177.00790583333333
247,800,0.25,0.01,0.1,0.3,Naive,0.001940000000004232,0.0020000000004074536,0.002999999999940428,0.0010777777777801287
248,800,0.5,0.01,0.1,0.3,AIPW,0.01738399999999453,0.01599999999962165,0.021000000000640284,0.009657777777774738
248,800,0.5,0.01,0.1,0.3,CCA,0.002460999999996267,0.0020000000004074536,0.0030000000006111804,0.0013672222222201485
248,800,0.5,0.01,0.1,0.3,FCS-MI,4.640144500000004,4.695499999999811,5.584049999999115,2.577858055555558
248,800,0.5,0.01,0.1,0.3,IPW,0.006402499999978857,0.005000000001018634,0.009000000001833541,0.003556944444432699
248,800,0.5,0.01,0.1,0.3,JM-MI,315.80664850000005,329.3819999999996,343.66815,175.44813805555557
248,800,0.5,0.01,0.1,0.3,Naive,0.0019204999999792793,0.0020000000004074536,0.0020000000004074536,0.001066944444432933
249,800,0.65,0.01,0.1,0.3,AIPW,0.0174084999999765,0.01599999999962165,0.021000000000640284,0.009671388888875834
249,800,0.65,0.01,0.1,0.3,CCA,0.0024999999999762235,0.0020000000004074536,0.0030000000006111804,0.0013888888888756797
249,800,0.65,0.01,0.1,0.3,FCS-MI,4.879214000000044,4.903500000002168,5.7629999999990105,2.710674444444469
249,800,0.65,0.01,0.1,0.3,IPW,0.0065705000000202745,0.005000000001018634,0.010000000002037268,0.0036502777777890415
249,800,0.65,0.01,0.1,0.3,JM-MI,324.29351149999997,321.59000000000015,358.54210000000126,180.16306194444442
249,800,0.65,0.01,0.1,0.3,Naive,0.0020410000000057786,0.0020000000004074536,0.003000000000071168,0.0011338888888920995
250,1500,0.25,0.01,0.1,0.3,AIPW,0.032932000000028834,0.020999999995183316,0.1470499999999333,0.018295555555571576
250,1500,0.25,0.01,0.1,0.3,CCA,0.004158499999959054,0.0020000000004074536,0.0030000000042491592,0.00231027777775503
250,1500,0.25,0.01,0.1,0.3,FCS-MI,5.298087000000053,5.158999999999651,6.542450000001554,2.943381666666696
250,1500,0.25,0.01,0.1,0.3,IPW,0.010746000000027607,0.006000000001222361,0.03299999999944703,0.005970000000015337
250,1500,0.25,0.01,0.1,0.3,JM-MI,551.2678695,541.8505000000005,649.2301999999949,306.2599275
250,1500,0.25,0.01,0.1,0.3,Naive,0.003726999999945072,0.0020000000004074536,0.0030000000042491592,0.00207055555552504
251,1500,0.5,0.01,0.1,0.3,AIPW,0.04007349999991487,0.029999999998835847,0.16780000000001513,0.02226305555550826
251,1500,0.5,0.01,0.1,0.3,CCA,0.003726500000045151,0.0029999999969732016,0.003000000011525117,0.0020702777778028618
251,1500,0.5,0.01,0.1,0.3,FCS-MI,6.368676000000024,6.4379999999998745,7.139050000000952,3.538153333333346
251,1500,0.5,0.01,0.1,0.3,IPW,0.01257200000009351,0.007999999994353857,0.03800000000046566,0.006984444444496395
251,1500,0.5,0.01,0.1,0.3,JM-MI,696.2469954999999,733.3444999999956,738.5811000000001,386.8038863888888
251,1500,0.5,0.01,0.1,0.3,Naive,0.0032334999999092035,0.0020000000004074536,0.0030000000006111804,0.0017963888888384465
252,1500,0.65,0.01,0.1,0.3,AIPW,0.03943250000008311,0.0319999999992433,0.05999999999776264,0.021906944444490616
252,1500,0.65,0.01,0.1,0.3,CCA,0.0035145000000179312,0.0029999999997016857,0.004000000000814907,0.001952500000009962
252,1500,0.65,0.01,0.1,0.3,FCS-MI,7.0740595000000335,6.829499999999825,8.273349999994025,3.930033055555574
252,1500,0.65,0.01,0.1,0.3,IPW,0.010755499999951894,0.008000000001629815,0.01299999999901047,0.005975277777751052
252,1500,0.65,0.01,0.1,0.3,JM-MI,731.4975755,730.5224999999991,737.4344000000008,406.3875419444445
252,1500,0.65,0.01,0.1,0.3,Naive,0.0030189999999561067,0.0020000000004074536,0.0030000000042491592,0.001677222222197837
253,500,0.25,0.05,0,0.3,AIPW,0.02007649999997527,0.01599999999962165,0.03299999999944703,0.011153611111097372
253,500,0.25,0.05,0,0.3,CCA,0.002929000000008598,0.00300000000002143,0.0030000000006111804,0.0016272222222269987
253,500,0.25,0.05,0,0.3,FCS-MI,4.687880999999982,4.5440000000007785,5.432050000000015,2.6043783333333232
253,500,0.25,0.05,0,0.3,IPW,0.006840500000040677,0.005999999997584382,0.021000000000640284,0.003800277777800376
253,500,0.25,0.05,0,0.3,JM-MI,258.71264299999996,253.9999999999991,274.03415000000035,143.7292461111111
253,500,0.25,0.05,0,0.3,Naive,0.002298000000008016,0.0020000000004074536,0.0030000000006111804,0.0012766666666711199
254,500,0.5,0.05,0,0.3,AIPW,0.02126899999998642,0.016000000000076398,0.033999999999650754,0.011816111111103566
254,500,0.5,0.05,0,0.3,CCA,0.0032185000000338076,0.0030000000006111804,0.004000000000814907,0.0017880555555743374
254,500,0.5,0.05,0,0.3,FCS-MI,5.16585299999996,5.00800000000163,5.786999999999992,2.869918333333312
254,500,0.5,0.05,0,0.3,IPW,0.007340499999988509,0.006000000000312866,0.023000000000138243,0.0040780555555491715
254,500,0.5,0.05,0,0.3,JM-MI,271.10442650000005,270.60099999999966,274.2536000000002,150.61357027777777
254,500,0.5,0.05,0,0.3,Naive,0.0023839999999731368,0.0020000000004074536,0.0030000000006111804,0.0013244444444295202
255,500,0.65,0.05,0,0.3,AIPW,0.020477500000015823,0.01599999999962165,0.033000000001356965,0.011376388888897679
255,500,0.65,0.05,0,0.3,CCA,0.003166500000022174,0.0030000000006111804,0.004000000000144155,0.0017591666666789858
255,500,0.65,0.05,0,0.3,FCS-MI,5.133351999999955,4.986000000000786,5.804000000000087,2.851862222222197
255,500,0.65,0.05,0,0.3,IPW,0.007432999999991324,0.006000000000312866,0.02299999999922875,0.004129444444439624
255,500,0.65,0.05,0,0.3,JM-MI,269.2209065,268.8094999999994,272.06539999999876,149.5671702777778
255,500,0.65,0.05,0,0.3,Naive,0.002344000000003522,0.0020000000004074536,0.0030000000006111804,0.0013022222222241787
256,800,0.25,0.05,0,0.3,AIPW,0.023792999999874637,0.021000000000640284,0.026999999994768587,0.013218333333263688
256,800,0.25,0.05,0,0.3,CCA,0.0027689999999718573,0.002999999998792191,0.0030000000042491592,0.0015383333333176985
256,800,0.25,0.05,0,0.3,FCS-MI,5.359439500000004,5.338999999999942,5.616099999999983,2.977466388888891
256,800,0.25,0.05,0,0.3,IPW,0.0072065000000210945,0.006000000001222361,0.010999999998603016,0.00400361111112283
256,800,0.25,0.05,0,0.3,JM-MI,436.05734400000006,435.66949999999997,439.3093000000001,242.25408000000002
256,800,0.25,0.05,0,0.3,Naive,0.0023175000000158087,0.0020000000004074536,0.0030000000042491592,0.0012875000000087825
257,800,0.5,0.05,0,0.3,AIPW,0.019709999999979744,0.017000000000280124,0.024999999997817213,0.010949999999988747
257,800,0.5,0.05,0,0.3,CCA,0.0027389999999803244,0.002999999998792191,0.003999999998995918,0.0015216666666557357
257,800,0.5,0.05,0,0.3,FCS-MI,5.433312,5.566000000000713,5.8880000000008295,3.0185066666666667
257,800,0.5,0.05,0,0.3,IPW,0.007008000000031956,0.006000000000312866,0.010999999998648492,0.0038933333333510864
257,800,0.5,0.05,0,0.3,JM-MI,354.72891599999997,356.96149999999943,374.74039999999593,197.07162
257,800,0.5,0.05,0,0.3,Naive,0.002126000000000844,0.0020000000004074536,0.0030000000006111804,0.0011811111111115799
258,800,0.65,0.05,0,0.3,AIPW,0.018100000000021255,0.01599999999962165,0.021000000000640284,0.010055555555567364
258,800,0.65,0.05,0,0.3,CCA,0.0026540000000088086,0.0029999999969732016,0.0030000000006111804,0.0014744444444493383
258,800,0.65,0.05,0,0.3,FCS-MI,5.285060499999985,5.294000000001688,5.677999999999884,2.936144722222214
258,800,0.65,0.05,0,0.3,IPW,0.006693500000011625,0.0059999999994033715,0.010000000002037268,0.0037186111111175693
258,800,0.65,0.05,0,0.3,JM-MI,334.7435395,334.188000000001,351.0654999999988,185.96863305555556
258,800,0.65,0.05,0,0.3,Naive,0.0020149999999875784,0.0020000000004074536,0.0029999999997158966,0.0011194444444375437
259,1500,0.25,0.05,0,0.3,AIPW,0.03966099999995851,0.024999999994179234,0.2214999999981951,0.022033888888865837
259,1500,0.25,0.05,0,0.3,CCA,0.004397000000020457,0.0020000000004074536,0.0030000000042491592,0.0024427777777891427
259,1500,0.25,0.05,0,0.3,FCS-MI,6.3382590000000105,6.408500000001368,6.795999999999822,3.5212550000000062
259,1500,0.25,0.05,0,0.3,IPW,0.012138500000051466,0.007000000001426088,0.0380500000002939,0.0067436111111397025
259,1500,0.25,0.05,0,0.3,JM-MI,628.4968754999999,637.900999999998,649.1933499999991,349.1649308333333
259,1500,0.25,0.05,0,0.3,Naive,0.004707499999914362,0.0020000000004074536,0.004000000000019099,0.0026152777777302006
260,1500,0.5,0.05,0,0.3,AIPW,0.03600450000001524,0.02200000000084401,0.22705000000087236,0.02000250000000847
260,1500,0.5,0.05,0,0.3,CCA,0.003173499999977018,0.0020000000004074536,0.0030000000042491592,0.001763055555542788
260,1500,0.5,0.05,0,0.3,FCS-MI,5.860829999999995,5.710500000001048,7.039150000004155,3.256016666666664
260,1500,0.5,0.05,0,0.3,IPW,0.013858999999973549,0.006999999997788109,0.03500000000003638,0.007699444444429749
260,1500,0.5,0.05,0,0.3,JM-MI,548.1882210000001,534.281,637.9728000000015,304.54901166666673
260,1500,0.5,0.05,0,0.3,Naive,0.0032965000000362062,0.0020000000004074536,0.0020000000004074536,0.0018313888889090035
261,1500,0.65,0.05,0,0.3,AIPW,0.03316000000004089,0.023999999997613486,0.05500000000029104,0.018422222222244943
261,1500,0.65,0.05,0,0.3,CCA,0.0037475000000170293,0.0029999999969732016,0.0030000000042491592,0.002081944444453905
261,1500,0.65,0.05,0,0.3,FCS-MI,6.391415000000026,6.508499999998094,7.308150000000842,3.5507861111111256
261,1500,0.65,0.05,0,0.3,IPW,0.010216999999965766,0.007000000001426088,0.011999999998806743,0.0056761111110920914
261,1500,0.65,0.05,0,0.3,JM-MI,595.64766,591.9299999999967,672.7062999999998,330.91536666666667
261,1500,0.65,0.05,0,0.3,Naive,0.0029769999999323224,0.0020000000004074536,0.0029999999969732016,0.00165388888885129
262,500,0.25,0.05,0.02,0.3,AIPW,0.017929999999971486,0.01300000000082946,0.030999999999039574,0.00996111111109527
262,500,0.25,0.05,0.02,0.3,CCA,0.0027109999999938945,0.002999999998792191,0.0030000000006111804,0.0015061111111077192
262,500,0.25,0.05,0.02,0.3,FCS-MI,4.374233500000025,4.357999999999947,4.664999999999964,2.4301297222222362
262,500,0.25,0.05,0.02,0.3,IPW,0.006717500000039152,0.005000000001018634,0.02200000000084401,0.0037319444444661957
262,500,0.25,0.05,0.02,0.3,JM-MI,230.51667449999997,229.98199999999997,234.0981,128.06481916666664
262,500,0.25,0.05,0.02,0.3,Naive,0.002261000000021738,0.0020000000004074536,0.0029999999997016857,0.0012561111111231878
263,500,0.5,0.05,0.02,0.3,AIPW,0.017109499999981622,0.01299999999901047,0.03000000000020009,0.009505277777767569
263,500,0.5,0.05,0.02,0.3,CCA,0.002734500000018163,0.0029999999997016857,0.0030000000006111804,0.0015191666666767572
263,500,0.5,0.05,0.02,0.3,FCS-MI,4.236826500000007,4.195999999999913,4.660099999999861,2.353792500000004
263,500,0.5,0.05,0.02,0.3,IPW,0.006719500000016112,0.005000000001018634,0.02200000000084401,0.0037330555555645066
263,500,0.5,0.05,0.02,0.3,JM-MI,218.17070399999997,215.83749999999964,231.12709999999953,121.20594666666665
263,500,0.5,0.05,0.02,0.3,Naive,0.0021534999999761172,0.0020000000004074536,0.0020000000004074536,0.0011963888888756205
264,500,0.65,0.05,0.02,0.3,AIPW,0.017187499999978186,0.01299999999901047,0.030000000000092085,0.009548611111098993
264,500,0.65,0.05,0.02,0.3,CCA,0.002747500000013721,0.0029999999997016857,0.0030000000006111804,0.0015263888888965118
264,500,0.65,0.05,0.02,0.3,FCS-MI,4.283386499999982,4.227500000000418,4.76815000000006,2.3796591666666567
264,500,0.65,0.05,0.02,0.3,IPW,0.006670500000017569,0.005000000001018634,0.023000000000138243,0.0037058333333430935
264,500,0.65,0.05,0.02,0.3,JM-MI,214.15773950000002,214.15199999999913,221.15679999999992,118.97652194444446
264,500,0.65,0.05,0.02,0.3,Naive,0.002014500000004801,0.0020000000004074536,0.0020000000004074536,0.001119166666669334
265,800,0.25,0.05,0.02,0.3,AIPW,0.01970550000000432,0.016999999999825377,0.02200000000084401,0.0109475000000024
265,800,0.25,0.05,0.02,0.3,CCA,0.002614499999993455,0.0029999999969732016,0.0030000000006111804,0.0014524999999963636
265,800,0.25,0.05,0.02,0.3,FCS-MI,5.278769500000022,5.29399999999805,5.6129999999993965,2.9326497222222345
265,800,0.25,0.05,0.02,0.3,IPW,0.006878500000016203,0.005999999999858119,0.010000000000218279,0.0038213888888978904
265,800,0.25,0.05,0.02,0.3,JM-MI,366.0878485,364.0050000000001,379.62415000000004,203.38213805555557
265,800,0.25,0.05,0.02,0.3,Naive,0.002206000000035527,0.0020000000004074536,0.0030000000006111804,0.001225555555575293
266,800,0.5,0.05,0.02,0.3,AIPW,0.019484000000001913,0.016999999999825377,0.02200000000084401,0.010824444444445507
266,800,0.5,0.05,0.02,0.3,CCA,0.0027829999999968284,0.0029999999997016857,0.0030000000042491592,0.0015461111111093493
266,800,0.5,0.05,0.02,0.3,FCS-MI,5.598008500000036,5.585000000002765,5.97400000000016,3.1100047222222424
266,800,0.5,0.05,0.02,0.3,IPW,0.0071915000000194315,0.006000000001222361,0.011000000000422006,0.0039952777777885725
266,800,0.5,0.05,0.02,0.3,JM-MI,361.46860399999997,359.2389999999996,374.577,200.8158911111111
266,800,0.5,0.05,0.02,0.3,Naive,0.0021699999999875057,0.0020000000004074536,0.0030000000006111804,0.0012055555555486144
267,800,0.65,0.05,0.02,0.3,AIPW,0.019502000000016097,0.017000000003463356,0.023000000001047738,0.010834444444453388
267,800,0.65,0.05,0.02,0.3,CCA,0.002948999999999527,0.0030000000000001137,0.004000000000814907,0.0016383333333330708
267,800,0.65,0.05,0.02,0.3,FCS-MI,5.68927100000001,5.9245000000009895,6.206999999998606,3.160706111111117
267,800,0.65,0.05,0.02,0.3,IPW,0.007412499999965547,0.006000000001222361,0.012000000002444722,0.004118055555536415
267,800,0.65,0.05,0.02,0.3,JM-MI,346.47418550000003,353.8095000000003,365.95320000000123,192.48565861111112
267,800,0.65,0.05,0.02,0.3,Naive,0.0022609999999860715,0.0020000000004074536,0.0030000000006111804,0.001256111111103373
268,1500,0.25,0.05,0.02,0.3,AIPW,0.034989499999973646,0.021999999997206032,0.20105000000094148,0.01943861111109647
268,1500,0.25,0.05,0.02,0.3,CCA,0.002975499999989067,0.0020000000004074536,0.0030000000042491592,0.0016530555555494817
268,1500,0.25,0.05,0.02,0.3,FCS-MI,5.460614500000048,5.32900000000086,6.417100000000222,3.0336747222222495
268,1500,0.25,0.05,0.02,0.3,IPW,0.009720499999957099,0.006999999997788109,0.011000000000422006,0.005400277777753944
268,1500,0.25,0.05,0.02,0.3,JM-MI,571.6142125,565.3670000000002,647.34675,317.5634513888889
268,1500,0.25,0.05,0.02,0.3,Naive,0.004985499999979377,0.0020000000004074536,0.004000000000019099,0.0027697222222107646
269,1500,0.5,0.05,0.02,0.3,AIPW,0.03413949999999909,0.021000000000640284,0.19614999999994312,0.018966388888888384
269,1500,0.5,0.05,0.02,0.3,CCA,0.003036000000031657,0.0020000000004074536,0.0030000000042491592,0.0016866666666842539
269,1500,0.5,0.05,0.02,0.3,FCS-MI,5.693992999999964,5.53650000000016,6.645049999999985,3.163329444444425
269,1500,0.5,0.05,0.02,0.3,IPW,0.01295750000004466,0.006999999997788109,0.03600000000005821,0.007198611111135922
269,1500,0.5,0.05,0.02,0.3,JM-MI,553.8181105,551.2199999999993,613.490650000001,307.67672805555554
269,1500,0.5,0.05,0.02,0.3,Naive,0.00334050000001076,0.0020000000004074536,0.0020000000004074536,0.0018558333333393113
270,1500,0.65,0.05,0.02,0.3,AIPW,0.02897900000003324,0.021999999997206032,0.046999999998661224,0.016099444444462912
270,1500,0.65,0.05,0.02,0.3,CCA,0.0030720000000098663,0.0020000000004074536,0.0030000000042491592,0.001706666666672148
270,1500,0.65,0.05,0.02,0.3,FCS-MI,5.716042500000108,5.59099999999853,6.799399999999968,3.1755791666667266
270,1500,0.65,0.05,0.02,0.3,IPW,0.009169499999977177,0.006999999997788109,0.010999999999967258,0.005094166666653987
270,1500,0.65,0.05,0.02,0.3,JM-MI,524.033141,525.3554999999978,572.0216,291.12952277777777
270,1500,0.65,0.05,0.02,0.3,Naive,0.0027119999999902305,0.0019999999999527063,0.0020000000004074536,0.0015066666666612393
271,500,0.25,0.05,0.05,0.3,AIPW,0.015263500000036841,0.011999999998806743,0.027000000000043656,0.00847972222224269
271,500,0.25,0.05,0.05,0.3,CCA,0.00244250000001354,0.0020000000004074536,0.0030000000006111804,0.0013569444444519667
271,500,0.25,0.05,0.05,0.3,FCS-MI,3.6647894999999875,3.6704999999999472,4.140150000000313,2.0359941666666597
271,500,0.25,0.05,0.05,0.3,IPW,0.005783499999976754,0.00499999999829015,0.016999999999825377,0.0032130555555426417
271,500,0.25,0.05,0.05,0.3,JM-MI,196.91513650000005,190.9659999999999,220.8191,109.39729805555557
271,500,0.25,0.05,0.05,0.3,Naive,0.0018100000000053156,0.0019999999999527063,0.0020000000004074536,0.0010055555555585087
272,500,0.5,0.05,0.05,0.3,AIPW,0.016095999999987173,0.011999999999716238,0.02900000000045111,0.008942222222215095
272,500,0.5,0.05,0.05,0.3,CCA,0.0025950000000026794,0.0020000000004074536,0.0030000000006111804,0.0014416666666681552
272,500,0.5,0.05,0.05,0.3,FCS-MI,3.9089185000000017,3.9010000000007494,4.826049999999157,2.1716213888888896
272,500,0.5,0.05,0.05,0.3,IPW,0.006180499999996329,0.004999999999654392,0.020000000000436557,0.0034336111111090716
272,500,0.5,0.05,0.05,0.3,JM-MI,190.7735455,196.77800000000025,219.42030000000008,105.98530305555556
272,500,0.5,0.05,0.05,0.3,Naive,0.0019025000000012517,0.0019999999999527063,0.0020000000004074536,0.00105694444444514
273,500,0.65,0.05,0.05,0.3,AIPW,0.016272000000008873,0.012000000000625732,0.02900000000045111,0.00904000000000493
273,500,0.65,0.05,0.05,0.3,CCA,0.002717500000002101,0.002999999998792191,0.0030000000006111804,0.0015097222222233892
273,500,0.65,0.05,0.05,0.3,FCS-MI,4.252810500000001,4.27399999999966,4.679000000000087,2.362672500000001
273,500,0.65,0.05,0.05,0.3,IPW,0.006587999999984263,0.005000000000109139,0.021999999999934516,0.003659999999991257
273,500,0.65,0.05,0.05,0.3,JM-MI,208.63280450000002,208.41650000000027,219.30410000000012,115.90711361111113
273,500,0.65,0.05,0.05,0.3,Naive,0.001992499999990138,0.0019999999999527063,0.0020000000004074536,0.0011069444444389656
274,800,0.25,0.05,0.05,0.3,AIPW,0.01733649999999548,0.015000000000327418,0.021000000000640284,0.009631388888886379
274,800,0.25,0.05,0.05,0.3,CCA,0.0022475000000083973,0.0020000000004074536,0.0030000000006111804,0.0012486111111157763
274,800,0.25,0.05,0.05,0.3,FCS-MI,4.417270999999975,4.455500000000029,5.2150000000001455,2.4540394444444305
274,800,0.25,0.05,0.05,0.3,IPW,0.005974999999999511,0.005000000001018634,0.009000000000014552,0.003319444444444173
274,800,0.25,0.05,0.05,0.3,JM-MI,316.0687515,315.9850000000006,358.58524999999963,175.59375083333336
274,800,0.25,0.05,0.05,0.3,Naive,0.001853000000002806,0.0019999999999527063,0.0020000000004074536,0.0010294444444460032
275,800,0.5,0.05,0.05,0.3,AIPW,0.016327000000030126,0.014999999999417923,0.02099999999973079,0.009070555555572292
275,800,0.5,0.05,0.05,0.3,CCA,0.0023240000000039995,0.0020000000004074536,0.0030000000006111804,0.0012911111111133331
275,800,0.5,0.05,0.05,0.3,FCS-MI,4.531150500000012,4.396000000000299,5.933149999998931,2.5173058333333405
275,800,0.5,0.05,0.05,0.3,IPW,0.006090500000008945,0.005000000001018634,0.009999999999774899,0.0033836111111160802
275,800,0.5,0.05,0.05,0.3,JM-MI,297.046543,293.5764999999983,356.1141999999999,165.02585722222221
275,800,0.5,0.05,0.05,0.3,Naive,0.00182550000000677,0.0019999999999527063,0.0029999999997016857,0.0010141666666704278
276,800,0.65,0.05,0.05,0.3,AIPW,0.018027999999989476,0.01599999999962165,0.021000000000640284,0.01001555555554971
276,800,0.65,0.05,0.05,0.3,CCA,0.002694000000049941,0.0020000000004074536,0.0030000000042491592,0.001496666666694412
276,800,0.65,0.05,0.05,0.3,FCS-MI,4.930276499999975,5.018000000000029,5.756300000001192,2.7390424999999863
276,800,0.65,0.05,0.05,0.3,IPW,0.006725000000023983,0.0059999999994033715,0.011000000000097997,0.0037361111111244346
276,800,0.65,0.05,0.05,0.3,JM-MI,323.6537645,331.7434999999999,360.35860000000014,179.80764694444443
276,800,0.65,0.05,0.05,0.3,Naive,0.0019414999999675703,0.0020000000004074536,0.0029999999969732016,0.0010786111110930947
277,1500,0.25,0.05,0.05,0.3,AIPW,0.034689499999998534,0.021000000000640284,0.1430000000000291,0.01927194444444363
277,1500,0.25,0.05,0.05,0.3,CCA,0.004484499999989478,0.0020000000004074536,0.0030000000042491592,0.0024913888888830433
277,1500,0.25,0.05,0.05,0.3,FCS-MI,5.573847499999937,5.266999999999825,7.2431000000021415,3.0965819444444094
277,1500,0.25,0.05,0.05,0.3,IPW,0.011091000000000803,0.006999999997788109,0.014999999999417923,0.0061616666666671135
277,1500,0.25,0.05,0.05,0.3,JM-MI,571.2249495,566.6139999999996,659.9637000000052,317.34719416666667
277,1500,0.25,0.05,0.05,0.3,Naive,0.004962999999970504,0.0020000000004074536,0.003000000000793079,0.0027572222222058355
278,1500,0.5,0.05,0.05,0.3,AIPW,0.03379100000006855,0.02200000000448199,0.1500999999999748,0.01877277777781586
278,1500,0.5,0.05,0.05,0.3,CCA,0.003563500000021855,0.0020000000004074536,0.0030000000042491592,0.001979722222234364
278,1500,0.5,0.05,0.05,0.3,FCS-MI,5.906858499999938,5.726500000000669,6.908999999999696,3.281588055555521
278,1500,0.5,0.05,0.05,0.3,IPW,0.012302999999959183,0.006999999999607098,0.014000000002852175,0.0068349999999773245
278,1500,0.5,0.05,0.05,0.3,JM-MI,586.9935305,587.9745000000003,666.940749999999,326.10751694444446
278,1500,0.5,0.05,0.05,0.3,Naive,0.003221500000038449,0.0020000000004074536,0.0020500000002356953,0.0017897222222435826
279,1500,0.65,0.05,0.05,0.3,AIPW,0.029742999999909103,0.021999999999934516,0.046000000000276486,0.01652388888883839
279,1500,0.65,0.05,0.05,0.3,CCA,0.0033415000000074605,0.0020000000004074536,0.0030000000042491592,0.0018563888888930337
279,1500,0.65,0.05,0.05,0.3,FCS-MI,5.863526499999971,5.697999999996682,7.142050000000183,3.2575147222222065
279,1500,0.65,0.05,0.05,0.3,IPW,0.009424500000099499,0.006999999997788109,0.011000000002240995,0.005235833333388611
279,1500,0.65,0.05,0.05,0.3,JM-MI,549.212089,533.4304999999986,642.1786499999998,305.1178272222222
279,1500,0.65,0.05,0.05,0.3,Naive,0.002838000000022883,0.0020000000004074536,0.0020000000004074536,0.0015766666666793795
280,500,0.25,0.05,0.1,0.3,AIPW,0.014969499999982532,0.011000000000422006,0.02599999999983993,0.008316388888879185
280,500,0.25,0.05,0.1,0.3,CCA,0.002271499999995524,0.0020000000004074536,0.0030000000006111804,0.001261944444441958
280,500,0.25,0.05,0.1,0.3,FCS-MI,3.4502154999999974,3.3690000000005966,4.267450000000065,1.9167863888888872
280,500,0.25,0.05,0.1,0.3,IPW,0.005828500000037053,0.004000000000814907,0.01900000000023283,0.0032380555555761407
280,500,0.25,0.05,0.1,0.3,JM-MI,184.01030199999997,184.34049999999934,211.3167,102.22794555555554
280,500,0.25,0.05,0.1,0.3,Naive,0.0017824999999906867,0.001999999999497959,0.0020000000004074536,9.902777777726038e-4
281,500,0.5,0.05,0.1,0.3,AIPW,0.015067500000008494,0.011000000000422006,0.027000000000043656,0.008370833333338053
281,500,0.5,0.05,0.1,0.3,CCA,0.002448000000008456,0.0020000000004074536,0.0030000000006111804,0.0013600000000046977
281,500,0.5,0.05,0.1,0.3,FCS-MI,3.683769500000014,3.5900000000001455,4.434199999999976,2.046538611111119
281,500,0.5,0.05,0.1,0.3,IPW,0.00626900000000397,0.004999999999199645,0.021000000000640284,0.0034827777777799835
281,500,0.5,0.05,0.1,0.3,JM-MI,187.11435799999998,183.4425000000001,209.156,103.9524211111111
281,500,0.5,0.05,0.1,0.3,Naive,0.0017974999999960729,0.001999999999497959,0.0020000000004074536,9.986111111089293e-4
282,500,0.65,0.05,0.1,0.3,AIPW,0.017135500000011645,0.012999999999919964,0.0319999999992433,0.009519722222228692
282,500,0.65,0.05,0.1,0.3,CCA,0.0027974999999871306,0.0029999999997016857,0.0030000000006111804,0.001554166666659517
282,500,0.65,0.05,0.1,0.3,FCS-MI,4.461600500000003,4.481499999999983,5.076049999999157,2.478666944444446
282,500,0.65,0.05,0.1,0.3,IPW,0.006810999999990856,0.005000000001018634,0.022999999999251487,0.0037838888888838086
282,500,0.65,0.05,0.1,0.3,JM-MI,215.7893645,217.51750000000015,229.1704000000018,119.88298027777778
282,500,0.65,0.05,0.1,0.3,Naive,0.002097499999987979,0.0020000000004074536,0.002999999999988745,0.0011652777777710994
283,800,0.25,0.05,0.1,0.3,AIPW,0.01740499999998673,0.015000000000327418,0.020000000000436557,0.009669444444437071
283,800,0.25,0.05,0.1,0.3,CCA,0.002248000000014439,0.0020000000004074536,0.0030000000006111804,0.0012488888888969106
283,800,0.25,0.05,0.1,0.3,FCS-MI,4.4251434999999635,4.368999999999687,5.005100000000959,2.4584130555555355
283,800,0.25,0.05,0.1,0.3,IPW,0.005874500000007629,0.005000000001018634,0.008999999998195563,0.003263611111115349
283,800,0.25,0.05,0.1,0.3,JM-MI,327.0572205,327.4254999999994,347.50619999999975,181.69845583333333
283,800,0.25,0.05,0.1,0.3,Naive,0.0018655000000258569,0.0020000000004074536,0.0020000000004074536,0.0010363888889032538
284,800,0.5,0.05,0.1,0.3,AIPW,0.018000500000008687,0.016500000001542503,0.02200000000084401,0.010000277777782602
284,800,0.5,0.05,0.1,0.3,CCA,0.0025879999999821293,0.0020000000004074536,0.0030000000042491592,0.0014377777777678494
284,800,0.5,0.05,0.1,0.3,FCS-MI,4.986337000000043,5.198500000000422,5.709149999998954,2.7701872222222463
284,800,0.5,0.05,0.1,0.3,IPW,0.0066770000000242365,0.0059999999994033715,0.010000000000309229,0.003709444444457909
284,800,0.5,0.05,0.1,0.3,JM-MI,337.36116749999997,351.11199999999826,366.9408500000003,187.42287083333332
284,800,0.5,0.05,0.1,0.3,Naive,0.0020154999999970075,0.0020000000004074536,0.0030000000006111804,0.0011197222222205595
285,800,0.65,0.05,0.1,0.3,AIPW,0.017642499999991484,0.01599999999962165,0.02200000000084401,0.009801388888884158
285,800,0.65,0.05,0.1,0.3,CCA,0.0025820000000094474,0.0020000000004074536,0.0039999999999054126,0.001434444444449693
285,800,0.65,0.05,0.1,0.3,FCS-MI,4.886091500000014,5.0810000000010405,5.832150000002002,2.7144952777777855
285,800,0.65,0.05,0.1,0.3,IPW,0.006587499999936114,0.005999999997584382,0.010000000000218279,0.0036597222221867298
285,800,0.65,0.05,0.1,0.3,JM-MI,316.41611400000005,310.3024999999998,358.38269999999943,175.78673
285,800,0.65,0.05,0.1,0.3,Naive,0.0019279999999650295,0.0020000000004074536,0.0030000000006111804,0.001071111111091683
286,1500,0.25,0.05,0.1,0.3,AIPW,0.034073000000056225,0.021000000000640284,0.15605000000005587,0.018929444444475682
286,1500,0.25,0.05,0.1,0.3,CCA,0.0034615000000399847,0.0020000000004074536,0.0030000000042491592,0.0019230555555777695
286,1500,0.25,0.05,0.1,0.3,FCS-MI,5.448102000000045,5.282999999999845,6.569100000000178,3.026723333333358
286,1500,0.25,0.05,0.1,0.3,IPW,0.010540999999988684,0.006999999997788109,0.012000000000716682,0.005856111111104825
286,1500,0.25,0.05,0.1,0.3,JM-MI,561.9258805,579.8069999999989,637.032000000005,312.1810447222222
286,1500,0.25,0.05,0.1,0.3,Naive,0.004402499999995013,0.0020000000004074536,0.0030000000042491592,0.002445833333330563
287,1500,0.5,0.05,0.1,0.3,AIPW,0.03335750000010725,0.024000000001251465,0.04805000000069408,0.01853194444450403
287,1500,0.5,0.05,0.1,0.3,CCA,0.0038830000000123475,0.0029999999969732016,0.0030000000042491592,0.002157222222229082
287,1500,0.5,0.05,0.1,0.3,FCS-MI,6.485120999999982,6.595000000000482,7.560049999999933,3.60284499999999
287,1500,0.5,0.05,0.1,0.3,IPW,0.013589500000003312,0.007999999994353857,0.037050000000181126,0.007549722222224062
287,1500,0.5,0.05,0.1,0.3,JM-MI,591.4014215,606.987000000001,643.91255,328.5563452777777
287,1500,0.5,0.05,0.1,0.3,Naive,0.003024500000051906,0.0020000000004074536,0.0030000000042491592,0.0016802777778066142
288,1500,0.65,0.05,0.1,0.3,AIPW,0.03426350000001707,0.02500000000145519,0.04700000000048021,0.019035277777787265
288,1500,0.65,0.05,0.1,0.3,CCA,0.003534999999924481,0.0029999999969732016,0.004999999999199645,0.001963888888846934
288,1500,0.65,0.05,0.1,0.3,FCS-MI,6.949654500000096,6.677999999999884,9.676999999999726,3.86091916666672
288,1500,0.65,0.05,0.1,0.3,IPW,0.010378000000092072,0.007999999999810825,0.014000000002852175,0.005765555555606707
288,1500,0.65,0.05,0.1,0.3,JM-MI,592.8487005,588.5849999999991,702.2910499999992,329.3603891666666
288,1500,0.65,0.05,0.1,0.3,Naive,0.0036209999999693276,0.0020000000004074536,0.004000000000019099,0.0020116666666496266
289,500,0.25,0.1,0,0.3,AIPW,0.021267499999986412,0.015000000001236913,0.040000000000873115,0.01181527777777023
289,500,0.25,0.1,0,0.3,CCA,0.0033319999999945615,0.0030000000006111804,0.005000000001018634,0.0018511111111080896
289,500,0.25,0.1,0,0.3,FCS-MI,5.326267499999987,5.572000000000116,6.141000000001532,2.959037499999993
289,500,0.25,0.1,0,0.3,IPW,0.008013500000031513,0.006000000001222361,0.024000000000387444,0.004451944444461952
289,500,0.25,0.1,0,0.3,JM-MI,233.95965250000003,242.9404999999997,244.60539999999966,129.97758472222225
289,500,0.25,0.1,0,0.3,Naive,0.002876999999982375,0.0020000000004074536,0.004000000000814907,0.0015983333333235415
290,500,0.5,0.1,0,0.3,AIPW,0.020182500000000603,0.013999999999214197,0.03499999999994543,0.011212500000000333
290,500,0.5,0.1,0,0.3,CCA,0.0030284999999621418,0.0029999999999290594,0.004000000000814907,0.0016824999999789675
290,500,0.5,0.1,0,0.3,FCS-MI,4.672933500000036,4.463000000000079,6.568900000000212,2.5960741666666864
290,500,0.5,0.1,0,0.3,IPW,0.0077014999999989444,0.0059999999994033715,0.023999999999432475,0.004278611111110524
290,500,0.5,0.1,0,0.3,JM-MI,215.3362405,215.64650000000017,231.48159999999982,119.63124472222222
290,500,0.5,0.1,0,0.3,Naive,0.002288499999972851,0.0020000000004074536,0.0030000000006111804,0.0012713888888738062
291,500,0.65,0.1,0,0.3,AIPW,0.017648999999983046,0.012999999999919964,0.0319999999992433,0.009804999999990582
291,500,0.65,0.1,0,0.3,CCA,0.0030270000000194495,0.0029999999997016857,0.0030000000006111804,0.001681666666677472
291,500,0.65,0.1,0,0.3,FCS-MI,4.453284999999987,4.409499999999753,4.915049999999974,2.474047222222215
291,500,0.65,0.1,0,0.3,IPW,0.007113999999999621,0.005000000001018634,0.023999999997704437,0.003952222222222012
291,500,0.65,0.1,0,0.3,JM-MI,213.78455050000002,210.53150000000005,231.2787,118.76919472222222
291,500,0.65,0.1,0,0.3,Naive,0.0021204999999619883,0.0020000000004074536,0.0029999999988376655,0.001178055555534438
292,800,0.25,0.1,0,0.3,AIPW,0.017936000000026896,0.01599999999962165,0.02299999999922875,0.009964444444459385
292,800,0.25,0.1,0,0.3,CCA,0.002375499999976802,0.0020000000004074536,0.0030000000006111804,0.0013197222222093347
292,800,0.25,0.1,0,0.3,FCS-MI,4.53919749999997,4.577000000001135,5.32900000000003,2.5217763888888722
292,800,0.25,0.1,0,0.3,IPW,0.006340999999986224,0.005000000001018634,0.009000000001833541,0.0035227777777701243
292,800,0.25,0.1,0,0.3,JM-MI,319.7120645,328.1060000000007,368.7173000000001,177.6178136111111
292,800,0.25,0.1,0,0.3,Naive,0.001979500000045554,0.0020000000004074536,0.0029999999999347437,0.00109972222224753
293,800,0.5,0.1,0,0.3,AIPW,0.016844499999972385,0.014999999999417923,0.02200000000084401,0.009358055555540213
293,800,0.5,0.1,0,0.3,CCA,0.002386999999989817,0.0020000000004074536,0.0030000000006111804,0.0013261111111054539
293,800,0.5,0.1,0,0.3,FCS-MI,4.64249700000003,4.493500000000267,5.872999999999638,2.579165000000017
293,800,0.5,0.1,0,0.3,IPW,0.006180000000015951,0.005000000001018634,0.010000000000218279,0.003433333333342195
293,800,0.5,0.1,0,0.3,JM-MI,298.460151,297.7340000000004,357.0041000000008,165.81119499999997
293,800,0.5,0.1,0,0.3,Naive,0.0019184999999967258,0.0020000000004074536,0.0030000000006111804,0.0010658333333315143
294,800,0.65,0.1,0,0.3,AIPW,0.01749399999999176,0.015000000003055902,0.02200000000084401,0.00971888888888431
294,800,0.65,0.1,0,0.3,CCA,0.002582499999993851,0.0020000000004074536,0.003999999998995918,0.001434722222218806
294,800,0.65,0.1,0,0.3,FCS-MI,5.025765000000016,5.110499999998865,6.060299999999506,2.7920916666666753
294,800,0.65,0.1,0,0.3,IPW,0.00687599999996462,0.005999999997584382,0.015000000003055902,0.0038199999999803443
294,800,0.65,0.1,0,0.3,JM-MI,311.6684055,317.5005000000001,362.57695000000035,173.14911416666666
294,800,0.65,0.1,0,0.3,Naive,0.001976000000020712,0.0020000000004074536,0.0030000000006111804,0.0010977777777892845
295,1500,0.25,0.1,0,0.3,AIPW,0.03461150000010332,0.02200000000084401,0.13305000000003697,0.01922861111116851
295,1500,0.25,0.1,0,0.3,CCA,0.0036114999999831894,0.0020000000004074536,0.0030000000042491592,0.00200638888887955
295,1500,0.25,0.1,0,0.3,FCS-MI,5.833867999999945,5.518000000000029,7.516250000000537,3.241037777777747
295,1500,0.25,0.1,0,0.3,IPW,0.012722000000031642,0.006999999999607098,0.02999999999979082,0.007067777777795357
295,1500,0.25,0.1,0,0.3,JM-MI,562.395164,532.1294999999973,656.7403999999998,312.44175777777775
295,1500,0.25,0.1,0,0.3,Naive,0.004723500000006482,0.0020000000004074536,0.004999999999239435,0.0026241666666702674
296,1500,0.5,0.1,0,0.3,AIPW,0.0406814999999558,0.02500000000145519,0.1718500000001003,0.02260083333330878
296,1500,0.5,0.1,0,0.3,CCA,0.004094999999943318,0.0029999999969732016,0.004000000000814907,0.00227499999996851
296,1500,0.5,0.1,0,0.3,FCS-MI,6.747853500000058,6.858000000000175,7.3940000000000055,3.7488075000000323
296,1500,0.5,0.1,0,0.3,IPW,0.014731500000037897,0.007999999999810825,0.016999999999825377,0.00818416666668772
296,1500,0.5,0.1,0,0.3,JM-MI,622.375679,621.0420000000013,664.5601500000004,345.7642661111111
296,1500,0.5,0.1,0,0.3,Naive,0.004524499999961768,0.0020000000004074536,0.0030000000042491592,0.002513611111089871
297,1500,0.65,0.1,0,0.3,AIPW,0.03471600000000842,0.02500000000145519,0.055050000000301184,0.019286666666671344
297,1500,0.65,0.1,0,0.3,CCA,0.0033809999999597014,0.0029999999969732016,0.004000000000814907,0.0018783333333109455
297,1500,0.65,0.1,0,0.3,FCS-MI,6.640525999999953,6.7629999999990105,7.330049999999954,3.689181111111085
297,1500,0.65,0.1,0,0.3,IPW,0.009671499999980824,0.007999999997991836,0.011999999999716238,0.0053730555555449025
297,1500,0.65,0.1,0,0.3,JM-MI,594.5213005,606.820499999998,621.6610499999996,330.2896113888889
297,1500,0.65,0.1,0,0.3,Naive,0.0030654999999724375,0.0020000000004074536,0.0030000000006111804,0.001703055555540243
298,500,0.25,0.1,0.02,0.3,AIPW,0.0169079999999998,0.012999999999465217,0.03099999999994907,0.009393333333333224
298,500,0.25,0.1,0.02,0.3,CCA,0.00256100000000485,0.0020000000004074536,0.0030000000006111804,0.0014227777777804725
298,500,0.25,0.1,0.02,0.3,FCS-MI,4.108981999999998,4.234000000000151,4.918049999998039,2.2827677777777766
298,500,0.25,0.1,0.02,0.3,IPW,0.006326999999970682,0.005000000000109139,0.019000000000016826,0.0035149999999837117
298,500,0.25,0.1,0.02,0.3,JM-MI,202.51064250000002,209.17949999999973,225.84210000000039,112.50591250000001
298,500,0.25,0.1,0.02,0.3,Naive,0.00201299999999788,0.0020000000004074536,0.0029999999999290594,0.0011183333333321557
299,500,0.5,0.1,0.02,0.3,AIPW,0.01748200000001829,0.012999999999919964,0.0319999999992433,0.009712222222232383
299,500,0.5,0.1,0.02,0.3,CCA,0.002803999999969824,0.0029999999997016857,0.0030000000006111804,0.0015577777777610136
299,500,0.5,0.1,0.02,0.3,FCS-MI,4.450819999999997,4.567999999999756,5.0030000000001795,2.472677777777776
299,500,0.5,0.1,0.02,0.3,IPW,0.0070279999999745685,0.005000000001018634,0.023000000000138243,0.003904444444430316
299,500,0.5,0.1,0.02,0.3,JM-MI,213.725672,218.20599999999922,225.7930999999997,118.73648444444446
299,500,0.5,0.1,0.02,0.3,Naive,0.0020875000000034737,0.0020000000004074536,0.0029999999997016857,0.001159722222224152
300,500,0.65,0.1,0.02,0.3,AIPW,0.016374500000010613,0.012000000000625732,0.029999999999972715,0.00909694444445034
300,500,0.65,0.1,0.02,0.3,CCA,0.002569499999986819,0.0020000000004074536,0.0030000000006111804,0.0014274999999926772
300,500,0.65,0.1,0.02,0.3,FCS-MI,4.110729000000003,4.0974999999998545,4.918150000000019,2.283738333333335
300,500,0.65,0.1,0.02,0.3,IPW,0.006344999999996489,0.005000000000109139,0.021000000000640284,0.0035249999999980492
300,500,0.65,0.1,0.02,0.3,JM-MI,194.56001450000002,197.3050000000003,211.81169999999966,108.08889694444446
300,500,0.65,0.1,0.02,0.3,Naive,0.0019405000000192307,0.0019999999999527063,0.0029999999970641514,0.0010780555555662394
301,800,0.25,0.1,0.02,0.3,AIPW,0.016506500000030684,0.014999999999417923,0.021000000000640284,0.009170277777794824
301,800,0.25,0.1,0.02,0.3,CCA,0.0021610000000397834,0.0020000000004074536,0.0030000000006111804,0.0012005555555776577
301,800,0.25,0.1,0.02,0.3,FCS-MI,4.195311999999997,4.222500000000792,5.123249999999552,2.3307288888888875
301,800,0.25,0.1,0.02,0.3,IPW,0.005648000000005681,0.005000000000109139,0.008999999998286512,0.0031377777777809334
301,800,0.25,0.1,0.02,0.3,JM-MI,292.5958545,284.15300000000207,339.99739999999997,162.55325249999999
301,800,0.25,0.1,0.02,0.3,Naive,0.0017869999999690343,0.001999999999497959,0.0029999999988376655,9.927777777605745e-4
302,800,0.5,0.1,0.02,0.3,AIPW,0.016296499999992706,0.013999999999214197,0.01900000000023283,0.009053611111107057
302,800,0.5,0.1,0.02,0.3,CCA,0.0022364999999782845,0.0020000000004074536,0.0030000000006111804,0.0012424999999879358
302,800,0.5,0.1,0.02,0.3,FCS-MI,4.2875575000000286,4.233000000000175,5.2282999999991935,2.381976388888905
302,800,0.5,0.1,0.02,0.3,IPW,0.005890000000009707,0.005000000000109139,0.009000000000105502,0.0032722222222276148
302,800,0.5,0.1,0.02,0.3,JM-MI,284.1628315,279.1134999999995,327.1889000000003,157.8682397222222
302,800,0.5,0.1,0.02,0.3,Naive,0.0017529999999811843,0.001999999999497959,0.0020000000004074536,9.738888888784357e-4
303,800,0.65,0.1,0.02,0.3,AIPW,0.017200999999977682,0.01599999999962165,0.021000000000640284,0.009556111111098713
303,800,0.65,0.1,0.02,0.3,CCA,0.0025205000000200323,0.0020000000004074536,0.0030000000006111804,0.0014002777777889068
303,800,0.65,0.1,0.02,0.3,FCS-MI,4.922077499999967,5.162000000000262,5.578100000001177,2.7344874999999815
303,800,0.65,0.1,0.02,0.3,IPW,0.00650000000000702,0.005999999997584382,0.010000000002037268,0.003611111111115011
303,800,0.65,0.1,0.02,0.3,JM-MI,311.37991800000003,324.28600000000006,358.20080000000416,172.98884333333334
303,800,0.65,0.1,0.02,0.3,Naive,0.0018985000000068108,0.0020000000004074536,0.002999999998792191,0.001054722222226006
304,1500,0.25,0.1,0.02,0.3,AIPW,0.036427500000048726,0.023999999997613486,0.15505000000008518,0.020237500000027067
304,1500,0.25,0.1,0.02,0.3,CCA,0.004037000000039565,0.0020000000004074536,0.0030000000042491592,0.0022427777777997587
304,1500,0.25,0.1,0.02,0.3,FCS-MI,5.892120000000022,6.074000000000524,6.490099999999779,3.273400000000012
304,1500,0.25,0.1,0.02,0.3,IPW,0.011206000000016559,0.007000000001426088,0.014150000000108638,0.006225555555564755
304,1500,0.25,0.1,0.02,0.3,JM-MI,635.631362,670.7439999999997,680.0122000000024,353.1285344444444
304,1500,0.25,0.1,0.02,0.3,Naive,0.004595999999973806,0.0020000000004074536,0.004000000000019099,0.002553333333318781
305,1500,0.5,0.1,0.02,0.3,AIPW,0.041933999999985136,0.024999999994179234,0.25,0.023296666666658406
305,1500,0.5,0.1,0.02,0.3,CCA,0.0035340000000103214,0.0029999999969732016,0.004000000000814907,0.0019633333333390676
305,1500,0.5,0.1,0.02,0.3,FCS-MI,6.724577499999967,6.5384999999987485,9.133800000001793,3.73587638888887
305,1500,0.5,0.1,0.02,0.3,IPW,0.01581199999997125,0.007999999997991836,0.04199999999948432,0.008784444444428472
305,1500,0.5,0.1,0.02,0.3,JM-MI,621.387588,626.3685000000041,668.6234999999997,345.2153266666667
305,1500,0.5,0.1,0.02,0.3,Naive,0.005792499999957606,0.0020000000004074536,0.004000000000814907,0.0032180555555320033
306,1500,0.65,0.1,0.02,0.3,AIPW,0.03661349999999601,0.02599999999802094,0.06300000000010186,0.020340833333331115
306,1500,0.65,0.1,0.02,0.3,CCA,0.003586000000045285,0.002999999998792191,0.0039999999999054126,0.0019922222222473807
306,1500,0.65,0.1,0.02,0.3,FCS-MI,6.801679499999986,6.714500000001863,7.922999999998922,3.7787108333333257
306,1500,0.65,0.1,0.02,0.3,IPW,0.010670499999975902,0.007999999999810825,0.012000000002444722,0.0059280555555421685
306,1500,0.65,0.1,0.02,0.3,JM-MI,623.927972,612.1670000000013,688.6982500000004,346.6266511111111
306,1500,0.65,0.1,0.02,0.3,Naive,0.003178499999933819,0.0020000000004074536,0.0030000000006111804,0.001765833333296566
307,500,0.25,0.1,0.05,0.3,AIPW,0.01900950000000026,0.014000000001033186,0.03499999999985448,0.010560833333333478
307,500,0.25,0.1,0.05,0.3,CCA,0.002993999999980494,0.0030000000000427463,0.0039999999999054126,0.0016633333333224967
307,500,0.25,0.1,0.05,0.3,FCS-MI,4.758737500000011,4.779999999998836,5.128049999999937,2.6437430555555617
307,500,0.25,0.1,0.05,0.3,IPW,0.007595500000025808,0.0059999999994033715,0.022999999999922235,0.00421972222223656
307,500,0.25,0.1,0.05,0.3,JM-MI,220.21592249999998,219.6914999999999,228.17260000000005,122.34217916666665
307,500,0.25,0.1,0.05,0.3,Naive,0.0023770000000271677,0.0020000000004074536,0.0030000000006111804,0.0013205555555706485
308,500,0.5,0.1,0.05,0.3,AIPW,0.019593000000025014,0.01400000000194268,0.03799999999869215,0.010885000000013897
308,500,0.5,0.1,0.05,0.3,CCA,0.003120000000029421,0.0030000000006111804,0.004000000000814907,0.0017333333333496783
308,500,0.5,0.1,0.05,0.3,FCS-MI,4.844336999999974,4.864000000001397,5.288050000000044,2.691298333333319
308,500,0.5,0.1,0.05,0.3,IPW,0.00792899999998572,0.006000000000312866,0.02505000000128343,0.004404999999992067
308,500,0.5,0.1,0.05,0.3,JM-MI,217.8551485,217.69700000000012,221.4899000000001,121.03063805555556
308,500,0.5,0.1,0.05,0.3,Naive,0.0025480000000034347,0.0020000000004074536,0.0030000000006111804,0.0014155555555574637
309,500,0.65,0.1,0.05,0.3,AIPW,0.019070000000000704,0.014000000000123691,0.03500000000167347,0.010594444444444835
309,500,0.65,0.1,0.05,0.3,CCA,0.003154500000014102,0.0030000000006111804,0.004000000000814907,0.0017525000000078346
309,500,0.65,0.1,0.05,0.3,FCS-MI,4.927218499999985,4.947500000000218,5.4039999999987005,2.737343611111103
309,500,0.65,0.1,0.05,0.3,IPW,0.007762000000014083,0.006000000000312866,0.02599999999983993,0.004312222222230046
309,500,0.65,0.1,0.05,0.3,JM-MI,217.8616715,216.8175000000008,223.57405000000045,121.03426194444444
309,500,0.65,0.1,0.05,0.3,Naive,0.002321499999991689,0.0020000000004074536,0.0030000000006111804,0.001289722222217605
310,800,0.25,0.1,0.05,0.3,AIPW,0.02034449999998054,0.016999999999825377,0.023000000001047738,0.01130249999998919
310,800,0.25,0.1,0.05,0.3,CCA,0.0026164999999699697,0.0029999999969732016,0.0030000000006111804,0.0014536111110944275
310,800,0.25,0.1,0.05,0.3,FCS-MI,5.10858899999996,5.206500000000233,5.695050000000151,2.838104999999978
310,800,0.25,0.1,0.05,0.3,IPW,0.006935000000014838,0.005999999999858119,0.010999999999535248,0.0038527777777860213
310,800,0.25,0.1,0.05,0.3,JM-MI,344.273521,347.76649999999995,357.4762000000007,191.26306722222225
310,800,0.25,0.1,0.05,0.3,Naive,0.0021985000000229013,0.0020000000004074536,0.0030000000006111804,0.0012213888889016117
311,800,0.5,0.1,0.05,0.3,AIPW,0.019707500000001432,0.016999999999825377,0.023000000001047738,0.010948611111111907
311,800,0.5,0.1,0.05,0.3,CCA,0.002790499999967811,0.0029999999997016857,0.0039999999999054126,0.0015502777777598952
311,800,0.5,0.1,0.05,0.3,FCS-MI,5.374641500000009,5.486500000000433,5.983000000000175,2.9859119444444495
311,800,0.5,0.1,0.05,0.3,IPW,0.007107000000025323,0.006000000001222361,0.011000000000422006,0.003948333333347402
311,800,0.5,0.1,0.05,0.3,JM-MI,340.3150175,343.62850000000026,353.33535000000074,189.0638986111111
311,800,0.5,0.1,0.05,0.3,Naive,0.002305000000010326,0.0020000000004074536,0.0030000000006111804,0.0012805555555612923
312,800,0.65,0.1,0.05,0.3,AIPW,0.020666499999973355,0.018000000000029104,0.02499999999790816,0.011481388888874086
312,800,0.65,0.1,0.05,0.3,CCA,0.0028954999999899708,0.0029999999999290594,0.004000000000814907,0.0016086111111055393
312,800,0.65,0.1,0.05,0.3,FCS-MI,5.722754499999985,5.702999999997701,6.527050000000053,3.179308055555547
312,800,0.65,0.1,0.05,0.3,IPW,0.007590499999986264,0.006000000001222361,0.01599999999962165,0.004216944444436813
312,800,0.65,0.1,0.05,0.3,JM-MI,342.9872985,340.46450000000004,370.8259000000006,190.5484991666667
312,800,0.65,0.1,0.05,0.3,Naive,0.002243499999994584,0.0020000000004074536,0.0030000000006111804,0.00124638888888588
313,1500,0.25,0.1,0.05,0.3,AIPW,0.040704499999970604,0.02500000000145519,0.22929999999942055,0.02261361111109478
313,1500,0.25,0.1,0.05,0.3,CCA,0.0043464999999485426,0.0020000000004074536,0.0030000000042491592,0.0024147222221936352
313,1500,0.25,0.1,0.05,0.3,FCS-MI,6.49386000000005,6.536000000000058,6.995300000000123,3.6077000000000283
313,1500,0.25,0.1,0.05,0.3,IPW,0.012253999999910377,0.0070000000050640665,0.014000000001033186,0.006807777777727987
313,1500,0.25,0.1,0.05,0.3,JM-MI,648.6443435000001,645.5149999999976,687.19665,360.3579686111112
313,1500,0.25,0.1,0.05,0.3,Naive,0.005723000000026473,0.0020000000004074536,0.005000000000046612,0.0031794444444591522
314,1500,0.5,0.1,0.05,0.3,AIPW,0.0410185000000514,0.02500000000145519,0.2280500000026222,0.02278805555558411
314,1500,0.5,0.1,0.05,0.3,CCA,0.004683500000048476,0.0029999999969732016,0.0030000000042491592,0.0026019444444713756
314,1500,0.5,0.1,0.05,0.3,FCS-MI,6.62970399999998,6.936499999998887,7.486999999997442,3.683168888888878
314,1500,0.5,0.1,0.05,0.3,IPW,0.014729000000032784,0.007999999997991836,0.018349999999918192,0.008182777777795991
314,1500,0.5,0.1,0.05,0.3,JM-MI,617.9065479999999,632.6250000000036,698.9614000000016,343.28141555555555
314,1500,0.5,0.1,0.05,0.3,Naive,0.003759500000041284,0.0020000000004074536,0.0030000000006111804,0.0020886111111340466
315,1500,0.65,0.1,0.05,0.3,AIPW,0.03665599999994646,0.02500000000145519,0.06099999999969441,0.0203644444444147
315,1500,0.65,0.1,0.05,0.3,CCA,0.003681500000053777,0.0029999999969732016,0.004000000000814907,0.002045277777807654
315,1500,0.65,0.1,0.05,0.3,FCS-MI,6.779288499999936,6.7225000000016735,8.009200000000009,3.7662713888888533
315,1500,0.65,0.1,0.05,0.3,IPW,0.010429999999995915,0.007999999994353857,0.01299999999901047,0.005794444444442174
315,1500,0.65,0.1,0.05,0.3,JM-MI,590.3060435000001,590.9465,649.8364500000009,327.94780194444445
315,1500,0.65,0.1,0.05,0.3,Naive,0.003345500000034222,0.0020000000004074536,0.0030000000006111804,0.0018586111111301236
316,500,0.25,0.1,0.1,0.3,AIPW,0.01876799999995859,0.014000000000123691,0.03499999999985448,0.010426666666643662
316,500,0.25,0.1,0.1,0.3,CCA,0.0028295000000125997,0.0029999999997016857,0.0039999999999054126,0.0015719444444514444
316,500,0.25,0.1,0.1,0.3,FCS-MI,4.507528500000009,4.649499999999989,5.204049999999733,2.504182500000005
316,500,0.25,0.1,0.1,0.3,IPW,0.007119000000020705,0.005999999997584382,0.021000000000640284,0.003955000000011503
316,500,0.25,0.1,0.1,0.3,JM-MI,211.350177,219.4945000000007,234.84475000000094,117.416765
316,500,0.25,0.1,0.1,0.3,Naive,0.0023805000000003923,0.0020000000004074536,0.0030000000006111804,0.0013225000000002178
317,500,0.5,0.1,0.1,0.3,AIPW,0.016993000000016165,0.013000000000033651,0.02999999999974534,0.009440555555564537
317,500,0.5,0.1,0.1,0.3,CCA,0.0026225000000213074,0.0020000000004074536,0.0030000000006111804,0.0014569444444562818
317,500,0.5,0.1,0.1,0.3,FCS-MI,4.128739499999993,4.231500000000324,4.602000000000043,2.293744166666663
317,500,0.5,0.1,0.1,0.3,IPW,0.006647999999990972,0.005000000000109139,0.020999999998821295,0.003693333333328318
317,500,0.5,0.1,0.1,0.3,JM-MI,206.119934,202.61950000000115,246.57114999999973,114.51107444444445
317,500,0.5,0.1,0.1,0.3,Naive,0.002081499999968716,0.0019999999999527063,0.0020000000004074536,0.001156388888871509
318,500,0.65,0.1,0.1,0.3,AIPW,0.017353999999997684,0.014999999999417923,0.031999999999715104,0.009641111111109824
318,500,0.65,0.1,0.1,0.3,CCA,0.002801000000017528,0.002999999998792191,0.0030000000006111804,0.001556111111120849
318,500,0.65,0.1,0.1,0.3,FCS-MI,4.3770660000000055,4.688500000000204,5.1301499999999685,2.431703333333336
318,500,0.65,0.1,0.1,0.3,IPW,0.006679500000035531,0.005000000001018634,0.021050000000559475,0.003710833333353073
318,500,0.65,0.1,0.1,0.3,JM-MI,223.80628549999997,243.23899999999975,270.7920500000009,124.33682527777776
318,500,0.65,0.1,0.1,0.3,Naive,0.0020205000000129807,0.0020000000004074536,0.0030000000006111804,0.0011225000000072115
319,800,0.25,0.1,0.1,0.3,AIPW,0.02315749999992343,0.020000000004074536,0.02500000000145519,0.012865277777735239
319,800,0.25,0.1,0.1,0.3,CCA,0.0026404999999492525,0.0029999999969732016,0.0030000000042491592,0.0014669444444162514
319,800,0.25,0.1,0.1,0.3,FCS-MI,5.147995000000021,5.139000000002852,5.336100000000215,2.859997222222234
319,800,0.25,0.1,0.1,0.3,IPW,0.006773000000055333,0.0060000000007676135,0.009999999999331521,0.0037627777778085182
319,800,0.25,0.1,0.1,0.3,JM-MI,435.85796,435.4524999999994,439.0942499999976,242.14331111111113
319,800,0.25,0.1,0.1,0.3,Naive,0.0021664999999976863,0.0020000000004074536,0.0030000000006111804,0.0012036111111098258
320,800,0.5,0.1,0.1,0.3,AIPW,0.023191500000029265,0.02099999999973079,0.02600000000165892,0.012884166666682925
320,800,0.5,0.1,0.1,0.3,CCA,0.002912000000119899,0.003000000000156433,0.0040000000000000036,0.0016177777778443884
320,800,0.5,0.1,0.1,0.3,FCS-MI,5.6301564999999085,5.506000000000768,6.357999999999958,3.127864722222171
320,800,0.5,0.1,0.1,0.3,IPW,0.007403999999944204,0.006000000001222361,0.011000000000422006,0.004113333333302336
320,800,0.5,0.1,0.1,0.3,JM-MI,432.37153650000005,432.02050000000054,435.82915000000503,240.2064091666667
320,800,0.5,0.1,0.1,0.3,Naive,0.0022549999999557676,0.0020000000004074536,0.0030000000006111804,0.0012527777777532043
321,800,0.65,0.1,0.1,0.3,AIPW,0.02360050000003915,0.021000000000640284,0.026999999999935652,0.013111388888910638
321,800,0.65,0.1,0.1,0.3,CCA,0.0030645000000242614,0.0030000000006111804,0.004000000000814907,0.0017025000000134784
321,800,0.65,0.1,0.1,0.3,FCS-MI,5.835951999999964,5.731999999999971,7.023349999999941,3.242195555555536
321,800,0.65,0.1,0.1,0.3,IPW,0.007648499999970909,0.006000000001222361,0.012050000002272963,0.004249166666650505
321,800,0.65,0.1,0.1,0.3,JM-MI,430.57252550000004,429.3219999999982,442.02920000000154,239.20695861111113
321,800,0.65,0.1,0.1,0.3,Naive,0.0022880000000034687,0.0020000000004074536,0.0030000000042491592,0.0012711111111130382
322,1500,0.25,0.1,0.1,0.3,AIPW,0.04327199999999152,0.03200000000651926,0.16599999999994566,0.02403999999999529
322,1500,0.25,0.1,0.1,0.3,CCA,0.004265499999954522,0.0029999999969732016,0.003000000011525117,0.0023697222221969565
322,1500,0.25,0.1,0.1,0.3,FCS-MI,6.452523000000008,6.43999999999869,6.714099999999945,3.5847350000000047
322,1500,0.25,0.1,0.1,0.3,IPW,0.011974000000001695,0.008000000001629815,0.012999999999965439,0.006652222222223164
322,1500,0.25,0.1,0.1,0.3,JM-MI,814.4918555,813.6744999999955,820.8941500000005,452.49547527777776
322,1500,0.25,0.1,0.1,0.3,Naive,0.0046810000001009265,0.0020000000004074536,0.003000000011525117,0.0026005555556116258
323,1500,0.5,0.1,0.1,0.3,AIPW,0.04039250000002084,0.031000000002677552,0.06499999998814018,0.02244027777778936
323,1500,0.5,0.1,0.1,0.3,CCA,0.0034060000000489614,0.0029999999969732016,0.003000000011525117,0.001892222222249423
323,1500,0.5,0.1,0.1,0.3,FCS-MI,6.7004489999999155,6.5570000000006985,7.233999999997468,3.7224716666666198
323,1500,0.5,0.1,0.1,0.3,IPW,0.012975999999918712,0.008000000001629815,0.015050000000110185,0.00720888888884373
323,1500,0.5,0.1,0.1,0.3,JM-MI,756.2880755000001,735.1779999999999,810.3296000000015,420.16004194444446
323,1500,0.5,0.1,0.1,0.3,Naive,0.0025160000000078713,0.0020000000004074536,0.002999999999940428,0.0013977777777821508
324,1500,0.65,0.1,0.1,0.3,AIPW,0.03740249999998474,0.0319999999992433,0.037050000003728156,0.02077916666665819
324,1500,0.65,0.1,0.1,0.3,CCA,0.0036815000000274462,0.002999999998792191,0.004000000000814907,0.0020452777777930256
324,1500,0.65,0.1,0.1,0.3,FCS-MI,6.941378500000008,6.795000000003711,7.617049999998562,3.8563213888888934
324,1500,0.65,0.1,0.1,0.3,IPW,0.01056999999998095,0.008000000001629815,0.012050000002272963,0.00587222222221164
324,1500,0.65,0.1,0.1,0.3,JM-MI,730.57523,730.1294999999991,734.9947999999986,405.8751277777778
324,1500,0.65,0.1,0.1,0.3,Naive,0.002903500000025421,0.0020000000004074536,0.0030000000006111804,0.0016130555555696781
